run_id,model_name,feature_type,epochs,lr,batch_size,optimizer,weight_decay,cnn_conv_layers,cnn_filters,cnn_kernel,cnn_dense_layers,cnn_dense_units,cnn_dropout,fan_hidden,fan_layers,d_p_ratio,fan_activation,mlp_scenario,mlp_init_weight,mlp_dropout,kan_hidden,kan_grid,kan_k,kan_lambda,rbf_units,rbf_type,rbf_width_method,rbf_p_neighbors,rbf_fixed_width,rbf_regularization,accuracy_test,f1_score_test,precision_test,recall_test,accuracy_train,f1_score_train,precision_train,recall_train,inference_time_sec,training_time_sec,cpp_code_size_bytes
0,CNN,mfcc,100,0.001,32,adam,1e-5,1,16,3,0,32,0.0,,,,,,,,,,,,,,,,,,0.9186046511627907,0.9187170067810912,0.9191056325016094,0.9186046511627907,1.0,1.0,1.0,1.0,6.306670432867006e-05,6.836151123046875,63345
1,CNN,mfcc,100,0.001,32,adam,1e-5,1,16,3,0,32,0.25,,,,,,,,,,,,,,,,,,0.9116279069767442,0.9116840917751212,0.9138455793427527,0.9116279069767442,1.0,1.0,1.0,1.0,5.5126533951870234e-05,6.6890435218811035,63315
2,CNN,mfcc,100,0.001,32,adam,1e-5,1,16,3,0,64,0.0,,,,,,,,,,,,,,,,,,0.9174418604651163,0.9177620760382116,0.9187548393541062,0.9174418604651163,0.9997089639115251,0.9997089399877002,0.9997099504745367,0.9997089639115251,5.590444387391556e-05,6.760077476501465,63329
3,CNN,mfcc,100,0.001,32,adam,1e-5,1,16,3,0,64,0.25,,,,,,,,,,,,,,,,,,0.9162790697674419,0.9167710520648904,0.9182930942496672,0.9162790697674419,1.0,1.0,1.0,1.0,5.610571351162223e-05,6.768092393875122,63370
4,CNN,mfcc,100,0.001,32,adam,1e-5,1,16,3,0,128,0.0,,,,,,,,,,,,,,,,,,0.9337209302325581,0.9336886982438104,0.9344196213437652,0.9337209302325581,1.0,1.0,1.0,1.0,5.558285602303438e-05,6.785498380661011,63348
5,CNN,mfcc,100,0.001,32,adam,1e-5,1,16,3,0,128,0.25,,,,,,,,,,,,,,,,,,0.9151162790697674,0.9154459330027931,0.9175032213104405,0.9151162790697674,1.0,1.0,1.0,1.0,5.792434825453647e-05,6.80342960357666,63346
6,CNN,mfcc,100,0.001,32,adam,1e-5,1,16,3,1,32,0.0,,,,,,,,,,,,,,,,,,0.9186046511627907,0.9184226310436723,0.9192808288054722,0.9186046511627907,1.0,1.0,1.0,1.0,6.860466890556868e-05,7.48187255859375,160045
7,CNN,mfcc,100,0.001,32,adam,1e-5,1,16,3,1,32,0.25,,,,,,,,,,,,,,,,,,0.9267441860465117,0.9270129607108376,0.9282506173574329,0.9267441860465117,1.0,1.0,1.0,1.0,6.742560586263967e-05,7.37950325012207,160002
8,CNN,mfcc,100,0.001,32,adam,1e-5,1,16,3,1,64,0.0,,,,,,,,,,,,,,,,,,0.9325581395348838,0.9331426144318953,0.9351483014878877,0.9325581395348838,1.0,1.0,1.0,1.0,6.733245627824651e-05,7.197928428649902,310542
9,CNN,mfcc,100,0.001,32,adam,1e-5,1,16,3,1,64,0.25,,,,,,,,,,,,,,,,,,0.9290697674418604,0.9298251311174753,0.9318492471083856,0.9290697674418604,1.0,1.0,1.0,1.0,6.793349288230718e-05,7.55056095123291,310722
10,CNN,mfcc,100,0.001,32,adam,1e-5,1,16,3,1,128,0.0,,,,,,,,,,,,,,,,,,0.9232558139534883,0.9241806827275028,0.9275383603799344,0.9232558139534883,1.0,1.0,1.0,1.0,6.751016128894895e-05,7.660914421081543,611484
11,CNN,mfcc,100,0.001,32,adam,1e-5,1,16,3,1,128,0.25,,,,,,,,,,,,,,,,,,0.9325581395348838,0.9328096689674501,0.9339624248424072,0.9325581395348838,1.0,1.0,1.0,1.0,6.743281386619391e-05,7.6034018993377686,611577
12,CNN,mfcc,100,0.001,32,adam,1e-5,1,16,3,2,32,0.0,,,,,,,,,,,,,,,,,,0.9162790697674419,0.9167172368020461,0.9187325498717445,0.9162790697674419,1.0,1.0,1.0,1.0,7.900193680164426e-05,7.7384724617004395,175555
13,CNN,mfcc,100,0.001,32,adam,1e-5,1,16,3,2,32,0.25,,,,,,,,,,,,,,,,,,0.9127906976744186,0.9127757112416248,0.9135392096719509,0.9127906976744186,1.0,1.0,1.0,1.0,7.868367572163426e-05,8.076833009719849,175653
14,CNN,mfcc,100,0.001,32,adam,1e-5,1,16,3,2,64,0.0,,,,,,,,,,,,,,,,,,0.9267441860465117,0.9268589288356509,0.9272981932006669,0.9267441860465117,1.0,1.0,1.0,1.0,7.906154144641965e-05,8.289661169052124,369496
15,CNN,mfcc,100,0.001,32,adam,1e-5,1,16,3,2,64,0.25,,,,,,,,,,,,,,,,,,0.9302325581395349,0.9306450217688693,0.9321333210553056,0.9302325581395349,1.0,1.0,1.0,1.0,7.989545201146326e-05,7.922978639602661,369645
16,CNN,mfcc,100,0.001,32,adam,1e-5,1,16,3,2,128,0.0,,,,,,,,,,,,,,,,,,0.9325581395348838,0.9327537473863128,0.9338710389549837,0.9325581395348838,1.0,1.0,1.0,1.0,7.876518160797828e-05,8.299193143844604,845613
17,CNN,mfcc,100,0.001,32,adam,1e-5,1,16,3,2,128,0.25,,,,,,,,,,,,,,,,,,0.9255813953488372,0.926013681515147,0.9276090651400909,0.9255813953488372,1.0,1.0,1.0,1.0,8.044769597607989e-05,7.904653549194336,845079
18,CNN,mfcc,100,0.001,32,adam,1e-5,1,16,5,0,32,0.0,,,,,,,,,,,,,,,,,,0.9046511627906977,0.9050260809869405,0.9063938911726552,0.9046511627906977,1.0,1.0,1.0,1.0,5.942305853200513e-05,6.627690076828003,45243
19,CNN,mfcc,100,0.001,32,adam,1e-5,1,16,5,0,32,0.25,,,,,,,,,,,,,,,,,,0.9046511627906977,0.9047154950165895,0.9055007832773359,0.9046511627906977,1.0,1.0,1.0,1.0,5.841310634169468e-05,6.215859413146973,45240
20,CNN,mfcc,100,0.001,32,adam,1e-5,1,16,5,0,64,0.0,,,,,,,,,,,,,,,,,,0.8965116279069767,0.8969281442191007,0.8992230510230161,0.8965116279069767,1.0,1.0,1.0,1.0,5.897838015889012e-05,6.6011962890625,45223
21,CNN,mfcc,100,0.001,32,adam,1e-5,1,16,5,0,64,0.25,,,,,,,,,,,,,,,,,,0.8953488372093024,0.8960575455155659,0.8997280168075454,0.8953488372093024,0.9997089639115251,0.9997089605096732,0.9997099504745367,0.9997089639115251,5.880206130271734e-05,6.668826341629028,45247
22,CNN,mfcc,100,0.001,32,adam,1e-5,1,16,5,0,128,0.0,,,,,,,,,,,,,,,,,,0.9244186046511628,0.9247548143734274,0.9261815434067542,0.9244186046511628,1.0,1.0,1.0,1.0,5.8230411174685455e-05,6.185646057128906,45250
23,CNN,mfcc,100,0.001,32,adam,1e-5,1,16,5,0,128,0.25,,,,,,,,,,,,,,,,,,0.9093023255813953,0.9100418559652435,0.9129934820940587,0.9093023255813953,1.0,1.0,1.0,1.0,5.885334902031477e-05,6.646578311920166,45230
24,CNN,mfcc,100,0.001,32,adam,1e-5,1,16,5,1,32,0.0,,,,,,,,,,,,,,,,,,0.8825581395348837,0.881696187641813,0.8882165251624401,0.8825581395348837,0.979336437718277,0.9793429123374102,0.980454969401045,0.979336437718277,7.055304771245912e-05,7.366404294967651,105843
25,CNN,mfcc,100,0.001,32,adam,1e-5,1,16,5,1,32,0.25,,,,,,,,,,,,,,,,,,0.8895348837209303,0.8893112558799924,0.8899394050478532,0.8895348837209303,1.0,1.0,1.0,1.0,7.031546082607536e-05,7.200337648391724,105836
26,CNN,mfcc,100,0.001,32,adam,1e-5,1,16,5,1,64,0.0,,,,,,,,,,,,,,,,,,0.9058139534883721,0.9062824453160797,0.9078295490983479,0.9058139534883721,1.0,1.0,1.0,1.0,7.10900439772495e-05,6.96323299407959,198552
27,CNN,mfcc,100,0.001,32,adam,1e-5,1,16,5,1,64,0.25,,,,,,,,,,,,,,,,,,0.9046511627906977,0.9050636023900979,0.9073256886677099,0.9046511627906977,1.0,1.0,1.0,1.0,6.990515908529592e-05,7.395652532577515,198423
28,CNN,mfcc,100,0.001,32,adam,1e-5,1,16,5,1,128,0.0,,,,,,,,,,,,,,,,,,0.9162790697674419,0.9169837776771723,0.9188367600973578,0.9162790697674419,1.0,1.0,1.0,1.0,7.00986662576365e-05,7.321792364120483,383450
29,CNN,mfcc,100,0.001,32,adam,1e-5,1,16,5,1,128,0.25,,,,,,,,,,,,,,,,,,0.9081395348837209,0.9086307628980698,0.910548085597218,0.9081395348837209,1.0,1.0,1.0,1.0,7.164533748183139e-05,7.5169618129730225,383814
30,CNN,mfcc,100,0.001,32,adam,1e-5,1,16,5,2,32,0.0,,,,,,,,,,,,,,,,,,0.8825581395348837,0.8829236068603766,0.8841088657704741,0.8825581395348837,1.0,1.0,1.0,1.0,8.292031842608785e-05,7.896999835968018,121370
31,CNN,mfcc,100,0.001,32,adam,1e-5,1,16,5,2,32,0.25,,,,,,,,,,,,,,,,,,0.8802325581395349,0.8800838790638884,0.880915729024974,0.8802325581395349,1.0,1.0,1.0,1.0,8.118568464767101e-05,7.9398651123046875,121249
32,CNN,mfcc,100,0.001,32,adam,1e-5,1,16,5,2,64,0.0,,,,,,,,,,,,,,,,,,0.9034883720930232,0.903515074004698,0.90412868692855,0.9034883720930232,1.0,1.0,1.0,1.0,8.465134820272756e-05,8.080228567123413,257521
33,CNN,mfcc,100,0.001,32,adam,1e-5,1,16,5,2,64,0.25,,,,,,,,,,,,,,,,,,0.891860465116279,0.8918573212650333,0.89305691831009,0.891860465116279,1.0,1.0,1.0,1.0,8.201155551644259e-05,8.052151203155518,257649
34,CNN,mfcc,100,0.001,32,adam,1e-5,1,16,5,2,128,0.0,,,,,,,,,,,,,,,,,,0.9081395348837209,0.9085461556677538,0.9100895075005739,0.9081395348837209,1.0,1.0,1.0,1.0,8.306198341901912e-05,7.758132219314575,617047
35,CNN,mfcc,100,0.001,32,adam,1e-5,1,16,5,2,128,0.25,,,,,,,,,,,,,,,,,,0.913953488372093,0.9143191102695968,0.9157452759808951,0.913953488372093,1.0,1.0,1.0,1.0,8.174790892490121e-05,7.667357444763184,616963
36,CNN,mfcc,100,0.001,32,adam,1e-5,1,32,3,0,32,0.0,,,,,,,,,,,,,,,,,,0.9395348837209302,0.9395385084923337,0.9401223595466152,0.9395348837209302,1.0,1.0,1.0,1.0,5.7186082352039424e-05,6.779544830322266,119937
37,CNN,mfcc,100,0.001,32,adam,1e-5,1,32,3,0,32,0.25,,,,,,,,,,,,,,,,,,0.9511627906976744,0.951287735797856,0.9518062364655693,0.9511627906976744,1.0,1.0,1.0,1.0,5.544174549191497e-05,6.791822671890259,119862
38,CNN,mfcc,100,0.001,32,adam,1e-5,1,32,3,0,64,0.0,,,,,,,,,,,,,,,,,,0.9313953488372093,0.9315211245172067,0.932393254023329,0.9313953488372093,1.0,1.0,1.0,1.0,5.603779193966888e-05,6.81368613243103,119879
39,CNN,mfcc,100,0.001,32,adam,1e-5,1,32,3,0,64,0.25,,,,,,,,,,,,,,,,,,0.9476744186046512,0.9480213254385155,0.949322642194312,0.9476744186046512,1.0,1.0,1.0,1.0,5.543121071748955e-05,6.820285320281982,119876
40,CNN,mfcc,100,0.001,32,adam,1e-5,1,32,3,0,128,0.0,,,,,,,,,,,,,,,,,,0.9430232558139535,0.9431608583412974,0.9435916104029191,0.9430232558139535,1.0,1.0,1.0,1.0,5.617751631625863e-05,6.7959253787994385,119898
41,CNN,mfcc,100,0.001,32,adam,1e-5,1,32,3,0,128,0.25,,,,,,,,,,,,,,,,,,0.9406976744186046,0.9409883019329395,0.9426474471115363,0.9406976744186046,1.0,1.0,1.0,1.0,5.626013112622638e-05,6.828646421432495,119956
42,CNN,mfcc,100,0.001,32,adam,1e-5,1,32,3,1,32,0.0,,,,,,,,,,,,,,,,,,0.9395348837209302,0.9397485676942151,0.9407458880582018,0.9395348837209302,1.0,1.0,1.0,1.0,6.847326145615689e-05,7.255869388580322,307100
43,CNN,mfcc,100,0.001,32,adam,1e-5,1,32,3,1,32,0.25,,,,,,,,,,,,,,,,,,0.9418604651162791,0.9419883335772551,0.9433146647255652,0.9418604651162791,1.0,1.0,1.0,1.0,6.739760554114054e-05,7.049610614776611,307348
44,CNN,mfcc,100,0.001,32,adam,1e-5,1,32,3,1,64,0.0,,,,,,,,,,,,,,,,,,0.9395348837209302,0.9394875030298423,0.9398068167823469,0.9395348837209302,1.0,1.0,1.0,1.0,6.974990977797397e-05,7.275921106338501,602505
45,CNN,mfcc,100,0.001,32,adam,1e-5,1,32,3,1,64,0.25,,,,,,,,,,,,,,,,,,0.9430232558139535,0.9433061868496483,0.9440183918866573,0.9430232558139535,1.0,1.0,1.0,1.0,6.902966388436252e-05,7.044396638870239,602589
46,CNN,mfcc,100,0.001,32,adam,1e-5,1,32,3,1,128,0.0,,,,,,,,,,,,,,,,,,0.9372093023255814,0.9374442683439218,0.9385695443630045,0.9372093023255814,1.0,1.0,1.0,1.0,6.762992504031159e-05,7.93707537651062,1194045
47,CNN,mfcc,100,0.001,32,adam,1e-5,1,32,3,1,128,0.25,,,,,,,,,,,,,,,,,,0.9476744186046512,0.9478508483932888,0.948698738660114,0.9476744186046512,1.0,1.0,1.0,1.0,6.823428841524345e-05,7.853775262832642,1192868
48,CNN,mfcc,100,0.001,32,adam,1e-5,1,32,3,2,32,0.0,,,,,,,,,,,,,,,,,,0.9279069767441861,0.9280282797026108,0.9294636090102142,0.9279069767441861,1.0,1.0,1.0,1.0,7.811784744262695e-05,8.097559213638306,322720
49,CNN,mfcc,100,0.001,32,adam,1e-5,1,32,3,2,32,0.25,,,,,,,,,,,,,,,,,,0.9255813953488372,0.9260320068962425,0.9277389078109761,0.9255813953488372,1.0,1.0,1.0,1.0,7.907096729722134e-05,8.136669397354126,322589
50,CNN,mfcc,100,0.001,32,adam,1e-5,1,32,3,2,64,0.0,,,,,,,,,,,,,,,,,,0.9383720930232559,0.9387154936142105,0.9399114469848896,0.9383720930232559,1.0,1.0,1.0,1.0,8.068140162978062e-05,8.193410634994507,661040
51,CNN,mfcc,100,0.001,32,adam,1e-5,1,32,3,2,64,0.25,,,,,,,,,,,,,,,,,,0.9348837209302325,0.9349854862064283,0.9364499068985808,0.9348837209302325,1.0,1.0,1.0,1.0,8.067031239354334e-05,8.232179880142212,660646
52,CNN,mfcc,100,0.001,32,adam,1e-5,1,32,3,2,128,0.0,,,,,,,,,,,,,,,,,,0.9313953488372093,0.9317761512512588,0.9333491375224129,0.9313953488372093,1.0,1.0,1.0,1.0,7.978844088177349e-05,8.514136791229248,1426822
53,CNN,mfcc,100,0.001,32,adam,1e-5,1,32,3,2,128,0.25,,,,,,,,,,,,,,,,,,0.9290697674418604,0.9296847257316279,0.931636805352278,0.9290697674418604,1.0,1.0,1.0,1.0,7.893429246059684e-05,8.233492136001587,1426241
54,CNN,mfcc,100,0.001,32,adam,1e-5,1,32,5,0,32,0.0,,,,,,,,,,,,,,,,,,0.9348837209302325,0.9348484002153656,0.9354492132581168,0.9348837209302325,1.0,1.0,1.0,1.0,5.973965622657953e-05,6.754465341567993,83685
55,CNN,mfcc,100,0.001,32,adam,1e-5,1,32,5,0,32,0.25,,,,,,,,,,,,,,,,,,0.9255813953488372,0.9254317502558556,0.9261185968897936,0.9255813953488372,1.0,1.0,1.0,1.0,5.884420040041901e-05,6.663274526596069,83684
56,CNN,mfcc,100,0.001,32,adam,1e-5,1,32,5,0,64,0.0,,,,,,,,,,,,,,,,,,0.9430232558139535,0.9431236519589993,0.9437929274930216,0.9430232558139535,1.0,1.0,1.0,1.0,5.949513856754746e-05,6.861988306045532,83690
57,CNN,mfcc,100,0.001,32,adam,1e-5,1,32,5,0,64,0.25,,,,,,,,,,,,,,,,,,0.9255813953488372,0.925900809816933,0.9274116290293531,0.9255813953488372,1.0,1.0,1.0,1.0,5.942084068475768e-05,6.373245477676392,83694
58,CNN,mfcc,100,0.001,32,adam,1e-5,1,32,5,0,128,0.0,,,,,,,,,,,,,,,,,,0.9279069767441861,0.9281079843709066,0.9290687435905638,0.9279069767441861,1.0,1.0,1.0,1.0,5.870586217835892e-05,6.855260372161865,83658
59,CNN,mfcc,100,0.001,32,adam,1e-5,1,32,5,0,128,0.25,,,,,,,,,,,,,,,,,,0.9430232558139535,0.9432922580184127,0.9444628549547278,0.9430232558139535,1.0,1.0,1.0,1.0,5.9137787929801056e-05,6.795871257781982,83632
60,CNN,mfcc,100,0.001,32,adam,1e-5,1,32,5,1,32,0.0,,,,,,,,,,,,,,,,,,0.9151162790697674,0.91518150113331,0.9166003640638138,0.9151162790697674,1.0,1.0,1.0,1.0,6.887164226798124e-05,7.45429801940918,198892
61,CNN,mfcc,100,0.001,32,adam,1e-5,1,32,5,1,32,0.25,,,,,,,,,,,,,,,,,,0.9290697674418604,0.9294254896803672,0.9305166466427025,0.9290697674418604,1.0,1.0,1.0,1.0,6.908538729645486e-05,7.144594669342041,198540
62,CNN,mfcc,100,0.001,32,adam,1e-5,1,32,5,1,64,0.0,,,,,,,,,,,,,,,,,,0.9337209302325581,0.9338840699094482,0.9349113422489113,0.9337209302325581,1.0,1.0,1.0,1.0,7.336389186770417e-05,6.826925992965698,378125
63,CNN,mfcc,100,0.001,32,adam,1e-5,1,32,5,1,64,0.25,,,,,,,,,,,,,,,,,,0.9279069767441861,0.9282261333863531,0.9294175807924099,0.9279069767441861,1.0,1.0,1.0,1.0,6.885168164275413e-05,7.297401666641235,378028
64,CNN,mfcc,100,0.001,32,adam,1e-5,1,32,5,1,128,0.0,,,,,,,,,,,,,,,,,,0.9232558139534883,0.9234497347487801,0.9246449609267999,0.9232558139534883,1.0,1.0,1.0,1.0,6.845884544904842e-05,7.542990684509277,736667
65,CNN,mfcc,100,0.001,32,adam,1e-5,1,32,5,1,128,0.25,,,,,,,,,,,,,,,,,,0.9279069767441861,0.9282207163293168,0.9291349522384738,0.9279069767441861,1.0,1.0,1.0,1.0,6.957996723263763e-05,7.08067774772644,736240
66,CNN,mfcc,100,0.001,32,adam,1e-5,1,32,5,2,32,0.0,,,,,,,,,,,,,,,,,,0.9186046511627907,0.9182944297535834,0.9186713281640685,0.9186046511627907,1.0,1.0,1.0,1.0,7.87757163824037e-05,7.919238805770874,213984
67,CNN,mfcc,100,0.001,32,adam,1e-5,1,32,5,2,32,0.25,,,,,,,,,,,,,,,,,,0.9023255813953488,0.9024509933183841,0.9043096149613332,0.9023255813953488,1.0,1.0,1.0,1.0,7.971802423166675e-05,7.404347896575928,213878
68,CNN,mfcc,100,0.001,32,adam,1e-5,1,32,5,2,64,0.0,,,,,,,,,,,,,,,,,,0.913953488372093,0.9136414000517817,0.91426809955632,0.913953488372093,1.0,1.0,1.0,1.0,7.959631986396258e-05,7.863386869430542,437386
69,CNN,mfcc,100,0.001,32,adam,1e-5,1,32,5,2,64,0.25,,,,,,,,,,,,,,,,,,0.922093023255814,0.9220617236439168,0.9225687478772888,0.922093023255814,1.0,1.0,1.0,1.0,7.989656093508698e-05,7.782659530639648,437100
70,CNN,mfcc,100,0.001,32,adam,1e-5,1,32,5,2,128,0.0,,,,,,,,,,,,,,,,,,0.9116279069767442,0.9119316131452466,0.9131782999915857,0.9116279069767442,1.0,1.0,1.0,1.0,7.973105408424555e-05,8.174819231033325,970347
71,CNN,mfcc,100,0.001,32,adam,1e-5,1,32,5,2,128,0.25,,,,,,,,,,,,,,,,,,0.9267441860465117,0.9273582115379582,0.9302132348350249,0.9267441860465117,1.0,1.0,1.0,1.0,8.014634598133176e-05,7.912305116653442,969984
72,CNN,mfcc,100,0.001,32,adam,1e-5,1,64,3,0,32,0.0,,,,,,,,,,,,,,,,,,0.9651162790697675,0.9652536363651734,0.9657075544679201,0.9651162790697675,1.0,1.0,1.0,1.0,5.654983742292537e-05,6.294463157653809,232922
73,CNN,mfcc,100,0.001,32,adam,1e-5,1,64,3,0,32,0.25,,,,,,,,,,,,,,,,,,0.9546511627906977,0.9547375148203346,0.9558410612860322,0.9546511627906977,1.0,1.0,1.0,1.0,5.629284437312636e-05,6.137228965759277,233039
74,CNN,mfcc,100,0.001,32,adam,1e-5,1,64,3,0,64,0.0,,,,,,,,,,,,,,,,,,0.9558139534883721,0.9560817712963864,0.9569700819870444,0.9558139534883721,1.0,1.0,1.0,1.0,5.537410115086755e-05,6.058823108673096,232943
75,CNN,mfcc,100,0.001,32,adam,1e-5,1,64,3,0,64,0.25,,,,,,,,,,,,,,,,,,0.9546511627906977,0.9547237539540285,0.9551441284762852,0.9546511627906977,1.0,1.0,1.0,1.0,5.635910255964412e-05,6.022633075714111,233003
76,CNN,mfcc,100,0.001,32,adam,1e-5,1,64,3,0,128,0.0,,,,,,,,,,,,,,,,,,0.9453488372093023,0.945446179488064,0.9457285989354498,0.9453488372093023,1.0,1.0,1.0,1.0,5.562804466070131e-05,6.594879150390625,232952
77,CNN,mfcc,100,0.001,32,adam,1e-5,1,64,3,0,128,0.25,,,,,,,,,,,,,,,,,,0.958139534883721,0.9582379783368807,0.9588684847042964,0.958139534883721,1.0,1.0,1.0,1.0,5.598650422207145e-05,6.531743288040161,232942
78,CNN,mfcc,100,0.001,32,adam,1e-5,1,64,3,1,32,0.0,,,,,,,,,,,,,,,,,,0.9395348837209302,0.9396919172496514,0.9403642112728094,0.9395348837209302,1.0,1.0,1.0,1.0,6.545366242874501e-05,7.358272314071655,602829
79,CNN,mfcc,100,0.001,32,adam,1e-5,1,64,3,1,32,0.25,,,,,,,,,,,,,,,,,,0.9383720930232559,0.9386593534721143,0.9404129409320575,0.9383720930232559,1.0,1.0,1.0,1.0,6.63532767184945e-05,7.177615404129028,602437
80,CNN,mfcc,100,0.001,32,adam,1e-5,1,64,3,1,64,0.0,,,,,,,,,,,,,,,,,,0.9430232558139535,0.9430606286562339,0.9439398809843657,0.9430232558139535,1.0,1.0,1.0,1.0,6.800224614697833e-05,7.3533408641815186,1187684
81,CNN,mfcc,100,0.001,32,adam,1e-5,1,64,3,1,64,0.25,,,,,,,,,,,,,,,,,,0.9395348837209302,0.9396884466501436,0.9407146560362671,0.9395348837209302,1.0,1.0,1.0,1.0,6.652820942013763e-05,7.478357315063477,1189030
82,CNN,mfcc,100,0.001,32,adam,1e-5,1,64,3,1,128,0.0,,,,,,,,,,,,,,,,,,0.9465116279069767,0.9464772401707697,0.9470748995964184,0.9465116279069767,1.0,1.0,1.0,1.0,6.578467613042787e-05,7.433672189712524,2358572
83,CNN,mfcc,100,0.001,32,adam,1e-5,1,64,3,1,128,0.25,,,,,,,,,,,,,,,,,,0.9476744186046512,0.9477496418282892,0.9484856352525193,0.9476744186046512,1.0,1.0,1.0,1.0,6.721241529597792e-05,7.81197190284729,2361132
84,CNN,mfcc,100,0.001,32,adam,1e-5,1,64,3,2,32,0.0,,,,,,,,,,,,,,,,,,0.9279069767441861,0.9279753786723781,0.9286344962070207,0.9279069767441861,1.0,1.0,1.0,1.0,7.618527079737464e-05,7.643673896789551,617334
85,CNN,mfcc,100,0.001,32,adam,1e-5,1,64,3,2,32,0.25,,,,,,,,,,,,,,,,,,0.9290697674418604,0.9294634077608677,0.9313043427130273,0.9290697674418604,1.0,1.0,1.0,1.0,7.603140764458235e-05,7.994239568710327,616613
86,CNN,mfcc,100,0.001,32,adam,1e-5,1,64,3,2,64,0.0,,,,,,,,,,,,,,,,,,0.9395348837209302,0.939971684364433,0.9413723015949961,0.9395348837209302,1.0,1.0,1.0,1.0,7.948515027068382e-05,8.078709602355957,1246349
87,CNN,mfcc,100,0.001,32,adam,1e-5,1,64,3,2,64,0.25,,,,,,,,,,,,,,,,,,0.936046511627907,0.9360495301185654,0.9367659406707749,0.936046511627907,1.0,1.0,1.0,1.0,7.783174514770508e-05,8.160529136657715,1248089
88,CNN,mfcc,100,0.001,32,adam,1e-5,1,64,3,2,128,0.0,,,,,,,,,,,,,,,,,,0.9430232558139535,0.9432783670739494,0.9442643704398704,0.9430232558139535,1.0,1.0,1.0,1.0,7.722627284914948e-05,8.445765256881714,2592349
89,CNN,mfcc,100,0.001,32,adam,1e-5,1,64,3,2,128,0.25,,,,,,,,,,,,,,,,,,0.9395348837209302,0.9395431276357881,0.9406632048717369,0.9395348837209302,1.0,1.0,1.0,1.0,7.952119028845498e-05,8.039637565612793,2591920
90,CNN,mfcc,100,0.001,32,adam,1e-5,1,64,5,0,32,0.0,,,,,,,,,,,,,,,,,,0.9441860465116279,0.9444546460413915,0.9463506361524171,0.9441860465116279,1.0,1.0,1.0,1.0,5.479108455569245e-05,6.206234931945801,160599
91,CNN,mfcc,100,0.001,32,adam,1e-5,1,64,5,0,32,0.25,,,,,,,,,,,,,,,,,,0.9453488372093023,0.9455273323273301,0.9462809454785518,0.9453488372093023,1.0,1.0,1.0,1.0,5.465635033540947e-05,6.436038255691528,160630
92,CNN,mfcc,100,0.001,32,adam,1e-5,1,64,5,0,64,0.0,,,,,,,,,,,,,,,,,,0.9406976744186046,0.9408488114974464,0.941947273663764,0.9406976744186046,1.0,1.0,1.0,1.0,5.5204158605531204e-05,6.545896291732788,160587
93,CNN,mfcc,100,0.001,32,adam,1e-5,1,64,5,0,64,0.25,,,,,,,,,,,,,,,,,,0.9430232558139535,0.943387112560517,0.9448843469684185,0.9430232558139535,1.0,1.0,1.0,1.0,5.405669988587845e-05,6.079035520553589,160514
94,CNN,mfcc,100,0.001,32,adam,1e-5,1,64,5,0,128,0.0,,,,,,,,,,,,,,,,,,0.936046511627907,0.9361490674398811,0.9370298773970056,0.936046511627907,1.0,1.0,1.0,1.0,5.442458529805028e-05,6.025346279144287,160574
95,CNN,mfcc,100,0.001,32,adam,1e-5,1,64,5,0,128,0.25,,,,,,,,,,,,,,,,,,0.9430232558139535,0.9431924426903369,0.944069326728295,0.9430232558139535,1.0,1.0,1.0,1.0,5.4903917534406796e-05,6.659960746765137,160490
96,CNN,mfcc,100,0.001,32,adam,1e-5,1,64,5,1,32,0.0,,,,,,,,,,,,,,,,,,0.9302325581395349,0.9309927665182229,0.933371687626002,0.9302325581395349,1.0,1.0,1.0,1.0,6.609933320866074e-05,7.365703582763672,384478
97,CNN,mfcc,100,0.001,32,adam,1e-5,1,64,5,1,32,0.25,,,,,,,,,,,,,,,,,,0.9441860465116279,0.9441535414840971,0.9447165765325635,0.9441860465116279,1.0,1.0,1.0,1.0,6.668179534202398e-05,7.0709826946258545,384012
98,CNN,mfcc,100,0.001,32,adam,1e-5,1,64,5,1,64,0.0,,,,,,,,,,,,,,,,,,0.9383720930232559,0.938457284031481,0.9390321427777947,0.9383720930232559,1.0,1.0,1.0,1.0,6.732358488925668e-05,7.43890643119812,737291
99,CNN,mfcc,100,0.001,32,adam,1e-5,1,64,5,1,64,0.25,,,,,,,,,,,,,,,,,,0.9418604651162791,0.9419070652935422,0.9434858503256994,0.9418604651162791,1.0,1.0,1.0,1.0,6.71802565108898e-05,7.479031324386597,737604
100,CNN,mfcc,100,0.001,32,adam,1e-5,1,64,5,1,128,0.0,,,,,,,,,,,,,,,,,,0.9430232558139535,0.9431229258459006,0.9435510034400374,0.9430232558139535,1.0,1.0,1.0,1.0,6.502534067908e-05,7.769596815109253,1444776
101,CNN,mfcc,100,0.001,32,adam,1e-5,1,64,5,1,128,0.25,,,,,,,,,,,,,,,,,,0.9465116279069767,0.947094054200581,0.9490036862466694,0.9465116279069767,1.0,1.0,1.0,1.0,6.578606228495753e-05,7.614663124084473,1445092
102,CNN,mfcc,100,0.001,32,adam,1e-5,1,64,5,2,32,0.0,,,,,,,,,,,,,,,,,,0.9209302325581395,0.9209653653564087,0.9219879291889251,0.9209302325581395,1.0,1.0,1.0,1.0,7.670202920603197e-05,7.575683355331421,399008
103,CNN,mfcc,100,0.001,32,adam,1e-5,1,64,5,2,32,0.25,,,,,,,,,,,,,,,,,,0.9232558139534883,0.923376377176581,0.9246064558755761,0.9232558139534883,1.0,1.0,1.0,1.0,7.612511169078738e-05,7.758936882019043,399725
104,CNN,mfcc,100,0.001,32,adam,1e-5,1,64,5,2,64,0.0,,,,,,,,,,,,,,,,,,0.9313953488372093,0.9313807699740281,0.9318261939383922,0.9313953488372093,1.0,1.0,1.0,1.0,7.760025734125181e-05,8.158567667007446,796799
105,CNN,mfcc,100,0.001,32,adam,1e-5,1,64,5,2,64,0.25,,,,,,,,,,,,,,,,,,0.9372093023255814,0.9375444822826469,0.9387948795544746,0.9372093023255814,1.0,1.0,1.0,1.0,7.84624454587005e-05,7.815982341766357,796957
106,CNN,mfcc,100,0.001,32,adam,1e-5,1,64,5,2,128,0.0,,,,,,,,,,,,,,,,,,0.9348837209302325,0.9352395175267543,0.9366862372308943,0.9348837209302325,1.0,1.0,1.0,1.0,7.752041484034338e-05,8.081454515457153,1677637
107,CNN,mfcc,100,0.001,32,adam,1e-5,1,64,5,2,128,0.25,,,,,,,,,,,,,,,,,,0.9348837209302325,0.9351699282031313,0.9361053928088037,0.9348837209302325,1.0,1.0,1.0,1.0,7.728338241577148e-05,8.333462476730347,1677208
108,CNN,mfcc,100,0.001,32,adam,1e-5,2,16,3,0,32,0.0,,,,,,,,,,,,,,,,,,0.7593023255813953,0.759116293556381,0.7636822495026777,0.7593023255813953,0.9403376018626309,0.9402307024745679,0.9433869082685072,0.9403376018626309,8.249338283095248e-05,7.320516586303711,45581
109,CNN,mfcc,100,0.001,32,adam,1e-5,2,16,3,0,32,0.25,,,,,,,,,,,,,,,,,,0.6813953488372093,0.6807889610902285,0.6833309281495152,0.6813953488372093,0.8518626309662398,0.8511350441639257,0.8528960822167699,0.8518626309662398,8.115324863167696e-05,7.087551116943359,45647
110,CNN,mfcc,100,0.001,32,adam,1e-5,2,16,3,0,64,0.0,,,,,,,,,,,,,,,,,,0.6976744186046512,0.6940398860182175,0.6964171439145104,0.6976744186046512,0.830325960419092,0.8283439141153448,0.8350190264923734,0.830325960419092,8.161262024280636e-05,7.062382698059082,45673
111,CNN,mfcc,100,0.001,32,adam,1e-5,2,16,3,0,64,0.25,,,,,,,,,,,,,,,,,,0.7686046511627908,0.7680804023279194,0.7733802678931659,0.7686046511627908,0.9508149010477299,0.9508630158947824,0.9544854799064939,0.9508149010477299,8.166501688402753e-05,7.088758230209351,45565
112,CNN,mfcc,100,0.001,32,adam,1e-5,2,16,3,0,128,0.0,,,,,,,,,,,,,,,,,,0.7186046511627907,0.7194720558357094,0.7249766079039309,0.7186046511627907,0.9007566938300349,0.9007892313302323,0.9071182346305451,0.9007566938300349,8.23256581328636e-05,7.114637613296509,45641
113,CNN,mfcc,100,0.001,32,adam,1e-5,2,16,3,0,128,0.25,,,,,,,,,,,,,,,,,,0.7406976744186047,0.7417018844587515,0.7479766082383771,0.7406976744186047,0.9528521536670547,0.952913242334238,0.9533011204030689,0.9528521536670547,8.403256882068723e-05,7.3426337242126465,45630
114,CNN,mfcc,100,0.001,32,adam,1e-5,2,16,3,1,32,0.0,,,,,,,,,,,,,,,,,,0.75,0.7509516538808454,0.7553535519217179,0.75,0.970023282887078,0.97015119442665,0.9713275439883057,0.970023282887078,9.363834248032681e-05,7.860554218292236,56568
115,CNN,mfcc,100,0.001,32,adam,1e-5,2,16,3,1,32,0.25,,,,,,,,,,,,,,,,,,0.713953488372093,0.7154777936563107,0.7216821944659191,0.713953488372093,0.960128055878929,0.9599172476912795,0.9616081024363639,0.960128055878929,9.40084457397461e-05,8.000072956085205,56611
116,CNN,mfcc,100,0.001,32,adam,1e-5,2,16,3,1,64,0.0,,,,,,,,,,,,,,,,,,0.7627906976744186,0.7584304624301959,0.7624928695271023,0.7627906976744186,0.9874854481955763,0.9874637171333043,0.9875603195585269,0.9874854481955763,9.63829284490541e-05,7.713490724563599,69693
117,CNN,mfcc,100,0.001,32,adam,1e-5,2,16,3,1,64,0.25,,,,,,,,,,,,,,,,,,0.7220930232558139,0.7224628695737301,0.7332949084963223,0.7220930232558139,0.9522700814901047,0.9519943434491146,0.9534171690025459,0.9522700814901047,9.377002716064453e-05,7.947411060333252,69748
118,CNN,mfcc,100,0.001,32,adam,1e-5,2,16,3,1,128,0.0,,,,,,,,,,,,,,,,,,0.7558139534883721,0.7550236650882397,0.7616952952430335,0.7558139534883721,0.9944703143189756,0.9944538621738689,0.9945227306533867,0.9944703143189756,9.570149488227312e-05,8.041357278823853,95927
119,CNN,mfcc,100,0.001,32,adam,1e-5,2,16,3,1,128,0.25,,,,,,,,,,,,,,,,,,0.7511627906976744,0.7493293033638198,0.7530788245151265,0.7511627906976744,0.9976717112922002,0.9976720024191665,0.9976934547194216,0.9976717112922002,9.460061095481695e-05,7.695180177688599,95916
120,CNN,mfcc,100,0.001,32,adam,1e-5,2,16,3,2,32,0.0,,,,,,,,,,,,,,,,,,0.6790697674418604,0.6799161182620934,0.6859010657217695,0.6790697674418604,0.9659487776484285,0.9660884337954287,0.9671387549927554,0.9659487776484285,0.00010522188142288564,8.399835586547852,72082
121,CNN,mfcc,100,0.001,32,adam,1e-5,2,16,3,2,32,0.25,,,,,,,,,,,,,,,,,,0.7209302325581395,0.72223554151058,0.7362854913285393,0.7209302325581395,0.9490686845168801,0.9493664710813376,0.9547136446870382,0.9490686845168801,0.00010386622229287791,8.41280460357666,72146
122,CNN,mfcc,100,0.001,32,adam,1e-5,2,16,3,2,64,0.0,,,,,,,,,,,,,,,,,,0.7244186046511628,0.723644337717,0.7270054958690623,0.7244186046511628,0.9668218859138533,0.9666992108981488,0.9675536346515939,0.9668218859138533,0.00010451217030369959,8.648024559020996,129025
123,CNN,mfcc,100,0.001,32,adam,1e-5,2,16,3,2,64,0.25,,,,,,,,,,,,,,,,,,0.7069767441860465,0.7041680864415827,0.7098994414564337,0.7069767441860465,0.9935972060535506,0.9935848932036115,0.9936682310443572,0.9935972060535506,0.00010307001513104106,8.632185697555542,128946
124,CNN,mfcc,100,0.001,32,adam,1e-5,2,16,3,2,128,0.0,,,,,,,,,,,,,,,,,,0.6895348837209302,0.6900206632267415,0.695329303772138,0.6895348837209302,1.0,1.0,1.0,1.0,0.00010496655175852221,8.571780443191528,329539
125,CNN,mfcc,100,0.001,32,adam,1e-5,2,16,3,2,128,0.25,,,,,,,,,,,,,,,,,,0.7104651162790697,0.711729382512132,0.7350125087429104,0.7104651162790697,0.8626309662398137,0.863313559923341,0.8851943114516322,0.8626309662398137,0.00010448001151861147,8.416962385177612,329960
126,CNN,mfcc,100,0.001,32,adam,1e-5,2,16,5,0,32,0.0,,,,,,,,,,,,,,,,,,0.8767441860465116,0.8771283023673343,0.8923180511158705,0.8767441860465116,0.9845750873108265,0.9845416368584253,0.9857514836806991,0.9845750873108265,5.668096764143123e-05,5.948822736740112,45241
127,CNN,mfcc,100,0.001,32,adam,1e-5,2,16,5,0,32,0.25,,,,,,,,,,,,,,,,,,0.9116279069767442,0.9120511858137783,0.9135782925869761,0.9116279069767442,1.0,1.0,1.0,1.0,5.727618239646734e-05,5.965237855911255,45210
128,CNN,mfcc,100,0.001,32,adam,1e-5,2,16,5,0,64,0.0,,,,,,,,,,,,,,,,,,0.891860465116279,0.8918432180501688,0.8947141781132122,0.891860465116279,1.0,1.0,1.0,1.0,5.671035411746003e-05,6.546745538711548,45221
129,CNN,mfcc,100,0.001,32,adam,1e-5,2,16,5,0,64,0.25,,,,,,,,,,,,,,,,,,0.9,0.9002790911061055,0.9016771459510726,0.9,1.0,1.0,1.0,1.0,5.7648503503134085e-05,6.491170167922974,45227
130,CNN,mfcc,100,0.001,32,adam,1e-5,2,16,5,0,128,0.0,,,,,,,,,,,,,,,,,,0.9058139534883721,0.9060149048214082,0.9081524285533715,0.9058139534883721,1.0,1.0,1.0,1.0,5.7044694590014084e-05,6.08514404296875,45255
131,CNN,mfcc,100,0.001,32,adam,1e-5,2,16,5,0,128,0.25,,,,,,,,,,,,,,,,,,0.9093023255813953,0.9097206314701475,0.9118415422592853,0.9093023255813953,1.0,1.0,1.0,1.0,5.637019179588141e-05,6.172870397567749,45255
132,CNN,mfcc,100,0.001,32,adam,1e-5,2,16,5,1,32,0.0,,,,,,,,,,,,,,,,,,0.9081395348837209,0.9087573753789955,0.9108908156190683,0.9081395348837209,1.0,1.0,1.0,1.0,6.840256757514422e-05,7.001069068908691,105903
133,CNN,mfcc,100,0.001,32,adam,1e-5,2,16,5,1,32,0.25,,,,,,,,,,,,,,,,,,0.8976744186046511,0.897902907065071,0.8993257597262461,0.8976744186046511,1.0,1.0,1.0,1.0,6.881952285766601e-05,6.876314163208008,105845
134,CNN,mfcc,100,0.001,32,adam,1e-5,2,16,5,1,64,0.0,,,,,,,,,,,,,,,,,,0.9116279069767442,0.9122150028843847,0.914047799205463,0.9116279069767442,1.0,1.0,1.0,1.0,6.996226865191792e-05,7.10345196723938,198251
135,CNN,mfcc,100,0.001,32,adam,1e-5,2,16,5,1,64,0.25,,,,,,,,,,,,,,,,,,0.9023255813953488,0.9029649019494465,0.9048728370514569,0.9023255813953488,1.0,1.0,1.0,1.0,6.811341574025708e-05,7.193477392196655,198350
136,CNN,mfcc,100,0.001,32,adam,1e-5,2,16,5,1,128,0.0,,,,,,,,,,,,,,,,,,0.9186046511627907,0.9188934705891533,0.9195811898588143,0.9186046511627907,1.0,1.0,1.0,1.0,6.940004437468773e-05,6.780496597290039,383747
137,CNN,mfcc,100,0.001,32,adam,1e-5,2,16,5,1,128,0.25,,,,,,,,,,,,,,,,,,0.9174418604651163,0.9177157627237417,0.9185211818380689,0.9174418604651163,1.0,1.0,1.0,1.0,6.970971129661383e-05,6.7796950340271,383508
138,CNN,mfcc,100,0.001,32,adam,1e-5,2,16,5,2,32,0.0,,,,,,,,,,,,,,,,,,0.8976744186046511,0.898370614633325,0.9008856155461262,0.8976744186046511,1.0,1.0,1.0,1.0,8.104734642561092e-05,7.644957065582275,121110
139,CNN,mfcc,100,0.001,32,adam,1e-5,2,16,5,2,32,0.25,,,,,,,,,,,,,,,,,,0.8988372093023256,0.8995715935665882,0.90154603120835,0.8988372093023256,1.0,1.0,1.0,1.0,7.84824060839276e-05,7.437729358673096,121218
140,CNN,mfcc,100,0.001,32,adam,1e-5,2,16,5,2,64,0.0,,,,,,,,,,,,,,,,,,0.9,0.9006504680017192,0.9019498312987683,0.9,1.0,1.0,1.0,1.0,7.956942846608716e-05,7.507272958755493,257709
141,CNN,mfcc,100,0.001,32,adam,1e-5,2,16,5,2,64,0.25,,,,,,,,,,,,,,,,,,0.9,0.9005728135710929,0.9025379985470555,0.9,1.0,1.0,1.0,1.0,8.00809194875318e-05,7.572690963745117,257722
142,CNN,mfcc,100,0.001,32,adam,1e-5,2,16,5,2,128,0.0,,,,,,,,,,,,,,,,,,0.9046511627906977,0.9048451987358889,0.9059245983386415,0.9046511627906977,1.0,1.0,1.0,1.0,7.975905440574469e-05,7.519921541213989,617077
143,CNN,mfcc,100,0.001,32,adam,1e-5,2,16,5,2,128,0.25,,,,,,,,,,,,,,,,,,0.9186046511627907,0.9188564265755715,0.9207662547084716,0.9186046511627907,1.0,1.0,1.0,1.0,8.29596852147302e-05,7.731708526611328,617251
144,CNN,mfcc,100,0.001,32,adam,1e-5,2,32,3,0,32,0.0,,,,,,,,,,,,,,,,,,0.7965116279069767,0.7973675921060355,0.801765479991064,0.7965116279069767,1.0,1.0,1.0,1.0,8.315624192703602e-05,7.188762187957764,148680
145,CNN,mfcc,100,0.001,32,adam,1e-5,2,32,3,0,32,0.25,,,,,,,,,,,,,,,,,,0.8023255813953488,0.802241780585937,0.8035179956102569,0.8023255813953488,1.0,1.0,1.0,1.0,8.1230596054432e-05,7.27692723274231,148545
146,CNN,mfcc,100,0.001,32,adam,1e-5,2,32,3,0,64,0.0,,,,,,,,,,,,,,,,,,0.7906976744186046,0.7910435489960115,0.7931373103805988,0.7906976744186046,1.0,1.0,1.0,1.0,8.209805155909339e-05,7.350802898406982,148578
147,CNN,mfcc,100,0.001,32,adam,1e-5,2,32,3,0,64,0.25,,,,,,,,,,,,,,,,,,0.7744186046511627,0.7749634344828317,0.7809292825662534,0.7744186046511627,1.0,1.0,1.0,1.0,8.326242136400799e-05,7.237282037734985,148606
148,CNN,mfcc,100,0.001,32,adam,1e-5,2,32,3,0,128,0.0,,,,,,,,,,,,,,,,,,0.7895348837209303,0.7908394674573537,0.803179259040633,0.7895348837209303,0.9790454016298021,0.9791778309812796,0.9804043212981612,0.9790454016298021,8.089431496553643e-05,7.087527275085449,148608
149,CNN,mfcc,100,0.001,32,adam,1e-5,2,32,3,0,128,0.25,,,,,,,,,,,,,,,,,,0.7953488372093023,0.7956791219499907,0.7976985534064387,0.7953488372093023,1.0,1.0,1.0,1.0,8.32848770673885e-05,7.120442152023315,148528
150,CNN,mfcc,100,0.001,32,adam,1e-5,2,32,3,1,32,0.0,,,,,,,,,,,,,,,,,,0.7895348837209303,0.7918509408487198,0.799112350322791,0.7895348837209303,1.0,1.0,1.0,1.0,9.360008461530818e-05,8.147698879241943,164220
151,CNN,mfcc,100,0.001,32,adam,1e-5,2,32,3,1,32,0.25,,,,,,,,,,,,,,,,,,0.7988372093023256,0.7990870936557952,0.8007376061027127,0.7988372093023256,1.0,1.0,1.0,1.0,9.515867676845817e-05,7.847489356994629,163921
152,CNN,mfcc,100,0.001,32,adam,1e-5,2,32,3,1,64,0.0,,,,,,,,,,,,,,,,,,0.8034883720930233,0.8042281654080636,0.8088772291394173,0.8034883720930233,1.0,1.0,1.0,1.0,9.347505347673283e-05,7.8760035037994385,184266
153,CNN,mfcc,100,0.001,32,adam,1e-5,2,32,3,1,64,0.25,,,,,,,,,,,,,,,,,,0.7941860465116279,0.7934943939388931,0.7964416175043577,0.7941860465116279,1.0,1.0,1.0,1.0,9.455237277718477e-05,8.008229970932007,184305
154,CNN,mfcc,100,0.001,32,adam,1e-5,2,32,3,1,128,0.0,,,,,,,,,,,,,,,,,,0.7965116279069767,0.7961335000864669,0.7971447447305597,0.7965116279069767,1.0,1.0,1.0,1.0,9.606411290723224e-05,7.986794710159302,225110
155,CNN,mfcc,100,0.001,32,adam,1e-5,2,32,3,1,128,0.25,,,,,,,,,,,,,,,,,,0.7755813953488372,0.7769631884129231,0.784099037106318,0.7755813953488372,1.0,1.0,1.0,1.0,9.371264036311659e-05,7.920558214187622,225224
156,CNN,mfcc,100,0.001,32,adam,1e-5,2,32,3,2,32,0.0,,,,,,,,,,,,,,,,,,0.727906976744186,0.729125599472565,0.7329018475550992,0.727906976744186,1.0,1.0,1.0,1.0,0.00010459949803906818,8.603826522827148,179585
157,CNN,mfcc,100,0.001,32,adam,1e-5,2,32,3,2,32,0.25,,,,,,,,,,,,,,,,,,0.7244186046511628,0.7271471826826374,0.736505780677285,0.7244186046511628,1.0,1.0,1.0,1.0,0.00010485205539437228,8.411232471466064,179742
158,CNN,mfcc,100,0.001,32,adam,1e-5,2,32,3,2,64,0.0,,,,,,,,,,,,,,,,,,0.7569767441860465,0.7577429675794368,0.7618956156284548,0.7569767441860465,1.0,1.0,1.0,1.0,0.00010376364685768305,8.756114482879639,243804
159,CNN,mfcc,100,0.001,32,adam,1e-5,2,32,3,2,64,0.25,,,,,,,,,,,,,,,,,,0.7906976744186046,0.7913277747578256,0.7930079830075055,0.7906976744186046,1.0,1.0,1.0,1.0,0.00010465023129485375,8.877453327178955,243521
160,CNN,mfcc,100,0.001,32,adam,1e-5,2,32,3,2,128,0.0,,,,,,,,,,,,,,,,,,0.7581395348837209,0.7581135704185904,0.7600958138802182,0.7581395348837209,1.0,1.0,1.0,1.0,0.00010560695515122525,8.607175827026367,458884
161,CNN,mfcc,100,0.001,32,adam,1e-5,2,32,3,2,128,0.25,,,,,,,,,,,,,,,,,,0.8058139534883721,0.8055860841712776,0.8085829461948839,0.8058139534883721,1.0,1.0,1.0,1.0,0.00010612953540890716,8.800803184509277,458593
162,CNN,mfcc,100,0.001,32,adam,1e-5,2,32,5,0,32,0.0,,,,,,,,,,,,,,,,,,0.9232558139534883,0.9237149196763036,0.9258255177770992,0.9232558139534883,1.0,1.0,1.0,1.0,5.9025232181992645e-05,6.537526369094849,83666
163,CNN,mfcc,100,0.001,32,adam,1e-5,2,32,5,0,32,0.25,,,,,,,,,,,,,,,,,,0.9313953488372093,0.9316404715405701,0.9323344516614979,0.9313953488372093,1.0,1.0,1.0,1.0,5.6852019110391306e-05,6.158210039138794,83709
164,CNN,mfcc,100,0.001,32,adam,1e-5,2,32,5,0,64,0.0,,,,,,,,,,,,,,,,,,0.9313953488372093,0.9313791844238102,0.9322339689210938,0.9313953488372093,1.0,1.0,1.0,1.0,5.709958630938863e-05,6.371719121932983,83718
165,CNN,mfcc,100,0.001,32,adam,1e-5,2,32,5,0,64,0.25,,,,,,,,,,,,,,,,,,0.9348837209302325,0.935260754087953,0.9369540632861528,0.9348837209302325,1.0,1.0,1.0,1.0,5.8578890423442045e-05,6.233793258666992,83685
166,CNN,mfcc,100,0.001,32,adam,1e-5,2,32,5,0,128,0.0,,,,,,,,,,,,,,,,,,0.9372093023255814,0.9376394661062399,0.938758322797875,0.9372093023255814,1.0,1.0,1.0,1.0,5.7178042655767394e-05,6.40041184425354,83678
167,CNN,mfcc,100,0.001,32,adam,1e-5,2,32,5,0,128,0.25,,,,,,,,,,,,,,,,,,0.9418604651162791,0.9421143660046839,0.9430770019716629,0.9418604651162791,1.0,1.0,1.0,1.0,5.780874296676281e-05,6.067163467407227,83668
168,CNN,mfcc,100,0.001,32,adam,1e-5,2,32,5,1,32,0.0,,,,,,,,,,,,,,,,,,0.9267441860465117,0.9268513260390232,0.9277686631578915,0.9267441860465117,1.0,1.0,1.0,1.0,6.793654242227244e-05,7.217528820037842,198631
169,CNN,mfcc,100,0.001,32,adam,1e-5,2,32,5,1,32,0.25,,,,,,,,,,,,,,,,,,0.9174418604651163,0.9173701495210653,0.918320043017324,0.9174418604651163,1.0,1.0,1.0,1.0,6.886914718982785e-05,6.990697860717773,198538
170,CNN,mfcc,100,0.001,32,adam,1e-5,2,32,5,1,64,0.0,,,,,,,,,,,,,,,,,,0.9209302325581395,0.921069998891498,0.9215718280405985,0.9209302325581395,1.0,1.0,1.0,1.0,7.038061008896939e-05,7.09759521484375,377764
171,CNN,mfcc,100,0.001,32,adam,1e-5,2,32,5,1,64,0.25,,,,,,,,,,,,,,,,,,0.9395348837209302,0.9396785716340321,0.940756673985062,0.9395348837209302,1.0,1.0,1.0,1.0,7.071217825246412e-05,7.154741525650024,377864
172,CNN,mfcc,100,0.001,32,adam,1e-5,2,32,5,1,128,0.0,,,,,,,,,,,,,,,,,,0.9372093023255814,0.9374186341332343,0.9385264417753162,0.9372093023255814,1.0,1.0,1.0,1.0,7.008951763774074e-05,7.456418514251709,736763
173,CNN,mfcc,100,0.001,32,adam,1e-5,2,32,5,1,128,0.25,,,,,,,,,,,,,,,,,,0.9244186046511628,0.9244257419475406,0.9252598958833304,0.9244186046511628,1.0,1.0,1.0,1.0,6.919932919879293e-05,7.158761501312256,736592
174,CNN,mfcc,100,0.001,32,adam,1e-5,2,32,5,2,32,0.0,,,,,,,,,,,,,,,,,,0.9186046511627907,0.9186331773469737,0.9190754790723937,0.9186046511627907,1.0,1.0,1.0,1.0,7.953089337016262e-05,7.3752281665802,214023
175,CNN,mfcc,100,0.001,32,adam,1e-5,2,32,5,2,32,0.25,,,,,,,,,,,,,,,,,,0.9116279069767442,0.911855720318224,0.9133781485121975,0.9116279069767442,1.0,1.0,1.0,1.0,7.95464183008948e-05,7.472320795059204,213731
176,CNN,mfcc,100,0.001,32,adam,1e-5,2,32,5,2,64,0.0,,,,,,,,,,,,,,,,,,0.9197674418604651,0.9199061939819806,0.9208836930537514,0.9197674418604651,1.0,1.0,1.0,1.0,8.05272612460824e-05,7.90733003616333,436916
177,CNN,mfcc,100,0.001,32,adam,1e-5,2,32,5,2,64,0.25,,,,,,,,,,,,,,,,,,0.922093023255814,0.9222724903599974,0.9229711678532958,0.922093023255814,1.0,1.0,1.0,1.0,8.200379305107649e-05,7.837096691131592,437556
178,CNN,mfcc,100,0.001,32,adam,1e-5,2,32,5,2,128,0.0,,,,,,,,,,,,,,,,,,0.913953488372093,0.91408533524181,0.9150213448236189,0.913953488372093,1.0,1.0,1.0,1.0,7.903825405032136e-05,7.843842029571533,969652
179,CNN,mfcc,100,0.001,32,adam,1e-5,2,32,5,2,128,0.25,,,,,,,,,,,,,,,,,,0.9244186046511628,0.9249274901022875,0.9267517105273337,0.9244186046511628,1.0,1.0,1.0,1.0,7.875714191170625e-05,8.196741580963135,970052
180,CNN,mfcc,100,0.001,32,adam,1e-5,2,64,3,0,32,0.0,,,,,,,,,,,,,,,,,,0.8220930232558139,0.8231740006245448,0.826124655416926,0.8220930232558139,1.0,1.0,1.0,1.0,8.383628933928734e-05,7.516263723373413,550719
181,CNN,mfcc,100,0.001,32,adam,1e-5,2,64,3,0,32,0.25,,,,,,,,,,,,,,,,,,0.8151162790697675,0.8136632599588491,0.8144948500655284,0.8151162790697675,1.0,1.0,1.0,1.0,8.277615835500318e-05,7.752184867858887,550256
182,CNN,mfcc,100,0.001,32,adam,1e-5,2,64,3,0,64,0.0,,,,,,,,,,,,,,,,,,0.8290697674418605,0.829135311400424,0.8308651381602897,0.8290697674418605,1.0,1.0,1.0,1.0,8.198022842407227e-05,7.599822998046875,550084
183,CNN,mfcc,100,0.001,32,adam,1e-5,2,64,3,0,64,0.25,,,,,,,,,,,,,,,,,,0.8069767441860465,0.8076183925421487,0.8107956497404112,0.8069767441860465,1.0,1.0,1.0,1.0,8.196692134058753e-05,7.529951095581055,550757
184,CNN,mfcc,100,0.001,32,adam,1e-5,2,64,3,0,128,0.0,,,,,,,,,,,,,,,,,,0.8546511627906976,0.8556095312879783,0.8580863036223088,0.8546511627906976,1.0,1.0,1.0,1.0,8.222086485042128e-05,7.806313991546631,549701
185,CNN,mfcc,100,0.001,32,adam,1e-5,2,64,3,0,128,0.25,,,,,,,,,,,,,,,,,,0.8418604651162791,0.8423757252982099,0.8438717649430074,0.8418604651162791,1.0,1.0,1.0,1.0,8.235171783802121e-05,7.694409370422363,550461
186,CNN,mfcc,100,0.001,32,adam,1e-5,2,64,3,1,32,0.0,,,,,,,,,,,,,,,,,,0.8081395348837209,0.8090099548604074,0.8127860070080473,0.8081395348837209,1.0,1.0,1.0,1.0,9.488865386608036e-05,8.269905090332031,574715
187,CNN,mfcc,100,0.001,32,adam,1e-5,2,64,3,1,32,0.25,,,,,,,,,,,,,,,,,,0.8267441860465117,0.8278465176394145,0.8314735919476474,0.8267441860465117,1.0,1.0,1.0,1.0,9.358566860819972e-05,8.270943403244019,574314
188,CNN,mfcc,100,0.001,32,adam,1e-5,2,64,3,1,64,0.0,,,,,,,,,,,,,,,,,,0.836046511627907,0.8356760770050096,0.8361818727257789,0.836046511627907,1.0,1.0,1.0,1.0,9.406139684277912e-05,8.050811052322388,609536
189,CNN,mfcc,100,0.001,32,adam,1e-5,2,64,3,1,64,0.25,,,,,,,,,,,,,,,,,,0.8255813953488372,0.8266718919311907,0.8303533165795934,0.8255813953488372,1.0,1.0,1.0,1.0,9.508160657660906e-05,8.27352237701416,609464
190,CNN,mfcc,100,0.001,32,adam,1e-5,2,64,3,1,128,0.0,,,,,,,,,,,,,,,,,,0.8151162790697675,0.8163154184656913,0.8217622921228149,0.8151162790697675,1.0,1.0,1.0,1.0,0.0001023550366246423,8.102250576019287,679654
191,CNN,mfcc,100,0.001,32,adam,1e-5,2,64,3,1,128,0.25,,,,,,,,,,,,,,,,,,0.8430232558139535,0.842784199674158,0.8459576239203974,0.8430232558139535,1.0,1.0,1.0,1.0,9.515340938124546e-05,8.436468124389648,679145
192,CNN,mfcc,100,0.001,32,adam,1e-5,2,64,3,2,32,0.0,,,,,,,,,,,,,,,,,,0.8011627906976744,0.8040752845417454,0.8116151831480523,0.8011627906976744,1.0,1.0,1.0,1.0,0.00010517835617065429,8.88186764717102,590096
193,CNN,mfcc,100,0.001,32,adam,1e-5,2,64,3,2,32,0.25,,,,,,,,,,,,,,,,,,0.7988372093023256,0.8002081731497797,0.8037901945174186,0.7988372093023256,1.0,1.0,1.0,1.0,0.00010625234870023505,8.651068925857544,589998
194,CNN,mfcc,100,0.001,32,adam,1e-5,2,64,3,2,64,0.0,,,,,,,,,,,,,,,,,,0.8162790697674419,0.8166148881703743,0.818673772899077,0.8162790697674419,1.0,1.0,1.0,1.0,0.0001045210416926894,8.87142014503479,669277
195,CNN,mfcc,100,0.001,32,adam,1e-5,2,64,3,2,64,0.25,,,,,,,,,,,,,,,,,,0.8081395348837209,0.8095714773139925,0.8136385314640335,0.8081395348837209,1.0,1.0,1.0,1.0,0.00010366162588430006,8.837317943572998,669004
196,CNN,mfcc,100,0.001,32,adam,1e-5,2,64,3,2,128,0.0,,,,,,,,,,,,,,,,,,0.8348837209302326,0.8357044129179969,0.8380182826721507,0.8348837209302326,1.0,1.0,1.0,1.0,0.00010568457980488622,8.739701509475708,912136
197,CNN,mfcc,100,0.001,32,adam,1e-5,2,64,3,2,128,0.25,,,,,,,,,,,,,,,,,,0.8162790697674419,0.8160782967186319,0.8184160533282583,0.8162790697674419,1.0,1.0,1.0,1.0,0.00010479799536771553,8.749835968017578,912788
198,CNN,mfcc,100,0.001,32,adam,1e-5,2,64,5,0,32,0.0,,,,,,,,,,,,,,,,,,0.95,0.9501712054405381,0.950697979257499,0.95,1.0,1.0,1.0,1.0,5.422276119853175e-05,6.228830814361572,160576
199,CNN,mfcc,100,0.001,32,adam,1e-5,2,64,5,0,32,0.25,,,,,,,,,,,,,,,,,,0.9453488372093023,0.9457190364511422,0.9469253851393342,0.9453488372093023,1.0,1.0,1.0,1.0,5.5743649948474975e-05,6.3394200801849365,160575
200,CNN,mfcc,100,0.001,32,adam,1e-5,2,64,5,0,64,0.0,,,,,,,,,,,,,,,,,,0.9453488372093023,0.9455193218610228,0.9463671997254466,0.9453488372093023,1.0,1.0,1.0,1.0,5.505140437636265e-05,6.775763511657715,160558
201,CNN,mfcc,100,0.001,32,adam,1e-5,2,64,5,0,64,0.25,,,,,,,,,,,,,,,,,,0.9418604651162791,0.9423120987294897,0.9436035855096537,0.9418604651162791,1.0,1.0,1.0,1.0,5.454573520394259e-05,6.180734634399414,160600
202,CNN,mfcc,100,0.001,32,adam,1e-5,2,64,5,0,128,0.0,,,,,,,,,,,,,,,,,,0.9534883720930233,0.9536878755702934,0.9541859103638013,0.9534883720930233,1.0,1.0,1.0,1.0,5.462391431941542e-05,6.076107740402222,160556
203,CNN,mfcc,100,0.001,32,adam,1e-5,2,64,5,0,128,0.25,,,,,,,,,,,,,,,,,,0.9511627906976744,0.951206371699299,0.9516141140040636,0.9511627906976744,1.0,1.0,1.0,1.0,5.6674314099688865e-05,6.3204498291015625,160565
204,CNN,mfcc,100,0.001,32,adam,1e-5,2,64,5,1,32,0.0,,,,,,,,,,,,,,,,,,0.936046511627907,0.9362018503580297,0.9366948357266438,0.936046511627907,1.0,1.0,1.0,1.0,6.708793861921443e-05,7.0584917068481445,384459
205,CNN,mfcc,100,0.001,32,adam,1e-5,2,64,5,1,32,0.25,,,,,,,,,,,,,,,,,,0.9488372093023256,0.9489571347360468,0.9493097718214776,0.9488372093023256,1.0,1.0,1.0,1.0,6.600313408430232e-05,7.1397271156311035,383981
206,CNN,mfcc,100,0.001,32,adam,1e-5,2,64,5,1,64,0.0,,,,,,,,,,,,,,,,,,0.9313953488372093,0.9313148364011944,0.9317913126918006,0.9313953488372093,1.0,1.0,1.0,1.0,6.683316341666288e-05,7.5171942710876465,737610
207,CNN,mfcc,100,0.001,32,adam,1e-5,2,64,5,1,64,0.25,,,,,,,,,,,,,,,,,,0.9337209302325581,0.9339782732311634,0.9358343226670373,0.9337209302325581,1.0,1.0,1.0,1.0,6.767455921616665e-05,7.146066188812256,737290
208,CNN,mfcc,100,0.001,32,adam,1e-5,2,64,5,1,128,0.0,,,,,,,,,,,,,,,,,,0.9348837209302325,0.9351648124164663,0.9365589840603648,0.9348837209302325,1.0,1.0,1.0,1.0,6.588309310203375e-05,7.591604948043823,1443657
209,CNN,mfcc,100,0.001,32,adam,1e-5,2,64,5,1,128,0.25,,,,,,,,,,,,,,,,,,0.9372093023255814,0.9376484308233612,0.9392680521303283,0.9372093023255814,1.0,1.0,1.0,1.0,6.581184475920921e-05,7.350635528564453,1445847
210,CNN,mfcc,100,0.001,32,adam,1e-5,2,64,5,2,32,0.0,,,,,,,,,,,,,,,,,,0.9232558139534883,0.9229688406521079,0.9237832540088836,0.9232558139534883,1.0,1.0,1.0,1.0,7.744500803392987e-05,7.533116340637207,399321
211,CNN,mfcc,100,0.001,32,adam,1e-5,2,64,5,2,32,0.25,,,,,,,,,,,,,,,,,,0.9081395348837209,0.9084318504813357,0.9100429997902265,0.9081395348837209,1.0,1.0,1.0,1.0,7.704191429670467e-05,7.3904430866241455,399327
212,CNN,mfcc,100,0.001,32,adam,1e-5,2,64,5,2,64,0.0,,,,,,,,,,,,,,,,,,0.9302325581395349,0.930699452991342,0.9326742899627429,0.9302325581395349,1.0,1.0,1.0,1.0,7.805602495060411e-05,7.759626388549805,796156
213,CNN,mfcc,100,0.001,32,adam,1e-5,2,64,5,2,64,0.25,,,,,,,,,,,,,,,,,,0.9290697674418604,0.929157075704462,0.9302005476802422,0.9290697674418604,1.0,1.0,1.0,1.0,7.797285567882449e-05,7.679247856140137,797403
214,CNN,mfcc,100,0.001,32,adam,1e-5,2,64,5,2,128,0.0,,,,,,,,,,,,,,,,,,0.9244186046511628,0.9250066130479753,0.9266462924104893,0.9244186046511628,1.0,1.0,1.0,1.0,7.696373518123183e-05,8.171882629394531,1677550
215,CNN,mfcc,100,0.001,32,adam,1e-5,2,64,5,2,128,0.25,,,,,,,,,,,,,,,,,,0.9209302325581395,0.9210871380706014,0.9234949577352177,0.9209302325581395,1.0,1.0,1.0,1.0,7.603362549182981e-05,8.009348154067993,1677708
216,CNN,mfcc,100,0.001,32,adam,1e-5,3,16,3,0,32,0.0,,,,,,,,,,,,,,,,,,0.6953488372093023,0.6971819806351609,0.7007914914443235,0.6953488372093023,0.8710710128055879,0.870950188597582,0.8751222921680553,0.8710710128055879,8.228712303693904e-05,7.220945358276367,45649
217,CNN,mfcc,100,0.001,32,adam,1e-5,3,16,3,0,32,0.25,,,,,,,,,,,,,,,,,,0.672093023255814,0.6636013449066936,0.6699004118246006,0.672093023255814,0.7791036088474971,0.7768787683826426,0.7772962449583853,0.7791036088474971,8.189456407413926e-05,7.122243165969849,45701
218,CNN,mfcc,100,0.001,32,adam,1e-5,3,16,3,0,64,0.0,,,,,,,,,,,,,,,,,,0.7325581395348837,0.7359641566705114,0.7429594246877184,0.7325581395348837,0.9374272409778812,0.9376771565132301,0.9397402862886661,0.9374272409778812,8.333644201589185e-05,7.004786014556885,45568
219,CNN,mfcc,100,0.001,32,adam,1e-5,3,16,3,0,64,0.25,,,,,,,,,,,,,,,,,,0.7558139534883721,0.7569595565658073,0.7685485131735016,0.7558139534883721,0.9249126891734575,0.9259009901567876,0.9297086734336577,0.9249126891734575,8.192589116650958e-05,7.040173292160034,45578
220,CNN,mfcc,100,0.001,32,adam,1e-5,3,16,3,0,128,0.0,,,,,,,,,,,,,,,,,,0.7151162790697675,0.714908713929846,0.7171108981088319,0.7151162790697675,0.8827124563445867,0.8826007878952347,0.8837093899489492,0.8827124563445867,8.013470228328261e-05,7.240122318267822,45640
221,CNN,mfcc,100,0.001,32,adam,1e-5,3,16,3,0,128,0.25,,,,,,,,,,,,,,,,,,0.7372093023255814,0.7356098503364248,0.7363455747515555,0.7372093023255814,0.9237485448195576,0.9237189123996215,0.9259442979869253,0.9237485448195576,8.368797080461369e-05,7.21636176109314,45654
222,CNN,mfcc,100,0.001,32,adam,1e-5,3,16,3,1,32,0.0,,,,,,,,,,,,,,,,,,0.7325581395348837,0.7331602998921137,0.7379452349602219,0.7325581395348837,0.9284051222351571,0.9281084844736868,0.9300261861004643,0.9284051222351571,9.513317152511242e-05,7.821824789047241,56660
223,CNN,mfcc,100,0.001,32,adam,1e-5,3,16,3,1,32,0.25,,,,,,,,,,,,,,,,,,0.7220930232558139,0.7236011043497953,0.7303614913232257,0.7220930232558139,0.919965075669383,0.920445388342018,0.9240148518911397,0.919965075669383,9.240688279617665e-05,8.147190809249878,56561
224,CNN,mfcc,100,0.001,32,adam,1e-5,3,16,3,1,64,0.0,,,,,,,,,,,,,,,,,,0.7232558139534884,0.7214446495192994,0.7262566427363899,0.7232558139534884,0.9627473806752037,0.962196070189659,0.9635951513313654,0.9627473806752037,9.40345054449037e-05,7.9100706577301025,69690
225,CNN,mfcc,100,0.001,32,adam,1e-5,3,16,3,1,64,0.25,,,,,,,,,,,,,,,,,,0.6930232558139535,0.6904101510220799,0.6968211756151546,0.6930232558139535,0.9266589057043073,0.9266770277235975,0.9322496825424768,0.9266589057043073,9.425823078599087e-05,7.797072887420654,69754
226,CNN,mfcc,100,0.001,32,adam,1e-5,3,16,3,1,128,0.0,,,,,,,,,,,,,,,,,,0.7267441860465116,0.7249638431835771,0.7291116497679817,0.7267441860465116,0.9537252619324796,0.953822899076762,0.9563325698688253,0.9537252619324796,9.429177572560865e-05,7.75909686088562,95925
227,CNN,mfcc,100,0.001,32,adam,1e-5,3,16,3,1,128,0.25,,,,,,,,,,,,,,,,,,0.7372093023255814,0.7376289269195693,0.7447911577843097,0.7372093023255814,0.9761350407450524,0.9762222743469318,0.977058216548819,0.9761350407450524,9.444813395655432e-05,7.78337550163269,95857
228,CNN,mfcc,100,0.001,32,adam,1e-5,3,16,3,2,32,0.0,,,,,,,,,,,,,,,,,,0.6686046511627907,0.669336159401538,0.6764366918510485,0.6686046511627907,0.869324796274738,0.8684919740677438,0.8726414941820096,0.869324796274738,0.00010363334833189499,8.776242971420288,72204
229,CNN,mfcc,100,0.001,32,adam,1e-5,3,16,3,2,32,0.25,,,,,,,,,,,,,,,,,,0.6779069767441861,0.6772890790902352,0.6865133143754983,0.6779069767441861,0.9313154831199069,0.9306810728404785,0.9335087727738632,0.9313154831199069,0.0001031542933264444,8.537522554397583,72107
230,CNN,mfcc,100,0.001,32,adam,1e-5,3,16,3,2,64,0.0,,,,,,,,,,,,,,,,,,0.7244186046511628,0.7235777210196843,0.7311506071944741,0.7244186046511628,0.9976717112922002,0.9976710332710652,0.9976866129293911,0.9976717112922002,0.00010411656180093455,8.790864706039429,128994
231,CNN,mfcc,100,0.001,32,adam,1e-5,3,16,3,2,64,0.25,,,,,,,,,,,,,,,,,,0.6779069767441861,0.6764862604101083,0.6832164383678156,0.6779069767441861,0.9019208381839348,0.9023308498017052,0.9059161632001033,0.9019208381839348,0.00010476611381353334,8.656623363494873,129158
232,CNN,mfcc,100,0.001,32,adam,1e-5,3,16,3,2,128,0.0,,,,,,,,,,,,,,,,,,0.7162790697674418,0.7161854650146613,0.7218966886881973,0.7162790697674418,1.0,1.0,1.0,1.0,0.0001080909440683764,8.393101215362549,329682
233,CNN,mfcc,100,0.001,32,adam,1e-5,3,16,3,2,128,0.25,,,,,,,,,,,,,,,,,,0.7337209302325581,0.7333192872875394,0.7396375451543754,0.7337209302325581,1.0,1.0,1.0,1.0,0.00010476361873537995,8.470152378082275,329836
234,CNN,mfcc,100,0.001,32,adam,1e-5,3,16,5,0,32,0.0,,,,,,,,,,,,,,,,,,0.9162790697674419,0.9163243291262279,0.9171736255251034,0.9162790697674419,1.0,1.0,1.0,1.0,5.65232232559559e-05,6.379998207092285,45236
235,CNN,mfcc,100,0.001,32,adam,1e-5,3,16,5,0,32,0.25,,,,,,,,,,,,,,,,,,0.8930232558139535,0.8936605368091438,0.8970779499864243,0.8930232558139535,1.0,1.0,1.0,1.0,5.6573956511741464e-05,6.164252996444702,45235
236,CNN,mfcc,100,0.001,32,adam,1e-5,3,16,5,0,64,0.0,,,,,,,,,,,,,,,,,,0.8860465116279069,0.8858450073926694,0.8934402860668911,0.8860465116279069,0.9915599534342259,0.9913939563582886,0.9917776262915423,0.9915599534342259,5.705744721168695e-05,6.163496494293213,45206
237,CNN,mfcc,100,0.001,32,adam,1e-5,3,16,5,0,64,0.25,,,,,,,,,,,,,,,,,,0.8906976744186047,0.889940865558011,0.8958399794452843,0.8906976744186047,0.9711874272409778,0.9715640113619866,0.9751340058274983,0.9711874272409778,5.75231951336528e-05,6.136769533157349,45245
238,CNN,mfcc,100,0.001,32,adam,1e-5,3,16,5,0,128,0.0,,,,,,,,,,,,,,,,,,0.9011627906976745,0.9020477057899056,0.9041590221082917,0.9011627906976745,0.9991268917345751,0.9991279413265015,0.9991360823478953,0.9991268917345751,5.65648078918457e-05,6.18909215927124,45225
239,CNN,mfcc,100,0.001,32,adam,1e-5,3,16,5,0,128,0.25,,,,,,,,,,,,,,,,,,0.9034883720930232,0.9047006948340188,0.9074815881709326,0.9034883720930232,1.0,1.0,1.0,1.0,5.700394164684207e-05,6.2626519203186035,45238
240,CNN,mfcc,100,0.001,32,adam,1e-5,3,16,5,1,32,0.0,,,,,,,,,,,,,,,,,,0.9069767441860465,0.9075735625010602,0.909720260036184,0.9069767441860465,1.0,1.0,1.0,1.0,6.920210150785225e-05,6.962496519088745,105823
241,CNN,mfcc,100,0.001,32,adam,1e-5,3,16,5,1,32,0.25,,,,,,,,,,,,,,,,,,0.9046511627906977,0.9054617448759748,0.9084579199654117,0.9046511627906977,1.0,1.0,1.0,1.0,6.869338279546693e-05,6.931813478469849,105681
242,CNN,mfcc,100,0.001,32,adam,1e-5,3,16,5,1,64,0.0,,,,,,,,,,,,,,,,,,0.9093023255813953,0.9097120773799071,0.9107403789709143,0.9093023255813953,1.0,1.0,1.0,1.0,6.88660976498626e-05,7.158363580703735,198395
243,CNN,mfcc,100,0.001,32,adam,1e-5,3,16,5,1,64,0.25,,,,,,,,,,,,,,,,,,0.9197674418604651,0.9198329973630757,0.9208381138660557,0.9197674418604651,1.0,1.0,1.0,1.0,7.027969803921012e-05,6.933670520782471,198546
244,CNN,mfcc,100,0.001,32,adam,1e-5,3,16,5,1,128,0.0,,,,,,,,,,,,,,,,,,0.9186046511627907,0.9189766051808473,0.9206983063354581,0.9186046511627907,1.0,1.0,1.0,1.0,7.001355636951535e-05,6.8615405559539795,383767
245,CNN,mfcc,100,0.001,32,adam,1e-5,3,16,5,1,128,0.25,,,,,,,,,,,,,,,,,,0.9116279069767442,0.9120189903413042,0.9139408786333062,0.9116279069767442,1.0,1.0,1.0,1.0,6.859801536382631e-05,6.847758769989014,383908
246,CNN,mfcc,100,0.001,32,adam,1e-5,3,16,5,2,32,0.0,,,,,,,,,,,,,,,,,,0.8883720930232558,0.8891498004837587,0.8910987517653818,0.8883720930232558,1.0,1.0,1.0,1.0,7.963069649629814e-05,7.32547926902771,121471
247,CNN,mfcc,100,0.001,32,adam,1e-5,3,16,5,2,32,0.25,,,,,,,,,,,,,,,,,,0.8558139534883721,0.8571626156980792,0.8670548813692887,0.8558139534883721,0.9644935972060535,0.9645663462368586,0.967465125402969,0.9644935972060535,7.996365081432254e-05,7.503696441650391,121307
248,CNN,mfcc,100,0.001,32,adam,1e-5,3,16,5,2,64,0.0,,,,,,,,,,,,,,,,,,0.9116279069767442,0.9121886984196085,0.9142699026884675,0.9116279069767442,1.0,1.0,1.0,1.0,8.004709731700809e-05,7.419560670852661,257569
249,CNN,mfcc,100,0.001,32,adam,1e-5,3,16,5,2,64,0.25,,,,,,,,,,,,,,,,,,0.8930232558139535,0.893062099320468,0.8941104743590403,0.8930232558139535,1.0,1.0,1.0,1.0,8.071938226389331e-05,7.376849889755249,257575
250,CNN,mfcc,100,0.001,32,adam,1e-5,3,16,5,2,128,0.0,,,,,,,,,,,,,,,,,,0.9058139534883721,0.9063720383395948,0.907600159047862,0.9058139534883721,1.0,1.0,1.0,1.0,8.051367693169172e-05,7.840235471725464,617475
251,CNN,mfcc,100,0.001,32,adam,1e-5,3,16,5,2,128,0.25,,,,,,,,,,,,,,,,,,0.8976744186046511,0.8981279793569533,0.899813258400765,0.8976744186046511,1.0,1.0,1.0,1.0,7.957136908242868e-05,7.732037544250488,616884
252,CNN,mfcc,100,0.001,32,adam,1e-5,3,32,3,0,32,0.0,,,,,,,,,,,,,,,,,,0.7732558139534884,0.7747147874261315,0.7820934180765525,0.7732558139534884,1.0,1.0,1.0,1.0,8.160901624102926e-05,7.46213960647583,148691
253,CNN,mfcc,100,0.001,32,adam,1e-5,3,32,3,0,32,0.25,,,,,,,,,,,,,,,,,,0.7953488372093023,0.7951808530642958,0.7980271003842822,0.7953488372093023,1.0,1.0,1.0,1.0,8.227936057157294e-05,7.216298818588257,148452
254,CNN,mfcc,100,0.001,32,adam,1e-5,3,32,3,0,64,0.0,,,,,,,,,,,,,,,,,,0.791860465116279,0.791749748241758,0.795147096042534,0.791860465116279,1.0,1.0,1.0,1.0,8.173765138138173e-05,7.46083402633667,148571
255,CNN,mfcc,100,0.001,32,adam,1e-5,3,32,3,0,64,0.25,,,,,,,,,,,,,,,,,,0.786046511627907,0.7865304272463607,0.7918849507217878,0.786046511627907,0.9997089639115251,0.9997089399877002,0.9997099504745367,0.9997089639115251,8.228795472965684e-05,7.2069220542907715,148554
256,CNN,mfcc,100,0.001,32,adam,1e-5,3,32,3,0,128,0.0,,,,,,,,,,,,,,,,,,0.7965116279069767,0.798002225533181,0.801784377215075,0.7965116279069767,1.0,1.0,1.0,1.0,8.239773816840593e-05,7.351783275604248,148638
257,CNN,mfcc,100,0.001,32,adam,1e-5,3,32,3,0,128,0.25,,,,,,,,,,,,,,,,,,0.7872093023255814,0.7890415986235858,0.7938580870524914,0.7872093023255814,1.0,1.0,1.0,1.0,8.303121078846066e-05,7.089069128036499,148704
258,CNN,mfcc,100,0.001,32,adam,1e-5,3,32,3,1,32,0.0,,,,,,,,,,,,,,,,,,0.8058139534883721,0.8071277993807375,0.8105309491071293,0.8058139534883721,1.0,1.0,1.0,1.0,9.356543075206668e-05,7.9564361572265625,163848
259,CNN,mfcc,100,0.001,32,adam,1e-5,3,32,3,1,32,0.25,,,,,,,,,,,,,,,,,,0.7988372093023256,0.7997989675216384,0.8019858230471494,0.7988372093023256,1.0,1.0,1.0,1.0,9.405252545378929e-05,7.874722242355347,164016
260,CNN,mfcc,100,0.001,32,adam,1e-5,3,32,3,1,64,0.0,,,,,,,,,,,,,,,,,,0.7674418604651163,0.7694127231926962,0.7777342546195709,0.7674418604651163,1.0,1.0,1.0,1.0,9.435387544853743e-05,7.737986087799072,184454
261,CNN,mfcc,100,0.001,32,adam,1e-5,3,32,3,1,64,0.25,,,,,,,,,,,,,,,,,,0.8034883720930233,0.8040779473631872,0.8070733339588638,0.8034883720930233,1.0,1.0,1.0,1.0,9.317342625107876e-05,8.034197807312012,184276
262,CNN,mfcc,100,0.001,32,adam,1e-5,3,32,3,1,128,0.0,,,,,,,,,,,,,,,,,,0.8,0.7992699232795771,0.8003038822019557,0.8,1.0,1.0,1.0,1.0,9.471704793530841e-05,7.916710138320923,224995
263,CNN,mfcc,100,0.001,32,adam,1e-5,3,32,3,1,128,0.25,,,,,,,,,,,,,,,,,,0.8093023255813954,0.808206104639322,0.8096379289799226,0.8093023255813954,1.0,1.0,1.0,1.0,9.507966596026754e-05,7.958285570144653,225079
264,CNN,mfcc,100,0.001,32,adam,1e-5,3,32,3,2,32,0.0,,,,,,,,,,,,,,,,,,0.7267441860465116,0.7263538335712135,0.7299860576061543,0.7267441860465116,1.0,1.0,1.0,1.0,0.00010489142218301463,8.33736276626587,179431
265,CNN,mfcc,100,0.001,32,adam,1e-5,3,32,3,2,32,0.25,,,,,,,,,,,,,,,,,,0.7127906976744186,0.7136134952462057,0.7195146189717674,0.7127906976744186,1.0,1.0,1.0,1.0,0.00010488809541214344,8.63921308517456,179645
266,CNN,mfcc,100,0.001,32,adam,1e-5,3,32,3,2,64,0.0,,,,,,,,,,,,,,,,,,0.7697674418604651,0.7685930051827614,0.7714990204102535,0.7697674418604651,1.0,1.0,1.0,1.0,0.00010461391404617665,8.564976930618286,243659
267,CNN,mfcc,100,0.001,32,adam,1e-5,3,32,3,2,64,0.25,,,,,,,,,,,,,,,,,,0.7511627906976744,0.7522120980652174,0.7561856982674706,0.7511627906976744,1.0,1.0,1.0,1.0,0.00010464884514032409,8.689061641693115,243756
268,CNN,mfcc,100,0.001,32,adam,1e-5,3,32,3,2,128,0.0,,,,,,,,,,,,,,,,,,0.8046511627906977,0.8057966633987175,0.8086290952592933,0.8046511627906977,1.0,1.0,1.0,1.0,0.0001060918320057004,8.764556407928467,458787
269,CNN,mfcc,100,0.001,32,adam,1e-5,3,32,3,2,128,0.25,,,,,,,,,,,,,,,,,,0.7581395348837209,0.75786829825711,0.7625471599795959,0.7581395348837209,1.0,1.0,1.0,1.0,0.00010807458744492641,8.536584615707397,459195
270,CNN,mfcc,100,0.001,32,adam,1e-5,3,32,5,0,32,0.0,,,,,,,,,,,,,,,,,,0.9162790697674419,0.9169357784035128,0.9188257775947603,0.9162790697674419,1.0,1.0,1.0,1.0,5.7556462842364643e-05,6.578666925430298,83723
271,CNN,mfcc,100,0.001,32,adam,1e-5,3,32,5,0,32,0.25,,,,,,,,,,,,,,,,,,0.9325581395348838,0.9328505611895482,0.933852179429306,0.9325581395348838,1.0,1.0,1.0,1.0,6.143880444903706e-05,6.510796070098877,83653
272,CNN,mfcc,100,0.001,32,adam,1e-5,3,32,5,0,64,0.0,,,,,,,,,,,,,,,,,,0.9279069767441861,0.9280520914006116,0.9290215899555904,0.9279069767441861,1.0,1.0,1.0,1.0,5.806850832562114e-05,6.1405417919158936,83705
273,CNN,mfcc,100,0.001,32,adam,1e-5,3,32,5,0,64,0.25,,,,,,,,,,,,,,,,,,0.9232558139534883,0.9235366423455239,0.9245489106295643,0.9232558139534883,1.0,1.0,1.0,1.0,5.727978639824446e-05,6.352526903152466,83666
274,CNN,mfcc,100,0.001,32,adam,1e-5,3,32,5,0,128,0.0,,,,,,,,,,,,,,,,,,0.9232558139534883,0.9236512485251654,0.9249019923077577,0.9232558139534883,1.0,1.0,1.0,1.0,5.6646036547283794e-05,6.494516372680664,83634
275,CNN,mfcc,100,0.001,32,adam,1e-5,3,32,5,0,128,0.25,,,,,,,,,,,,,,,,,,0.9302325581395349,0.9304702199128084,0.9313026408614641,0.9302325581395349,1.0,1.0,1.0,1.0,5.766790966654933e-05,6.072781324386597,83702
276,CNN,mfcc,100,0.001,32,adam,1e-5,3,32,5,1,32,0.0,,,,,,,,,,,,,,,,,,0.9290697674418604,0.9293392019167914,0.9313355781479155,0.9290697674418604,1.0,1.0,1.0,1.0,7.23711279935615e-05,7.071919679641724,198680
277,CNN,mfcc,100,0.001,32,adam,1e-5,3,32,5,1,32,0.25,,,,,,,,,,,,,,,,,,0.9197674418604651,0.9207534590462664,0.9233169448761045,0.9197674418604651,1.0,1.0,1.0,1.0,7.116905478544014e-05,7.245861053466797,198613
278,CNN,mfcc,100,0.001,32,adam,1e-5,3,32,5,1,64,0.0,,,,,,,,,,,,,,,,,,0.9383720930232559,0.9388080434409253,0.9403202714610513,0.9383720930232559,1.0,1.0,1.0,1.0,6.904019865878792e-05,7.387939453125,378256
279,CNN,mfcc,100,0.001,32,adam,1e-5,3,32,5,1,64,0.25,,,,,,,,,,,,,,,,,,0.9279069767441861,0.9275797998298162,0.9284953117432678,0.9279069767441861,1.0,1.0,1.0,1.0,6.943802500880042e-05,7.056375503540039,377854
280,CNN,mfcc,100,0.001,32,adam,1e-5,3,32,5,1,128,0.0,,,,,,,,,,,,,,,,,,0.9267441860465117,0.9267502195993952,0.9281823267425868,0.9267441860465117,1.0,1.0,1.0,1.0,6.976848424867142e-05,7.360144853591919,736544
281,CNN,mfcc,100,0.001,32,adam,1e-5,3,32,5,1,128,0.25,,,,,,,,,,,,,,,,,,0.9186046511627907,0.919180597273592,0.9207138943138653,0.9186046511627907,1.0,1.0,1.0,1.0,6.97285629982172e-05,7.188482999801636,737089
282,CNN,mfcc,100,0.001,32,adam,1e-5,3,32,5,2,32,0.0,,,,,,,,,,,,,,,,,,0.9174418604651163,0.9176735432330871,0.9195586975717066,0.9174418604651163,1.0,1.0,1.0,1.0,7.952673490657362e-05,7.3828699588775635,213949
283,CNN,mfcc,100,0.001,32,adam,1e-5,3,32,5,2,32,0.25,,,,,,,,,,,,,,,,,,0.9058139534883721,0.9055028704821944,0.9064471664766077,0.9058139534883721,1.0,1.0,1.0,1.0,7.877100345700287e-05,7.4079909324646,214052
284,CNN,mfcc,100,0.001,32,adam,1e-5,3,32,5,2,64,0.0,,,,,,,,,,,,,,,,,,0.9302325581395349,0.9305978477100381,0.9316769875304134,0.9302325581395349,1.0,1.0,1.0,1.0,8.13240228697311e-05,7.466079950332642,437189
285,CNN,mfcc,100,0.001,32,adam,1e-5,3,32,5,2,64,0.25,,,,,,,,,,,,,,,,,,0.9151162790697674,0.9151675695615722,0.916077918039279,0.9151162790697674,1.0,1.0,1.0,1.0,7.975184640219046e-05,7.83774995803833,437292
286,CNN,mfcc,100,0.001,32,adam,1e-5,3,32,5,2,128,0.0,,,,,,,,,,,,,,,,,,0.9279069767441861,0.928214119510615,0.9290058322879481,0.9279069767441861,1.0,1.0,1.0,1.0,7.939033730085506e-05,7.940129995346069,970895
287,CNN,mfcc,100,0.001,32,adam,1e-5,3,32,5,2,128,0.25,,,,,,,,,,,,,,,,,,0.9197674418604651,0.9203238321728072,0.9229697865193043,0.9197674418604651,1.0,1.0,1.0,1.0,8.021482201509697e-05,8.172038078308105,970870
288,CNN,mfcc,100,0.001,32,adam,1e-5,3,64,3,0,32,0.0,,,,,,,,,,,,,,,,,,0.85,0.8504814994605637,0.8533655398903046,0.85,1.0,1.0,1.0,1.0,8.096362269201944e-05,7.539313554763794,549869
289,CNN,mfcc,100,0.001,32,adam,1e-5,3,64,3,0,32,0.25,,,,,,,,,,,,,,,,,,0.8302325581395349,0.8304426920901531,0.833566817980177,0.8302325581395349,1.0,1.0,1.0,1.0,8.211690326069676e-05,7.430892467498779,550281
290,CNN,mfcc,100,0.001,32,adam,1e-5,3,64,3,0,64,0.0,,,,,,,,,,,,,,,,,,0.8162790697674419,0.8165340668511052,0.8175412653409936,0.8162790697674419,1.0,1.0,1.0,1.0,8.209056632463322e-05,7.330664157867432,550386
291,CNN,mfcc,100,0.001,32,adam,1e-5,3,64,3,0,64,0.25,,,,,,,,,,,,,,,,,,0.8244186046511628,0.8248785665582878,0.8277900868156284,0.8244186046511628,1.0,1.0,1.0,1.0,8.139887521433275e-05,7.267408609390259,549967
292,CNN,mfcc,100,0.001,32,adam,1e-5,3,64,3,0,128,0.0,,,,,,,,,,,,,,,,,,0.827906976744186,0.8277964525747173,0.8291138835071484,0.827906976744186,1.0,1.0,1.0,1.0,8.119982342387355e-05,7.594847679138184,550791
293,CNN,mfcc,100,0.001,32,adam,1e-5,3,64,3,0,128,0.25,,,,,,,,,,,,,,,,,,0.8546511627906976,0.854767925596613,0.8569506593265738,0.8546511627906976,1.0,1.0,1.0,1.0,8.24554021968398e-05,7.4113450050354,550032
294,CNN,mfcc,100,0.001,32,adam,1e-5,3,64,3,1,32,0.0,,,,,,,,,,,,,,,,,,0.8372093023255814,0.8368340173572684,0.839550542368963,0.8372093023255814,1.0,1.0,1.0,1.0,9.383462196172669e-05,8.217381954193115,574882
295,CNN,mfcc,100,0.001,32,adam,1e-5,3,64,3,1,32,0.25,,,,,,,,,,,,,,,,,,0.8220930232558139,0.823120167874376,0.8284807787984152,0.8220930232558139,1.0,1.0,1.0,1.0,9.438298469366029e-05,8.022915601730347,574651
296,CNN,mfcc,100,0.001,32,adam,1e-5,3,64,3,1,64,0.0,,,,,,,,,,,,,,,,,,0.8441860465116279,0.8453066649785337,0.8475294057457847,0.8441860465116279,1.0,1.0,1.0,1.0,9.408191192981809e-05,8.166486978530884,609063
297,CNN,mfcc,100,0.001,32,adam,1e-5,3,64,3,1,64,0.25,,,,,,,,,,,,,,,,,,0.8313953488372093,0.8314806975233772,0.8322050181467235,0.8313953488372093,1.0,1.0,1.0,1.0,9.439906408620435e-05,8.180826902389526,609091
298,CNN,mfcc,100,0.001,32,adam,1e-5,3,64,3,1,128,0.0,,,,,,,,,,,,,,,,,,0.8244186046511628,0.8246915381943514,0.8258819222302023,0.8244186046511628,1.0,1.0,1.0,1.0,9.454488754272461e-05,8.125900268554688,679332
299,CNN,mfcc,100,0.001,32,adam,1e-5,3,64,3,1,128,0.25,,,,,,,,,,,,,,,,,,0.8232558139534883,0.8238700701668347,0.8263273371990438,0.8232558139534883,1.0,1.0,1.0,1.0,9.618249050406523e-05,8.09113073348999,679232
300,CNN,mfcc,100,0.001,32,adam,1e-5,3,64,3,2,32,0.0,,,,,,,,,,,,,,,,,,0.7558139534883721,0.756451006955151,0.7593156738246208,0.7558139534883721,1.0,1.0,1.0,1.0,0.00010482405507287314,8.672235250473022,590512
301,CNN,mfcc,100,0.001,32,adam,1e-5,3,64,3,2,32,0.25,,,,,,,,,,,,,,,,,,0.8034883720930233,0.8049336736382481,0.8087890906117859,0.8034883720930233,1.0,1.0,1.0,1.0,0.00010566046071607013,8.779227018356323,590044
302,CNN,mfcc,100,0.001,32,adam,1e-5,3,64,3,2,64,0.0,,,,,,,,,,,,,,,,,,0.8162790697674419,0.8175884563879107,0.8222987936381955,0.8162790697674419,1.0,1.0,1.0,1.0,0.00010423909786135651,8.833231210708618,668686
303,CNN,mfcc,100,0.001,32,adam,1e-5,3,64,3,2,64,0.25,,,,,,,,,,,,,,,,,,0.7883720930232558,0.7890917793188674,0.7921522765299471,0.7883720930232558,1.0,1.0,1.0,1.0,0.00010548663693805074,8.690563440322876,669258
304,CNN,mfcc,100,0.001,32,adam,1e-5,3,64,3,2,128,0.0,,,,,,,,,,,,,,,,,,0.8104651162790698,0.8116521056960613,0.8145595129275114,0.8104651162790698,1.0,1.0,1.0,1.0,0.000105962919634442,8.901503324508667,913215
305,CNN,mfcc,100,0.001,32,adam,1e-5,3,64,3,2,128,0.25,,,,,,,,,,,,,,,,,,0.8232558139534883,0.8227434984762403,0.8241618022099022,0.8232558139534883,1.0,1.0,1.0,1.0,0.00010579048201095226,8.87439751625061,912816
306,CNN,mfcc,100,0.001,32,adam,1e-5,3,64,5,0,32,0.0,,,,,,,,,,,,,,,,,,0.9406976744186046,0.9407758533104731,0.9412603869946023,0.9406976744186046,1.0,1.0,1.0,1.0,5.510851394298465e-05,6.199141979217529,160624
307,CNN,mfcc,100,0.001,32,adam,1e-5,3,64,5,0,32,0.25,,,,,,,,,,,,,,,,,,0.9453488372093023,0.9455058590766472,0.9461770373261554,0.9453488372093023,1.0,1.0,1.0,1.0,5.415345347204874e-05,6.606149911880493,160577
308,CNN,mfcc,100,0.001,32,adam,1e-5,3,64,5,0,64,0.0,,,,,,,,,,,,,,,,,,0.9302325581395349,0.9299593878843943,0.9306029506821191,0.9302325581395349,1.0,1.0,1.0,1.0,5.487896675287291e-05,6.47783637046814,160583
309,CNN,mfcc,100,0.001,32,adam,1e-5,3,64,5,0,64,0.25,,,,,,,,,,,,,,,,,,0.9441860465116279,0.944229371895479,0.9448077493787147,0.9441860465116279,1.0,1.0,1.0,1.0,5.500150281329488e-05,6.619502782821655,160614
310,CNN,mfcc,100,0.001,32,adam,1e-5,3,64,5,0,128,0.0,,,,,,,,,,,,,,,,,,0.9348837209302325,0.9353580840341619,0.9369313907466763,0.9348837209302325,1.0,1.0,1.0,1.0,5.463888478833576e-05,6.5546252727508545,160575
311,CNN,mfcc,100,0.001,32,adam,1e-5,3,64,5,0,128,0.25,,,,,,,,,,,,,,,,,,0.9476744186046512,0.947714337500601,0.9484149313159808,0.9476744186046512,1.0,1.0,1.0,1.0,5.453963612401208e-05,6.173256874084473,160574
312,CNN,mfcc,100,0.001,32,adam,1e-5,3,64,5,1,32,0.0,,,,,,,,,,,,,,,,,,0.9441860465116279,0.9444478373223695,0.9451547992763278,0.9441860465116279,1.0,1.0,1.0,1.0,6.501397421193677e-05,6.853239059448242,383977
313,CNN,mfcc,100,0.001,32,adam,1e-5,3,64,5,1,32,0.25,,,,,,,,,,,,,,,,,,0.9395348837209302,0.9395413887499672,0.9397859248959163,0.9395348837209302,1.0,1.0,1.0,1.0,6.572645764018214e-05,6.804054260253906,384180
314,CNN,mfcc,100,0.001,32,adam,1e-5,3,64,5,1,64,0.0,,,,,,,,,,,,,,,,,,0.9441860465116279,0.9444184192920649,0.945467635577877,0.9441860465116279,1.0,1.0,1.0,1.0,6.772418354832849e-05,7.222494125366211,737651
315,CNN,mfcc,100,0.001,32,adam,1e-5,3,64,5,1,64,0.25,,,,,,,,,,,,,,,,,,0.9383720930232559,0.9383357631999673,0.9396959241386246,0.9383720930232559,1.0,1.0,1.0,1.0,6.712065186611441e-05,7.118263006210327,737395
316,CNN,mfcc,100,0.001,32,adam,1e-5,3,64,5,1,128,0.0,,,,,,,,,,,,,,,,,,0.9430232558139535,0.9434500120042973,0.9448551948487287,0.9430232558139535,1.0,1.0,1.0,1.0,6.712952325510424e-05,7.467435121536255,1445412
317,CNN,mfcc,100,0.001,32,adam,1e-5,3,64,5,1,128,0.25,,,,,,,,,,,,,,,,,,0.9465116279069767,0.9468387262052336,0.9480162925582429,0.9465116279069767,1.0,1.0,1.0,1.0,6.568154623342115e-05,7.454128980636597,1445792
318,CNN,mfcc,100,0.001,32,adam,1e-5,3,64,5,2,32,0.0,,,,,,,,,,,,,,,,,,0.9023255813953488,0.9025459136725821,0.9043798359713296,0.9023255813953488,1.0,1.0,1.0,1.0,7.667181103728538e-05,7.777784824371338,399727
319,CNN,mfcc,100,0.001,32,adam,1e-5,3,64,5,2,32,0.25,,,,,,,,,,,,,,,,,,0.9348837209302325,0.9350057621267571,0.9352407911611312,0.9348837209302325,1.0,1.0,1.0,1.0,7.639596628588299e-05,7.634788274765015,399761
320,CNN,mfcc,100,0.001,32,adam,1e-5,3,64,5,2,64,0.0,,,,,,,,,,,,,,,,,,0.9279069767441861,0.9280878897647572,0.9290663860325303,0.9279069767441861,1.0,1.0,1.0,1.0,7.897532263467478e-05,7.660564184188843,796567
321,CNN,mfcc,100,0.001,32,adam,1e-5,3,64,5,2,64,0.25,,,,,,,,,,,,,,,,,,0.9186046511627907,0.9191670864680825,0.921210509254615,0.9186046511627907,1.0,1.0,1.0,1.0,7.706658784733262e-05,8.121670961380005,796888
322,CNN,mfcc,100,0.001,32,adam,1e-5,3,64,5,2,128,0.0,,,,,,,,,,,,,,,,,,0.9325581395348838,0.9330904312533767,0.9345031910597342,0.9325581395348838,1.0,1.0,1.0,1.0,7.663632548132608e-05,8.003590822219849,1677781
323,CNN,mfcc,100,0.001,32,adam,1e-5,3,64,5,2,128,0.25,,,,,,,,,,,,,,,,,,0.9267441860465117,0.9267864509877102,0.928602917420348,0.9267441860465117,1.0,1.0,1.0,1.0,7.674915846004042e-05,7.96553111076355,1677463
324,CNN,mfcc,100,0.001,32,sgd,1e-5,1,16,3,0,32,0.0,,,,,,,,,,,,,,,,,,0.9383720930232559,0.9386264244133212,0.9395404815948034,0.9383720930232559,1.0,1.0,1.0,1.0,5.403535310612169e-05,6.094673156738281,63343
325,CNN,mfcc,100,0.001,32,sgd,1e-5,1,16,3,0,32,0.25,,,,,,,,,,,,,,,,,,0.9337209302325581,0.9341907047676924,0.9356248594524029,0.9337209302325581,1.0,1.0,1.0,1.0,5.4470051166623136e-05,6.337875604629517,63313
326,CNN,mfcc,100,0.001,32,sgd,1e-5,1,16,3,0,64,0.0,,,,,,,,,,,,,,,,,,0.936046511627907,0.9362219346949956,0.9371415063323196,0.936046511627907,1.0,1.0,1.0,1.0,5.361063535823378e-05,6.46770977973938,63335
327,CNN,mfcc,100,0.001,32,sgd,1e-5,1,16,3,0,64,0.25,,,,,,,,,,,,,,,,,,0.9290697674418604,0.9293094250009595,0.9304637441625211,0.9290697674418604,1.0,1.0,1.0,1.0,5.6210784024970474e-05,6.170593023300171,63353
328,CNN,mfcc,100,0.001,32,sgd,1e-5,1,16,3,0,128,0.0,,,,,,,,,,,,,,,,,,0.922093023255814,0.9228743142604937,0.925419711219101,0.922093023255814,1.0,1.0,1.0,1.0,5.628840867863145e-05,6.54322361946106,63365
329,CNN,mfcc,100,0.001,32,sgd,1e-5,1,16,3,0,128,0.25,,,,,,,,,,,,,,,,,,0.9348837209302325,0.9351719758743203,0.9367047512256643,0.9348837209302325,1.0,1.0,1.0,1.0,5.427820737971816e-05,6.172421932220459,63353
330,CNN,mfcc,100,0.001,32,sgd,1e-5,1,16,3,1,32,0.0,,,,,,,,,,,,,,,,,,0.9255813953488372,0.925852979262549,0.9264998712575652,0.9255813953488372,1.0,1.0,1.0,1.0,6.849959839222043e-05,7.152354001998901,160168
331,CNN,mfcc,100,0.001,32,sgd,1e-5,1,16,3,1,32,0.25,,,,,,,,,,,,,,,,,,0.9232558139534883,0.9237193094924202,0.9256204788526714,0.9232558139534883,1.0,1.0,1.0,1.0,6.68514606564544e-05,6.966216802597046,160096
332,CNN,mfcc,100,0.001,32,sgd,1e-5,1,16,3,1,64,0.0,,,,,,,,,,,,,,,,,,0.9244186046511628,0.924767222465307,0.9262320777617966,0.9244186046511628,1.0,1.0,1.0,1.0,6.629117699556573e-05,6.952677011489868,310613
333,CNN,mfcc,100,0.001,32,sgd,1e-5,1,16,3,1,64,0.25,,,,,,,,,,,,,,,,,,0.9267441860465117,0.9268799375784262,0.9287973639589758,0.9267441860465117,0.9997089639115251,0.9997089656123913,0.9997099606104581,0.9997089639115251,6.779986758564794e-05,7.15551233291626,310831
334,CNN,mfcc,100,0.001,32,sgd,1e-5,1,16,3,1,128,0.0,,,,,,,,,,,,,,,,,,0.9348837209302325,0.9349361339643466,0.9354687819462123,0.9348837209302325,1.0,1.0,1.0,1.0,6.807432618252066e-05,7.40646767616272,611563
335,CNN,mfcc,100,0.001,32,sgd,1e-5,1,16,3,1,128,0.25,,,,,,,,,,,,,,,,,,0.9372093023255814,0.9371928934530411,0.9378407364255771,0.9372093023255814,1.0,1.0,1.0,1.0,6.591968758161678e-05,6.939172029495239,611618
336,CNN,mfcc,100,0.001,32,sgd,1e-5,1,16,3,2,32,0.0,,,,,,,,,,,,,,,,,,0.9162790697674419,0.9162882700442178,0.9172861375370556,0.9162790697674419,1.0,1.0,1.0,1.0,7.676523785258449e-05,7.530083656311035,175701
337,CNN,mfcc,100,0.001,32,sgd,1e-5,1,16,3,2,32,0.25,,,,,,,,,,,,,,,,,,0.922093023255814,0.9223172249499784,0.9236679287797737,0.922093023255814,1.0,1.0,1.0,1.0,7.650020510651344e-05,7.732775926589966,175605
338,CNN,mfcc,100,0.001,32,sgd,1e-5,1,16,3,2,64,0.0,,,,,,,,,,,,,,,,,,0.9290697674418604,0.9294353702347661,0.9316474608654414,0.9290697674418604,1.0,1.0,1.0,1.0,7.768730784571449e-05,7.8035197257995605,369711
339,CNN,mfcc,100,0.001,32,sgd,1e-5,1,16,3,2,64,0.25,,,,,,,,,,,,,,,,,,0.9104651162790698,0.9103847398336976,0.911217530665979,0.9104651162790698,1.0,1.0,1.0,1.0,7.801582646924396e-05,7.354848623275757,369926
340,CNN,mfcc,100,0.001,32,sgd,1e-5,1,16,3,2,128,0.0,,,,,,,,,,,,,,,,,,0.9348837209302325,0.9351613694332745,0.9367595311147183,0.9348837209302325,1.0,1.0,1.0,1.0,7.717775744061137e-05,7.597467660903931,845211
341,CNN,mfcc,100,0.001,32,sgd,1e-5,1,16,3,2,128,0.25,,,,,,,,,,,,,,,,,,0.9116279069767442,0.9122593103083569,0.9142354157153085,0.9116279069767442,1.0,1.0,1.0,1.0,7.843943529350813e-05,7.906684398651123,845165
342,CNN,mfcc,100,0.001,32,sgd,1e-5,1,16,5,0,32,0.0,,,,,,,,,,,,,,,,,,0.9197674418604651,0.9204408265880416,0.9230165518646034,0.9197674418604651,1.0,1.0,1.0,1.0,5.6768295376799824e-05,6.3702123165130615,45221
343,CNN,mfcc,100,0.001,32,sgd,1e-5,1,16,5,0,32,0.25,,,,,,,,,,,,,,,,,,0.8930232558139535,0.8941161648822421,0.8980633652378789,0.8930232558139535,1.0,1.0,1.0,1.0,5.733606427214867e-05,6.0255396366119385,45231
344,CNN,mfcc,100,0.001,32,sgd,1e-5,1,16,5,0,64,0.0,,,,,,,,,,,,,,,,,,0.9162790697674419,0.9165511504912294,0.9179405161594567,0.9162790697674419,1.0,1.0,1.0,1.0,5.6651303934496505e-05,6.110528230667114,45207
345,CNN,mfcc,100,0.001,32,sgd,1e-5,1,16,5,0,64,0.25,,,,,,,,,,,,,,,,,,0.8930232558139535,0.893666867703164,0.8964095831815033,0.8930232558139535,1.0,1.0,1.0,1.0,5.701031795767851e-05,6.376194000244141,45223
346,CNN,mfcc,100,0.001,32,sgd,1e-5,1,16,5,0,128,0.0,,,,,,,,,,,,,,,,,,0.9127906976744186,0.9134490850780812,0.9153399294488326,0.9127906976744186,1.0,1.0,1.0,1.0,5.660750145135924e-05,6.4225239753723145,45231
347,CNN,mfcc,100,0.001,32,sgd,1e-5,1,16,5,0,128,0.25,,,,,,,,,,,,,,,,,,0.9058139534883721,0.9060778638780983,0.9078276288550442,0.9058139534883721,1.0,1.0,1.0,1.0,5.6773562764012535e-05,6.103213548660278,45245
348,CNN,mfcc,100,0.001,32,sgd,1e-5,1,16,5,1,32,0.0,,,,,,,,,,,,,,,,,,0.891860465116279,0.8927340996476144,0.8963904112636023,0.891860465116279,1.0,1.0,1.0,1.0,6.93964403729106e-05,6.808063983917236,105752
349,CNN,mfcc,100,0.001,32,sgd,1e-5,1,16,5,1,32,0.25,,,,,,,,,,,,,,,,,,0.9069767441860465,0.9076146295576212,0.9105688754955197,0.9069767441860465,1.0,1.0,1.0,1.0,6.990737693254337e-05,6.813776731491089,105888
350,CNN,mfcc,100,0.001,32,sgd,1e-5,1,16,5,1,64,0.0,,,,,,,,,,,,,,,,,,0.9023255813953488,0.9032760493700226,0.9061919692197836,0.9023255813953488,1.0,1.0,1.0,1.0,6.85278759446255e-05,7.280744791030884,198407
351,CNN,mfcc,100,0.001,32,sgd,1e-5,1,16,5,1,64,0.25,,,,,,,,,,,,,,,,,,0.9116279069767442,0.9128210338280346,0.9171689898826145,0.9116279069767442,1.0,1.0,1.0,1.0,6.801499876865121e-05,7.273427963256836,198433
352,CNN,mfcc,100,0.001,32,sgd,1e-5,1,16,5,1,128,0.0,,,,,,,,,,,,,,,,,,0.9011627906976745,0.9016708079330114,0.9030928339182269,0.9011627906976745,1.0,1.0,1.0,1.0,6.827088289482648e-05,7.274454355239868,383544
353,CNN,mfcc,100,0.001,32,sgd,1e-5,1,16,5,1,128,0.25,,,,,,,,,,,,,,,,,,0.922093023255814,0.922528459623976,0.9238805449097452,0.922093023255814,1.0,1.0,1.0,1.0,7.268717122632403e-05,7.177870512008667,383422
354,CNN,mfcc,100,0.001,32,sgd,1e-5,1,16,5,2,32,0.0,,,,,,,,,,,,,,,,,,0.8802325581395349,0.8809050132922335,0.8827145517776163,0.8802325581395349,1.0,1.0,1.0,1.0,7.920071136119754e-05,7.545164108276367,121292
355,CNN,mfcc,100,0.001,32,sgd,1e-5,1,16,5,2,32,0.25,,,,,,,,,,,,,,,,,,0.8906976744186047,0.890814511109517,0.8950987567838161,0.8906976744186047,1.0,1.0,1.0,1.0,8.005874101505723e-05,7.7577667236328125,121246
356,CNN,mfcc,100,0.001,32,sgd,1e-5,1,16,5,2,64,0.0,,,,,,,,,,,,,,,,,,0.9034883720930232,0.9031988802458315,0.9045958143788985,0.9034883720930232,1.0,1.0,1.0,1.0,7.952673490657362e-05,7.4819724559783936,257484
357,CNN,mfcc,100,0.001,32,sgd,1e-5,1,16,5,2,64,0.25,,,,,,,,,,,,,,,,,,0.8930232558139535,0.8934015714469131,0.89498803173609,0.8930232558139535,1.0,1.0,1.0,1.0,8.050591446632562e-05,7.572204351425171,257524
358,CNN,mfcc,100,0.001,32,sgd,1e-5,1,16,5,2,128,0.0,,,,,,,,,,,,,,,,,,0.9127906976744186,0.9131472847882781,0.9144771019536231,0.9127906976744186,1.0,1.0,1.0,1.0,7.994840311449628e-05,7.596951961517334,617415
359,CNN,mfcc,100,0.001,32,sgd,1e-5,1,16,5,2,128,0.25,,,,,,,,,,,,,,,,,,0.8965116279069767,0.8970924092635428,0.8990589516740835,0.8965116279069767,1.0,1.0,1.0,1.0,7.992012556209121e-05,7.782148599624634,617015
360,CNN,mfcc,100,0.001,32,sgd,1e-5,1,32,3,0,32,0.0,,,,,,,,,,,,,,,,,,0.9418604651162791,0.9420666129374614,0.9428648406313729,0.9418604651162791,1.0,1.0,1.0,1.0,5.405198696047761e-05,6.0346903800964355,119981
361,CNN,mfcc,100,0.001,32,sgd,1e-5,1,32,3,0,32,0.25,,,,,,,,,,,,,,,,,,0.9430232558139535,0.9431683919926606,0.9441059840171717,0.9430232558139535,1.0,1.0,1.0,1.0,5.4430407147074856e-05,6.518137216567993,119877
362,CNN,mfcc,100,0.001,32,sgd,1e-5,1,32,3,0,64,0.0,,,,,,,,,,,,,,,,,,0.9453488372093023,0.9453486078004759,0.94587363355997,0.9453488372093023,1.0,1.0,1.0,1.0,5.444620930871298e-05,6.64877986907959,119902
363,CNN,mfcc,100,0.001,32,sgd,1e-5,1,32,3,0,64,0.25,,,,,,,,,,,,,,,,,,0.9383720930232559,0.9388904162352422,0.94056264052295,0.9383720930232559,1.0,1.0,1.0,1.0,5.5016750513121136e-05,6.1067054271698,119912
364,CNN,mfcc,100,0.001,32,sgd,1e-5,1,32,3,0,128,0.0,,,,,,,,,,,,,,,,,,0.9418604651162791,0.9421625554030589,0.9436472304079866,0.9418604651162791,1.0,1.0,1.0,1.0,5.4941898168519486e-05,6.004201650619507,119859
365,CNN,mfcc,100,0.001,32,sgd,1e-5,1,32,3,0,128,0.25,,,,,,,,,,,,,,,,,,0.9348837209302325,0.9351408134411877,0.9375125590777913,0.9348837209302325,1.0,1.0,1.0,1.0,5.391558935475904e-05,6.085191249847412,119938
366,CNN,mfcc,100,0.001,32,sgd,1e-5,1,32,3,1,32,0.0,,,,,,,,,,,,,,,,,,0.9395348837209302,0.9396563912694186,0.940256915141023,0.9395348837209302,1.0,1.0,1.0,1.0,6.563857544300168e-05,6.935318470001221,307578
367,CNN,mfcc,100,0.001,32,sgd,1e-5,1,32,3,1,32,0.25,,,,,,,,,,,,,,,,,,0.9465116279069767,0.9465981463233296,0.9474088753731413,0.9465116279069767,1.0,1.0,1.0,1.0,6.566851638084234e-05,7.276526212692261,306892
368,CNN,mfcc,100,0.001,32,sgd,1e-5,1,32,3,1,64,0.0,,,,,,,,,,,,,,,,,,0.9383720930232559,0.9384732769030093,0.9397343003558011,0.9383720930232559,1.0,1.0,1.0,1.0,6.670036981272143e-05,7.098900079727173,602468
369,CNN,mfcc,100,0.001,32,sgd,1e-5,1,32,3,1,64,0.25,,,,,,,,,,,,,,,,,,0.9395348837209302,0.9399111353425882,0.9409094619130797,0.9395348837209302,1.0,1.0,1.0,1.0,6.787416546843773e-05,7.274829864501953,602438
370,CNN,mfcc,100,0.001,32,sgd,1e-5,1,32,3,1,128,0.0,,,,,,,,,,,,,,,,,,0.9430232558139535,0.94326447495267,0.9443063941730102,0.9430232558139535,1.0,1.0,1.0,1.0,6.631501885347589e-05,7.364083290100098,1193946
371,CNN,mfcc,100,0.001,32,sgd,1e-5,1,32,3,1,128,0.25,,,,,,,,,,,,,,,,,,0.9406976744186046,0.9409066253796495,0.941668281743049,0.9406976744186046,1.0,1.0,1.0,1.0,6.682151971861373e-05,7.659481525421143,1193311
372,CNN,mfcc,100,0.001,32,sgd,1e-5,1,32,3,2,32,0.0,,,,,,,,,,,,,,,,,,0.9127906976744186,0.9133776778547988,0.9162252228199553,0.9127906976744186,1.0,1.0,1.0,1.0,7.604471472806709e-05,7.475947856903076,322843
373,CNN,mfcc,100,0.001,32,sgd,1e-5,1,32,3,2,32,0.25,,,,,,,,,,,,,,,,,,0.9104651162790698,0.9109535488250372,0.9128844481698875,0.9104651162790698,1.0,1.0,1.0,1.0,7.641620414201603e-05,7.372555255889893,323135
374,CNN,mfcc,100,0.001,32,sgd,1e-5,1,32,3,2,64,0.0,,,,,,,,,,,,,,,,,,0.9418604651162791,0.9424052374106906,0.9438602780115928,0.9418604651162791,1.0,1.0,1.0,1.0,7.76554262915323e-05,7.858434438705444,661804
375,CNN,mfcc,100,0.001,32,sgd,1e-5,1,32,3,2,64,0.25,,,,,,,,,,,,,,,,,,0.9255813953488372,0.9257843408176839,0.9264907594582253,0.9255813953488372,1.0,1.0,1.0,1.0,7.79470732045728e-05,7.828004360198975,661177
376,CNN,mfcc,100,0.001,32,sgd,1e-5,1,32,3,2,128,0.0,,,,,,,,,,,,,,,,,,0.9372093023255814,0.9377502882969758,0.939370866020219,0.9372093023255814,1.0,1.0,1.0,1.0,7.605857627336369e-05,8.232911348342896,1426714
377,CNN,mfcc,100,0.001,32,sgd,1e-5,1,32,3,2,128,0.25,,,,,,,,,,,,,,,,,,0.9383720930232559,0.938573198629264,0.9397461491868553,0.9383720930232559,1.0,1.0,1.0,1.0,7.727950118308844e-05,7.953625440597534,1427451
378,CNN,mfcc,100,0.001,32,sgd,1e-5,1,32,5,0,32,0.0,,,,,,,,,,,,,,,,,,0.9348837209302325,0.9347933633836463,0.9351796348063357,0.9348837209302325,1.0,1.0,1.0,1.0,5.745665971622911e-05,6.540162086486816,83701
379,CNN,mfcc,100,0.001,32,sgd,1e-5,1,32,5,0,32,0.25,,,,,,,,,,,,,,,,,,0.936046511627907,0.9365041702327154,0.9379203064467254,0.936046511627907,1.0,1.0,1.0,1.0,5.7738603547562e-05,6.018457412719727,83715
380,CNN,mfcc,100,0.001,32,sgd,1e-5,1,32,5,0,64,0.0,,,,,,,,,,,,,,,,,,0.9348837209302325,0.9352342805916557,0.936699540741621,0.9348837209302325,1.0,1.0,1.0,1.0,5.70682592170183e-05,6.382014036178589,83703
381,CNN,mfcc,100,0.001,32,sgd,1e-5,1,32,5,0,64,0.25,,,,,,,,,,,,,,,,,,0.9430232558139535,0.9429534317586136,0.9434506534025043,0.9430232558139535,1.0,1.0,1.0,1.0,5.719744881918264e-05,6.604339122772217,83668
382,CNN,mfcc,100,0.001,32,sgd,1e-5,1,32,5,0,128,0.0,,,,,,,,,,,,,,,,,,0.9302325581395349,0.9306045272363039,0.9317951121311017,0.9302325581395349,1.0,1.0,1.0,1.0,5.754648252975109e-05,6.580268621444702,83721
383,CNN,mfcc,100,0.001,32,sgd,1e-5,1,32,5,0,128,0.25,,,,,,,,,,,,,,,,,,0.9197674418604651,0.9190722318436394,0.9226277606415751,0.9197674418604651,0.9970896391152503,0.9970848280425056,0.9971520320616023,0.9970896391152503,5.692077237506246e-05,6.647563457489014,83667
384,CNN,mfcc,100,0.001,32,sgd,1e-5,1,32,5,1,32,0.0,,,,,,,,,,,,,,,,,,0.9406976744186046,0.9407930551947502,0.9413492798184939,0.9406976744186046,1.0,1.0,1.0,1.0,6.944024285604788e-05,6.835267543792725,198570
385,CNN,mfcc,100,0.001,32,sgd,1e-5,1,32,5,1,32,0.25,,,,,,,,,,,,,,,,,,0.9174418604651163,0.9174327497401541,0.9185239955135565,0.9174418604651163,1.0,1.0,1.0,1.0,6.81982483974723e-05,6.904870986938477,198626
386,CNN,mfcc,100,0.001,32,sgd,1e-5,1,32,5,1,64,0.0,,,,,,,,,,,,,,,,,,0.9372093023255814,0.9373186859831694,0.9379315103624093,0.9372093023255814,1.0,1.0,1.0,1.0,6.952036258786224e-05,7.002085447311401,378016
387,CNN,mfcc,100,0.001,32,sgd,1e-5,1,32,5,1,64,0.25,,,,,,,,,,,,,,,,,,0.9209302325581395,0.9214800153273773,0.9236345383748336,0.9209302325581395,1.0,1.0,1.0,1.0,7.018987522568814e-05,6.959526300430298,378225
388,CNN,mfcc,100,0.001,32,sgd,1e-5,1,32,5,1,128,0.0,,,,,,,,,,,,,,,,,,0.9348837209302325,0.9353536345848683,0.9365722154871381,0.9348837209302325,1.0,1.0,1.0,1.0,7.000718005867891e-05,7.307246446609497,736654
389,CNN,mfcc,100,0.001,32,sgd,1e-5,1,32,5,1,128,0.25,,,,,,,,,,,,,,,,,,0.9325581395348838,0.9329708105030593,0.9340483143355663,0.9325581395348838,1.0,1.0,1.0,1.0,6.882340409034906e-05,7.46461033821106,736998
390,CNN,mfcc,100,0.001,32,sgd,1e-5,1,32,5,2,32,0.0,,,,,,,,,,,,,,,,,,0.9058139534883721,0.905812574801837,0.906737644721535,0.9058139534883721,1.0,1.0,1.0,1.0,8.200545643651208e-05,7.603021621704102,213976
391,CNN,mfcc,100,0.001,32,sgd,1e-5,1,32,5,2,32,0.25,,,,,,,,,,,,,,,,,,0.913953488372093,0.914245492483807,0.9160687284425993,0.913953488372093,1.0,1.0,1.0,1.0,7.935374282127203e-05,7.7193803787231445,214041
392,CNN,mfcc,100,0.001,32,sgd,1e-5,1,32,5,2,64,0.0,,,,,,,,,,,,,,,,,,0.9069767441860465,0.9077610023279695,0.9099704613294463,0.9069767441860465,1.0,1.0,1.0,1.0,8.027331773624864e-05,7.580376148223877,437037
393,CNN,mfcc,100,0.001,32,sgd,1e-5,1,32,5,2,64,0.25,,,,,,,,,,,,,,,,,,0.9174418604651163,0.9176902051223804,0.9190219939866738,0.9174418604651163,1.0,1.0,1.0,1.0,8.113772370094477e-05,7.668246507644653,436805
394,CNN,mfcc,100,0.001,32,sgd,1e-5,1,32,5,2,128,0.0,,,,,,,,,,,,,,,,,,0.9209302325581395,0.9216853445949337,0.924395530185409,0.9209302325581395,1.0,1.0,1.0,1.0,7.982448089954465e-05,7.779782295227051,970239
395,CNN,mfcc,100,0.001,32,sgd,1e-5,1,32,5,2,128,0.25,,,,,,,,,,,,,,,,,,0.9244186046511628,0.9243051809049911,0.9244294708000468,0.9244186046511628,1.0,1.0,1.0,1.0,7.913140363471453e-05,7.911163091659546,970224
396,CNN,mfcc,100,0.001,32,sgd,1e-5,1,64,3,0,32,0.0,,,,,,,,,,,,,,,,,,0.9511627906976744,0.9513750678074945,0.9521069232818333,0.9511627906976744,1.0,1.0,1.0,1.0,5.509382070497025e-05,6.544231653213501,232957
397,CNN,mfcc,100,0.001,32,sgd,1e-5,1,64,3,0,32,0.25,,,,,,,,,,,,,,,,,,0.9523255813953488,0.9523626532482019,0.9527937283192675,0.9523255813953488,1.0,1.0,1.0,1.0,5.6129278138626454e-05,6.429854393005371,232935
398,CNN,mfcc,100,0.001,32,sgd,1e-5,1,64,3,0,64,0.0,,,,,,,,,,,,,,,,,,0.9465116279069767,0.9467531671642522,0.9476690057095085,0.9465116279069767,1.0,1.0,1.0,1.0,5.650021309076354e-05,6.482469320297241,232944
399,CNN,mfcc,100,0.001,32,sgd,1e-5,1,64,3,0,64,0.25,,,,,,,,,,,,,,,,,,0.9465116279069767,0.9467051026211836,0.9476323704769826,0.9465116279069767,1.0,1.0,1.0,1.0,5.58598096980605e-05,6.699498653411865,232984
400,CNN,mfcc,100,0.001,32,sgd,1e-5,1,64,3,0,128,0.0,,,,,,,,,,,,,,,,,,0.95,0.9500611701042337,0.9505622636200228,0.95,1.0,1.0,1.0,1.0,5.88830127272495e-05,6.46302056312561,232933
401,CNN,mfcc,100,0.001,32,sgd,1e-5,1,64,3,0,128,0.25,,,,,,,,,,,,,,,,,,0.9511627906976744,0.9510245719989302,0.9513851803596785,0.9511627906976744,1.0,1.0,1.0,1.0,5.660057067871094e-05,6.576581239700317,233068
402,CNN,mfcc,100,0.001,32,sgd,1e-5,1,64,3,1,32,0.0,,,,,,,,,,,,,,,,,,0.9372093023255814,0.9374219009027761,0.938412430121707,0.9372093023255814,1.0,1.0,1.0,1.0,6.497793419416561e-05,7.373523473739624,601345
403,CNN,mfcc,100,0.001,32,sgd,1e-5,1,64,3,1,32,0.25,,,,,,,,,,,,,,,,,,0.936046511627907,0.9360199434219172,0.936458363023422,0.936046511627907,1.0,1.0,1.0,1.0,6.622214649998864e-05,7.157006740570068,602517
404,CNN,mfcc,100,0.001,32,sgd,1e-5,1,64,3,1,64,0.0,,,,,,,,,,,,,,,,,,0.9546511627906977,0.954766682600051,0.9555988146614779,0.9546511627906977,1.0,1.0,1.0,1.0,6.722461345583893e-05,7.3694398403167725,1187128
405,CNN,mfcc,100,0.001,32,sgd,1e-5,1,64,3,1,64,0.25,,,,,,,,,,,,,,,,,,0.95,0.9500442159429802,0.9504744604942189,0.95,1.0,1.0,1.0,1.0,6.746441818947016e-05,7.3408732414245605,1189449
406,CNN,mfcc,100,0.001,32,sgd,1e-5,1,64,3,1,128,0.0,,,,,,,,,,,,,,,,,,0.9441860465116279,0.944594844428495,0.9460265385623987,0.9441860465116279,1.0,1.0,1.0,1.0,6.586507309314816e-05,7.388806343078613,2359105
407,CNN,mfcc,100,0.001,32,sgd,1e-5,1,64,3,1,128,0.25,,,,,,,,,,,,,,,,,,0.9476744186046512,0.9480772899047567,0.9490914238238948,0.9476744186046512,1.0,1.0,1.0,1.0,6.619276002395984e-05,7.4786481857299805,2359079
408,CNN,mfcc,100,0.001,32,sgd,1e-5,1,64,3,2,32,0.0,,,,,,,,,,,,,,,,,,0.9325581395348838,0.9325629541480536,0.9335692202052499,0.9325581395348838,1.0,1.0,1.0,1.0,7.820434348527775e-05,7.73799729347229,616891
409,CNN,mfcc,100,0.001,32,sgd,1e-5,1,64,3,2,32,0.25,,,,,,,,,,,,,,,,,,0.9255813953488372,0.9256663100240483,0.9266079212825317,0.9255813953488372,1.0,1.0,1.0,1.0,7.621354834977971e-05,8.04008960723877,617265
410,CNN,mfcc,100,0.001,32,sgd,1e-5,1,64,3,2,64,0.0,,,,,,,,,,,,,,,,,,0.9441860465116279,0.9443310455352945,0.9456413401096403,0.9441860465116279,1.0,1.0,1.0,1.0,7.859302121539448e-05,8.345921516418457,1246239
411,CNN,mfcc,100,0.001,32,sgd,1e-5,1,64,3,2,64,0.25,,,,,,,,,,,,,,,,,,0.9348837209302325,0.9351298697702191,0.9359710052279511,0.9348837209302325,1.0,1.0,1.0,1.0,7.986495661181073e-05,8.301705121994019,1246836
412,CNN,mfcc,100,0.001,32,sgd,1e-5,1,64,3,2,128,0.0,,,,,,,,,,,,,,,,,,0.9430232558139535,0.94328267713871,0.9448992893349938,0.9430232558139535,1.0,1.0,1.0,1.0,7.759887118672215e-05,8.263291835784912,2590772
413,CNN,mfcc,100,0.001,32,sgd,1e-5,1,64,3,2,128,0.25,,,,,,,,,,,,,,,,,,0.9372093023255814,0.9373942413490991,0.9385543141169821,0.9372093023255814,1.0,1.0,1.0,1.0,7.717637128608171e-05,8.050480127334595,2591919
414,CNN,mfcc,100,0.001,32,sgd,1e-5,1,64,5,0,32,0.0,,,,,,,,,,,,,,,,,,0.9430232558139535,0.9433062549029222,0.9443010282940487,0.9430232558139535,1.0,1.0,1.0,1.0,5.4272108299787654e-05,6.282831192016602,160549
415,CNN,mfcc,100,0.001,32,sgd,1e-5,1,64,5,0,32,0.25,,,,,,,,,,,,,,,,,,0.9476744186046512,0.948030353219605,0.9493506438977579,0.9476744186046512,1.0,1.0,1.0,1.0,5.462419155032136e-05,6.188446521759033,160581
416,CNN,mfcc,100,0.001,32,sgd,1e-5,1,64,5,0,64,0.0,,,,,,,,,,,,,,,,,,0.936046511627907,0.9362643110924311,0.9372308247391904,0.936046511627907,1.0,1.0,1.0,1.0,5.399875862653865e-05,6.085411310195923,160614
417,CNN,mfcc,100,0.001,32,sgd,1e-5,1,64,5,0,64,0.25,,,,,,,,,,,,,,,,,,0.9465116279069767,0.9464694077675707,0.9467943911418134,0.9465116279069767,1.0,1.0,1.0,1.0,5.427266276159952e-05,6.103952884674072,160547
418,CNN,mfcc,100,0.001,32,sgd,1e-5,1,64,5,0,128,0.0,,,,,,,,,,,,,,,,,,0.9453488372093023,0.9453938072609935,0.945750609512337,0.9453488372093023,1.0,1.0,1.0,1.0,5.448141763376635e-05,6.3310136795043945,160517
419,CNN,mfcc,100,0.001,32,sgd,1e-5,1,64,5,0,128,0.25,,,,,,,,,,,,,,,,,,0.9569767441860465,0.9570437236942413,0.9579828944591412,0.9569767441860465,1.0,1.0,1.0,1.0,5.4439832997876546e-05,6.567018270492554,160503
420,CNN,mfcc,100,0.001,32,sgd,1e-5,1,64,5,1,32,0.0,,,,,,,,,,,,,,,,,,0.9395348837209302,0.9401128190155205,0.9415748055067176,0.9395348837209302,1.0,1.0,1.0,1.0,6.543259287989417e-05,7.052505254745483,384113
421,CNN,mfcc,100,0.001,32,sgd,1e-5,1,64,5,1,32,0.25,,,,,,,,,,,,,,,,,,0.9348837209302325,0.9352207402996616,0.9375362002636064,0.9348837209302325,1.0,1.0,1.0,1.0,6.53117202049078e-05,7.352538108825684,383822
422,CNN,mfcc,100,0.001,32,sgd,1e-5,1,64,5,1,64,0.0,,,,,,,,,,,,,,,,,,0.9348837209302325,0.9352994132129014,0.9366079977900763,0.9348837209302325,1.0,1.0,1.0,1.0,6.670203319815702e-05,7.361043453216553,738486
423,CNN,mfcc,100,0.001,32,sgd,1e-5,1,64,5,1,64,0.25,,,,,,,,,,,,,,,,,,0.9476744186046512,0.9479736989707386,0.9489231516616579,0.9476744186046512,1.0,1.0,1.0,1.0,6.717859312545421e-05,7.231151103973389,737512
424,CNN,mfcc,100,0.001,32,sgd,1e-5,1,64,5,1,128,0.0,,,,,,,,,,,,,,,,,,0.9290697674418604,0.9290504695391278,0.930278526860938,0.9290697674418604,1.0,1.0,1.0,1.0,6.617723509322765e-05,7.383259057998657,1445909
425,CNN,mfcc,100,0.001,32,sgd,1e-5,1,64,5,1,128,0.25,,,,,,,,,,,,,,,,,,0.9465116279069767,0.9467674850773252,0.9478305362143082,0.9465116279069767,1.0,1.0,1.0,1.0,6.684702496195948e-05,7.722931861877441,1446226
426,CNN,mfcc,100,0.001,32,sgd,1e-5,1,64,5,2,32,0.0,,,,,,,,,,,,,,,,,,0.9197674418604651,0.9197850772343306,0.9202898443131379,0.9197674418604651,1.0,1.0,1.0,1.0,7.64910564866177e-05,7.7424585819244385,399453
427,CNN,mfcc,100,0.001,32,sgd,1e-5,1,64,5,2,32,0.25,,,,,,,,,,,,,,,,,,0.9267441860465117,0.9270487112680762,0.9286481887311426,0.9267441860465117,1.0,1.0,1.0,1.0,7.592855497848156e-05,7.359906435012817,399470
428,CNN,mfcc,100,0.001,32,sgd,1e-5,1,64,5,2,64,0.0,,,,,,,,,,,,,,,,,,0.9069767441860465,0.90752887305039,0.9093542467494945,0.9069767441860465,1.0,1.0,1.0,1.0,7.77272290961687e-05,7.634676694869995,795826
429,CNN,mfcc,100,0.001,32,sgd,1e-5,1,64,5,2,64,0.25,,,,,,,,,,,,,,,,,,0.9255813953488372,0.9255240828197501,0.9262917084596654,0.9255813953488372,1.0,1.0,1.0,1.0,7.865927940191224e-05,7.770083665847778,797076
430,CNN,mfcc,100,0.001,32,sgd,1e-5,1,64,5,2,128,0.0,,,,,,,,,,,,,,,,,,0.9348837209302325,0.9351111649313972,0.9369548089079022,0.9348837209302325,1.0,1.0,1.0,1.0,7.654234420421511e-05,8.26426362991333,1679166
431,CNN,mfcc,100,0.001,32,sgd,1e-5,1,64,5,2,128,0.25,,,,,,,,,,,,,,,,,,0.9255813953488372,0.9255597822223213,0.9266304193937228,0.9255813953488372,1.0,1.0,1.0,1.0,7.738152215647143e-05,7.946122169494629,1677773
432,CNN,mfcc,100,0.001,32,sgd,1e-5,2,16,3,0,32,0.0,,,,,,,,,,,,,,,,,,0.7488372093023256,0.7506521875975578,0.7552864383321676,0.7488372093023256,0.9348079161816065,0.9350589184705038,0.937170508783199,0.9348079161816065,8.177147355190543e-05,7.190826892852783,45612
433,CNN,mfcc,100,0.001,32,sgd,1e-5,2,16,3,0,32,0.25,,,,,,,,,,,,,,,,,,0.7488372093023256,0.7480284930190109,0.7500735612398888,0.7488372093023256,0.9656577415599534,0.965600049329808,0.9659036946306834,0.9656577415599534,8.270380108855492e-05,7.572449445724487,45600
434,CNN,mfcc,100,0.001,32,sgd,1e-5,2,16,3,0,64,0.0,,,,,,,,,,,,,,,,,,0.7465116279069768,0.7474056918008679,0.7550179230252709,0.7465116279069768,0.9318975552968568,0.9319694819976316,0.9331826727817897,0.9318975552968568,8.145321247189545e-05,7.397729396820068,45627
435,CNN,mfcc,100,0.001,32,sgd,1e-5,2,16,3,0,64,0.25,,,,,,,,,,,,,,,,,,0.7267441860465116,0.7243323457975951,0.7333429872413736,0.7267441860465116,0.939173457508731,0.9389484735844765,0.9401655222413547,0.939173457508731,8.160153100656909e-05,7.122740268707275,45607
436,CNN,mfcc,100,0.001,32,sgd,1e-5,2,16,3,0,128,0.0,,,,,,,,,,,,,,,,,,0.7186046511627907,0.7209605111831257,0.733393575886057,0.7186046511627907,0.8768917345750873,0.8782874843499122,0.8875908728261859,0.8768917345750873,8.240134217018304e-05,7.331683158874512,45638
437,CNN,mfcc,100,0.001,32,sgd,1e-5,2,16,3,0,128,0.25,,,,,,,,,,,,,,,,,,0.7546511627906977,0.7512507776975068,0.7517975471584988,0.7546511627906977,0.909487776484284,0.9080047211064318,0.9103349840936991,0.909487776484284,8.126247760861419e-05,7.0721564292907715,45632
438,CNN,mfcc,100,0.001,32,sgd,1e-5,2,16,3,1,32,0.0,,,,,,,,,,,,,,,,,,0.7511627906976744,0.7519340120881642,0.7600901848059278,0.7511627906976744,0.9668218859138533,0.9667215630649569,0.9679298447656922,0.9668218859138533,9.414151657459348e-05,7.920548677444458,56626
439,CNN,mfcc,100,0.001,32,sgd,1e-5,2,16,3,1,32,0.25,,,,,,,,,,,,,,,,,,0.6895348837209302,0.6889737722856201,0.6931714330238735,0.6895348837209302,0.930442374854482,0.9308344110128981,0.9327459200275552,0.930442374854482,9.346340977868368e-05,7.9870522022247314,56616
440,CNN,mfcc,100,0.001,32,sgd,1e-5,2,16,3,1,64,0.0,,,,,,,,,,,,,,,,,,0.7011627906976744,0.6995879588234558,0.7140759433975071,0.7011627906976744,0.9560535506402794,0.9557352482566749,0.9593645399624764,0.9560535506402794,9.621631267458894e-05,7.8324806690216064,69680
441,CNN,mfcc,100,0.001,32,sgd,1e-5,2,16,3,1,64,0.25,,,,,,,,,,,,,,,,,,0.7151162790697675,0.7157749665606027,0.7179768336539062,0.7151162790697675,0.8984284051222352,0.8983712450350712,0.9003649999804759,0.8984284051222352,9.433280589968659e-05,8.183741569519043,69780
442,CNN,mfcc,100,0.001,32,sgd,1e-5,2,16,3,1,128,0.0,,,,,,,,,,,,,,,,,,0.7255813953488373,0.7303892770078605,0.7409275783386141,0.7255813953488373,0.9979627473806753,0.9979642703752286,0.9979739046008582,0.9979627473806753,9.409771409145622e-05,8.281521081924438,95933
443,CNN,mfcc,100,0.001,32,sgd,1e-5,2,16,3,1,128,0.25,,,,,,,,,,,,,,,,,,0.7069767441860465,0.7076579663864935,0.7124554414851688,0.7069767441860465,0.990104772991851,0.9901031977145154,0.9902965485749581,0.990104772991851,9.517004323560138e-05,8.248182773590088,95938
444,CNN,mfcc,100,0.001,32,sgd,1e-5,2,16,3,2,32,0.0,,,,,,,,,,,,,,,,,,0.6767441860465117,0.6766741813045902,0.68546035909583,0.6767441860465117,0.9161816065192084,0.9160482273885272,0.9182959994740101,0.9161816065192084,0.00010408606640128202,8.548381567001343,72179
445,CNN,mfcc,100,0.001,32,sgd,1e-5,2,16,3,2,32,0.25,,,,,,,,,,,,,,,,,,0.6744186046511628,0.6707583292761523,0.6736937334638928,0.6744186046511628,0.9025029103608847,0.9023030905252699,0.9096671039532318,0.9025029103608847,0.00010603028674458348,8.297942638397217,72109
446,CNN,mfcc,100,0.001,32,sgd,1e-5,2,16,3,2,64,0.0,,,,,,,,,,,,,,,,,,0.6872093023255814,0.6859677967514962,0.6906344224441174,0.6872093023255814,0.9505238649592549,0.9504178319340946,0.951164396502298,0.9505238649592549,0.00010341489037802054,8.603121280670166,129091
447,CNN,mfcc,100,0.001,32,sgd,1e-5,2,16,3,2,64,0.25,,,,,,,,,,,,,,,,,,0.6779069767441861,0.6793051033640146,0.6884046017628561,0.6779069767441861,0.95023282887078,0.9503751095664296,0.9546668984686799,0.95023282887078,0.00010449137798575467,8.756544828414917,129083
448,CNN,mfcc,100,0.001,32,sgd,1e-5,2,16,3,2,128,0.0,,,,,,,,,,,,,,,,,,0.7186046511627907,0.7184947560980548,0.7234021696486705,0.7186046511627907,0.9970896391152503,0.9970877812282011,0.9971054447691191,0.9970896391152503,0.00010461252789164699,8.41736650466919,329726
449,CNN,mfcc,100,0.001,32,sgd,1e-5,2,16,3,2,128,0.25,,,,,,,,,,,,,,,,,,0.6988372093023256,0.6974651738106719,0.7037295165849307,0.6988372093023256,0.979336437718277,0.9793167361658098,0.9798354741572337,0.979336437718277,0.00010432587113491324,8.829647064208984,329878
450,CNN,mfcc,100,0.001,32,sgd,1e-5,2,16,5,0,32,0.0,,,,,,,,,,,,,,,,,,0.9046511627906977,0.9048882009373885,0.9059225579160186,0.9046511627906977,1.0,1.0,1.0,1.0,5.628009175145349e-05,6.007792711257935,45218
451,CNN,mfcc,100,0.001,32,sgd,1e-5,2,16,5,0,32,0.25,,,,,,,,,,,,,,,,,,0.9104651162790698,0.9104964635588003,0.9114519686271152,0.9104651162790698,1.0,1.0,1.0,1.0,5.634385485981786e-05,6.023751258850098,45226
452,CNN,mfcc,100,0.001,32,sgd,1e-5,2,16,5,0,64,0.0,,,,,,,,,,,,,,,,,,0.9093023255813953,0.9091283949585243,0.9104499218346704,0.9093023255813953,1.0,1.0,1.0,1.0,5.999914435453193e-05,6.360856533050537,45220
453,CNN,mfcc,100,0.001,32,sgd,1e-5,2,16,5,0,64,0.25,,,,,,,,,,,,,,,,,,0.8976744186046511,0.8982076483842296,0.8999614274211704,0.8976744186046511,1.0,1.0,1.0,1.0,5.647193553835847e-05,6.157780885696411,45261
454,CNN,mfcc,100,0.001,32,sgd,1e-5,2,16,5,0,128,0.0,,,,,,,,,,,,,,,,,,0.9104651162790698,0.9110083427714312,0.9126718601691045,0.9104651162790698,1.0,1.0,1.0,1.0,5.7341886121173236e-05,6.04390025138855,45243
455,CNN,mfcc,100,0.001,32,sgd,1e-5,2,16,5,0,128,0.25,,,,,,,,,,,,,,,,,,0.9034883720930232,0.903097129213103,0.9036850243594003,0.9034883720930232,1.0,1.0,1.0,1.0,5.6997288105099704e-05,6.209223747253418,45223
456,CNN,mfcc,100,0.001,32,sgd,1e-5,2,16,5,1,32,0.0,,,,,,,,,,,,,,,,,,0.9093023255813953,0.9093613371044089,0.9103013216267447,0.9093023255813953,1.0,1.0,1.0,1.0,6.876684898553893e-05,7.047352313995361,105851
457,CNN,mfcc,100,0.001,32,sgd,1e-5,2,16,5,1,32,0.25,,,,,,,,,,,,,,,,,,0.8988372093023256,0.8992640219422211,0.9011570100036045,0.8988372093023256,1.0,1.0,1.0,1.0,6.884170133014058e-05,6.8187525272369385,105812
458,CNN,mfcc,100,0.001,32,sgd,1e-5,2,16,5,1,64,0.0,,,,,,,,,,,,,,,,,,0.9034883720930232,0.9037445308063599,0.9055171723445525,0.9034883720930232,1.0,1.0,1.0,1.0,6.874882897665334e-05,7.233824253082275,198212
459,CNN,mfcc,100,0.001,32,sgd,1e-5,2,16,5,1,64,0.25,,,,,,,,,,,,,,,,,,0.9162790697674419,0.9169552687266403,0.9185871143409793,0.9162790697674419,1.0,1.0,1.0,1.0,6.855365841887718e-05,6.97590184211731,198487
460,CNN,mfcc,100,0.001,32,sgd,1e-5,2,16,5,1,128,0.0,,,,,,,,,,,,,,,,,,0.9209302325581395,0.9211638064964862,0.9217201707845016,0.9209302325581395,1.0,1.0,1.0,1.0,6.83454580085222e-05,7.038156986236572,383728
461,CNN,mfcc,100,0.001,32,sgd,1e-5,2,16,5,1,128,0.25,,,,,,,,,,,,,,,,,,0.9244186046511628,0.9248567526876796,0.9262760926735757,0.9244186046511628,1.0,1.0,1.0,1.0,6.977042486501294e-05,7.2288429737091064,383558
462,CNN,mfcc,100,0.001,32,sgd,1e-5,2,16,5,2,32,0.0,,,,,,,,,,,,,,,,,,0.9046511627906977,0.9050770707401198,0.906789614196839,0.9046511627906977,1.0,1.0,1.0,1.0,7.963430049807527e-05,7.512539625167847,121218
463,CNN,mfcc,100,0.001,32,sgd,1e-5,2,16,5,2,32,0.25,,,,,,,,,,,,,,,,,,0.8883720930232558,0.8893869886910476,0.8917428636710358,0.8883720930232558,1.0,1.0,1.0,1.0,7.942914962768554e-05,7.825715780258179,121500
464,CNN,mfcc,100,0.001,32,sgd,1e-5,2,16,5,2,64,0.0,,,,,,,,,,,,,,,,,,0.9093023255813953,0.9095574464858857,0.911534357929568,0.9093023255813953,1.0,1.0,1.0,1.0,8.009145426195721e-05,7.83114767074585,257934
465,CNN,mfcc,100,0.001,32,sgd,1e-5,2,16,5,2,64,0.25,,,,,,,,,,,,,,,,,,0.9104651162790698,0.9106883630718622,0.9121850986391979,0.9104651162790698,1.0,1.0,1.0,1.0,7.974630178407182e-05,7.466449499130249,257453
466,CNN,mfcc,100,0.001,32,sgd,1e-5,2,16,5,2,128,0.0,,,,,,,,,,,,,,,,,,0.8883720930232558,0.8885239361530359,0.8896665927120835,0.8883720930232558,1.0,1.0,1.0,1.0,8.113827816275663e-05,7.602630853652954,616968
467,CNN,mfcc,100,0.001,32,sgd,1e-5,2,16,5,2,128,0.25,,,,,,,,,,,,,,,,,,0.9151162790697674,0.9154142671761983,0.9176897557831035,0.9151162790697674,1.0,1.0,1.0,1.0,7.958024047141851e-05,7.689410924911499,617077
468,CNN,mfcc,100,0.001,32,sgd,1e-5,2,32,3,0,32,0.0,,,,,,,,,,,,,,,,,,0.8127906976744186,0.8146663503231513,0.8196468206472958,0.8127906976744186,1.0,1.0,1.0,1.0,8.244403572969658e-05,7.1292173862457275,148574
469,CNN,mfcc,100,0.001,32,sgd,1e-5,2,32,3,0,32,0.25,,,,,,,,,,,,,,,,,,0.7825581395348837,0.7823194019990855,0.7853634896124073,0.7825581395348837,0.9973806752037253,0.9973825968516152,0.9974056959129403,0.9973806752037253,8.267663245977358e-05,7.074785470962524,148722
470,CNN,mfcc,100,0.001,32,sgd,1e-5,2,32,3,0,64,0.0,,,,,,,,,,,,,,,,,,0.7895348837209303,0.7901754147961477,0.7922369033124017,0.7895348837209303,1.0,1.0,1.0,1.0,8.214296296585438e-05,7.4261884689331055,148456
471,CNN,mfcc,100,0.001,32,sgd,1e-5,2,32,3,0,64,0.25,,,,,,,,,,,,,,,,,,0.8058139534883721,0.8072359440116208,0.8131478836840901,0.8058139534883721,1.0,1.0,1.0,1.0,8.343513621840367e-05,7.41149640083313,148512
472,CNN,mfcc,100,0.001,32,sgd,1e-5,2,32,3,0,128,0.0,,,,,,,,,,,,,,,,,,0.772093023255814,0.7714720000854443,0.777256600281969,0.772093023255814,1.0,1.0,1.0,1.0,8.165475934050804e-05,7.2968902587890625,148598
473,CNN,mfcc,100,0.001,32,sgd,1e-5,2,32,3,0,128,0.25,,,,,,,,,,,,,,,,,,0.7976744186046512,0.7977966050770319,0.7991988415385239,0.7976744186046512,1.0,1.0,1.0,1.0,8.332673893418424e-05,7.31506872177124,148581
474,CNN,mfcc,100,0.001,32,sgd,1e-5,2,32,3,1,32,0.0,,,,,,,,,,,,,,,,,,0.7755813953488372,0.7763302411457254,0.7822269977979502,0.7755813953488372,1.0,1.0,1.0,1.0,9.39297121624614e-05,7.9623353481292725,163992
475,CNN,mfcc,100,0.001,32,sgd,1e-5,2,32,3,1,32,0.25,,,,,,,,,,,,,,,,,,0.8104651162790698,0.8105463257300883,0.8140943094579697,0.8104651162790698,1.0,1.0,1.0,1.0,9.346036023871843e-05,8.20073413848877,164222
476,CNN,mfcc,100,0.001,32,sgd,1e-5,2,32,3,1,64,0.0,,,,,,,,,,,,,,,,,,0.7790697674418605,0.7813949104163675,0.7888464017398896,0.7790697674418605,1.0,1.0,1.0,1.0,9.511154751444972e-05,8.09252119064331,184441
477,CNN,mfcc,100,0.001,32,sgd,1e-5,2,32,3,1,64,0.25,,,,,,,,,,,,,,,,,,0.7651162790697674,0.7645371241092597,0.7669075507591897,0.7651162790697674,1.0,1.0,1.0,1.0,9.434943975404252e-05,7.660265922546387,184633
478,CNN,mfcc,100,0.001,32,sgd,1e-5,2,32,3,1,128,0.0,,,,,,,,,,,,,,,,,,0.7697674418604651,0.7692955894116614,0.7732798620982771,0.7697674418604651,1.0,1.0,1.0,1.0,9.436219237571539e-05,8.177122354507446,225193
479,CNN,mfcc,100,0.001,32,sgd,1e-5,2,32,3,1,128,0.25,,,,,,,,,,,,,,,,,,0.7813953488372093,0.7812255440397265,0.785614790160997,0.7813953488372093,0.9985448195576252,0.9985447439700734,0.9985546025286907,0.9985448195576252,9.323358535766602e-05,8.00676703453064,225314
480,CNN,mfcc,100,0.001,32,sgd,1e-5,2,32,3,2,32,0.0,,,,,,,,,,,,,,,,,,0.7441860465116279,0.7451489154514171,0.7517863324647476,0.7441860465116279,1.0,1.0,1.0,1.0,0.0001049249671226324,8.3458890914917,179407
481,CNN,mfcc,100,0.001,32,sgd,1e-5,2,32,3,2,32,0.25,,,,,,,,,,,,,,,,,,0.7686046511627908,0.771398376510581,0.7772927918308524,0.7686046511627908,1.0,1.0,1.0,1.0,0.00010520691095396529,8.448965549468994,179576
482,CNN,mfcc,100,0.001,32,sgd,1e-5,2,32,3,2,64,0.0,,,,,,,,,,,,,,,,,,0.7813953488372093,0.7818394810702973,0.7844498985974192,0.7813953488372093,1.0,1.0,1.0,1.0,0.00010610347570374954,8.587183952331543,243672
483,CNN,mfcc,100,0.001,32,sgd,1e-5,2,32,3,2,64,0.25,,,,,,,,,,,,,,,,,,0.7488372093023256,0.7489811062309836,0.7529535350423078,0.7488372093023256,1.0,1.0,1.0,1.0,0.00010524295097173646,8.427067995071411,243894
484,CNN,mfcc,100,0.001,32,sgd,1e-5,2,32,3,2,128,0.0,,,,,,,,,,,,,,,,,,0.7465116279069768,0.7493892381010836,0.7551321954786774,0.7465116279069768,1.0,1.0,1.0,1.0,0.00010607492092043854,8.489144802093506,458512
485,CNN,mfcc,100,0.001,32,sgd,1e-5,2,32,3,2,128,0.25,,,,,,,,,,,,,,,,,,0.7767441860465116,0.7778739117846855,0.7801361948472078,0.7767441860465116,1.0,1.0,1.0,1.0,0.00010577467984931414,8.547899961471558,458777
486,CNN,mfcc,100,0.001,32,sgd,1e-5,2,32,5,0,32,0.0,,,,,,,,,,,,,,,,,,0.9197674418604651,0.9201594009278012,0.9219423134944252,0.9197674418604651,1.0,1.0,1.0,1.0,5.692992099495821e-05,6.567081689834595,83645
487,CNN,mfcc,100,0.001,32,sgd,1e-5,2,32,5,0,32,0.25,,,,,,,,,,,,,,,,,,0.9337209302325581,0.9337796077989746,0.9344501100209849,0.9337209302325581,1.0,1.0,1.0,1.0,6.010171978972679e-05,6.658368825912476,83666
488,CNN,mfcc,100,0.001,32,sgd,1e-5,2,32,5,0,64,0.0,,,,,,,,,,,,,,,,,,0.9313953488372093,0.9316417301781879,0.9328537131512695,0.9313953488372093,1.0,1.0,1.0,1.0,5.729253901991733e-05,6.1201043128967285,83657
489,CNN,mfcc,100,0.001,32,sgd,1e-5,2,32,5,0,64,0.25,,,,,,,,,,,,,,,,,,0.9209302325581395,0.9211213762487038,0.9219129970404338,0.9209302325581395,1.0,1.0,1.0,1.0,5.720022112824196e-05,6.111068248748779,83691
490,CNN,mfcc,100,0.001,32,sgd,1e-5,2,32,5,0,128,0.0,,,,,,,,,,,,,,,,,,0.9267441860465117,0.92691503384401,0.9275008407190349,0.9267441860465117,1.0,1.0,1.0,1.0,5.729087563448174e-05,6.112812042236328,83674
491,CNN,mfcc,100,0.001,32,sgd,1e-5,2,32,5,0,128,0.25,,,,,,,,,,,,,,,,,,0.9279069767441861,0.9280823386343378,0.9295246082824005,0.9279069767441861,1.0,1.0,1.0,1.0,5.7706444762473886e-05,6.122239828109741,83647
492,CNN,mfcc,100,0.001,32,sgd,1e-5,2,32,5,1,32,0.0,,,,,,,,,,,,,,,,,,0.9104651162790698,0.9107470886801955,0.9121565943341087,0.9104651162790698,1.0,1.0,1.0,1.0,6.958412569622661e-05,7.3175201416015625,198480
493,CNN,mfcc,100,0.001,32,sgd,1e-5,2,32,5,1,32,0.25,,,,,,,,,,,,,,,,,,0.9174418604651163,0.9177208550340562,0.9193013348857636,0.9174418604651163,1.0,1.0,1.0,1.0,6.901552510815997e-05,6.848006725311279,198259
494,CNN,mfcc,100,0.001,32,sgd,1e-5,2,32,5,1,64,0.0,,,,,,,,,,,,,,,,,,0.9197674418604651,0.9202037849018126,0.9216290042060566,0.9197674418604651,1.0,1.0,1.0,1.0,6.975656331971634e-05,6.888108015060425,377923
495,CNN,mfcc,100,0.001,32,sgd,1e-5,2,32,5,1,64,0.25,,,,,,,,,,,,,,,,,,0.922093023255814,0.9226900413079909,0.9249895935334846,0.922093023255814,1.0,1.0,1.0,1.0,7.09594682205555e-05,6.913413763046265,378050
496,CNN,mfcc,100,0.001,32,sgd,1e-5,2,32,5,1,128,0.0,,,,,,,,,,,,,,,,,,0.9290697674418604,0.9291587908453135,0.9298833292168083,0.9290697674418604,1.0,1.0,1.0,1.0,6.925033968548441e-05,7.1856300830841064,737459
497,CNN,mfcc,100,0.001,32,sgd,1e-5,2,32,5,1,128,0.25,,,,,,,,,,,,,,,,,,0.9209302325581395,0.9211770255482629,0.9223059025917592,0.9209302325581395,1.0,1.0,1.0,1.0,6.910063499628111e-05,7.521120309829712,737236
498,CNN,mfcc,100,0.001,32,sgd,1e-5,2,32,5,2,32,0.0,,,,,,,,,,,,,,,,,,0.8895348837209303,0.8901908966090399,0.8922312120636212,0.8895348837209303,1.0,1.0,1.0,1.0,7.914831471997638e-05,7.382025718688965,213989
499,CNN,mfcc,100,0.001,32,sgd,1e-5,2,32,5,2,32,0.25,,,,,,,,,,,,,,,,,,0.9081395348837209,0.9087314520220637,0.9107662578492551,0.9081395348837209,1.0,1.0,1.0,1.0,7.919655289760856e-05,7.863619327545166,213695
500,CNN,mfcc,100,0.001,32,sgd,1e-5,2,32,5,2,64,0.0,,,,,,,,,,,,,,,,,,0.922093023255814,0.9224227341284906,0.9234764194385522,0.922093023255814,1.0,1.0,1.0,1.0,8.00947810328284e-05,7.738222122192383,436985
501,CNN,mfcc,100,0.001,32,sgd,1e-5,2,32,5,2,64,0.25,,,,,,,,,,,,,,,,,,0.9093023255813953,0.9098843190673191,0.9114807276811246,0.9093023255813953,1.0,1.0,1.0,1.0,8.356654366781546e-05,7.624399423599243,437167
502,CNN,mfcc,100,0.001,32,sgd,1e-5,2,32,5,2,128,0.0,,,,,,,,,,,,,,,,,,0.9058139534883721,0.9058690539157608,0.9065553251683771,0.9058139534883721,1.0,1.0,1.0,1.0,8.001133453014285e-05,7.739909410476685,970744
503,CNN,mfcc,100,0.001,32,sgd,1e-5,2,32,5,2,128,0.25,,,,,,,,,,,,,,,,,,0.9162790697674419,0.9165303610071912,0.917764366185205,0.9162790697674419,1.0,1.0,1.0,1.0,8.01882078481275e-05,8.097395896911621,970128
504,CNN,mfcc,100,0.001,32,sgd,1e-5,2,64,3,0,32,0.0,,,,,,,,,,,,,,,,,,0.8046511627906977,0.8048439287807347,0.8063342810153007,0.8046511627906977,1.0,1.0,1.0,1.0,8.245817450589911e-05,7.28600287437439,550615
505,CNN,mfcc,100,0.001,32,sgd,1e-5,2,64,3,0,32,0.25,,,,,,,,,,,,,,,,,,0.8546511627906976,0.8547355606117601,0.8554733680230879,0.8546511627906976,1.0,1.0,1.0,1.0,8.524517680323401e-05,7.6254682540893555,550208
506,CNN,mfcc,100,0.001,32,sgd,1e-5,2,64,3,0,64,0.0,,,,,,,,,,,,,,,,,,0.836046511627907,0.8361320395194546,0.8376757289008964,0.836046511627907,1.0,1.0,1.0,1.0,8.139028105624886e-05,7.333080291748047,550015
507,CNN,mfcc,100,0.001,32,sgd,1e-5,2,64,3,0,64,0.25,,,,,,,,,,,,,,,,,,0.8348837209302326,0.8368919835989949,0.8432045414896098,0.8348837209302326,1.0,1.0,1.0,1.0,8.142271707224291e-05,7.541436433792114,550086
508,CNN,mfcc,100,0.001,32,sgd,1e-5,2,64,3,0,128,0.0,,,,,,,,,,,,,,,,,,0.827906976744186,0.8286906088369413,0.8308342935843412,0.827906976744186,1.0,1.0,1.0,1.0,8.161262024280636e-05,7.4163737297058105,550695
509,CNN,mfcc,100,0.001,32,sgd,1e-5,2,64,3,0,128,0.25,,,,,,,,,,,,,,,,,,0.836046511627907,0.8363822038348039,0.8378105484068811,0.836046511627907,1.0,1.0,1.0,1.0,8.270213770311933e-05,7.338254451751709,550368
510,CNN,mfcc,100,0.001,32,sgd,1e-5,2,64,3,1,32,0.0,,,,,,,,,,,,,,,,,,0.8406976744186047,0.8414897735150825,0.8440917604753153,0.8406976744186047,1.0,1.0,1.0,1.0,9.443482687306959e-05,7.942384719848633,574505
511,CNN,mfcc,100,0.001,32,sgd,1e-5,2,64,3,1,32,0.25,,,,,,,,,,,,,,,,,,0.8209302325581396,0.8213533818229701,0.8233028284274736,0.8209302325581396,1.0,1.0,1.0,1.0,9.458841279495594e-05,8.158785343170166,574755
512,CNN,mfcc,100,0.001,32,sgd,1e-5,2,64,3,1,64,0.0,,,,,,,,,,,,,,,,,,0.8383720930232558,0.8383207710659547,0.8394442312858618,0.8383720930232558,1.0,1.0,1.0,1.0,9.436025175937387e-05,7.9738171100616455,609048
513,CNN,mfcc,100,0.001,32,sgd,1e-5,2,64,3,1,64,0.25,,,,,,,,,,,,,,,,,,0.8395348837209302,0.8400360585205995,0.8422301124445289,0.8395348837209302,1.0,1.0,1.0,1.0,9.429399357285611e-05,8.177557945251465,609678
514,CNN,mfcc,100,0.001,32,sgd,1e-5,2,64,3,1,128,0.0,,,,,,,,,,,,,,,,,,0.813953488372093,0.8143145860413353,0.8178578328850116,0.813953488372093,1.0,1.0,1.0,1.0,9.635049243306005e-05,8.025997400283813,679274
515,CNN,mfcc,100,0.001,32,sgd,1e-5,2,64,3,1,128,0.25,,,,,,,,,,,,,,,,,,0.8325581395348837,0.8333746752314809,0.8359082725792266,0.8325581395348837,1.0,1.0,1.0,1.0,9.3829354574514e-05,8.362045526504517,679379
516,CNN,mfcc,100,0.001,32,sgd,1e-5,2,64,3,2,32,0.0,,,,,,,,,,,,,,,,,,0.8034883720930233,0.8034344732693454,0.8060362991698609,0.8034883720930233,1.0,1.0,1.0,1.0,0.00010479577752046807,8.93884563446045,589993
517,CNN,mfcc,100,0.001,32,sgd,1e-5,2,64,3,2,32,0.25,,,,,,,,,,,,,,,,,,0.7930232558139535,0.7948749038482039,0.7992733917624806,0.7930232558139535,1.0,1.0,1.0,1.0,0.00011270351188127384,9.003989934921265,590251
518,CNN,mfcc,100,0.001,32,sgd,1e-5,2,64,3,2,64,0.0,,,,,,,,,,,,,,,,,,0.7895348837209303,0.7903787120064045,0.7946976066212097,0.7895348837209303,1.0,1.0,1.0,1.0,0.00010410270025563794,8.643603563308716,669293
519,CNN,mfcc,100,0.001,32,sgd,1e-5,2,64,3,2,64,0.25,,,,,,,,,,,,,,,,,,0.7988372093023256,0.7994715039157764,0.8019527931514036,0.7988372093023256,1.0,1.0,1.0,1.0,0.0001036316849464594,8.945345163345337,669095
520,CNN,mfcc,100,0.001,32,sgd,1e-5,2,64,3,2,128,0.0,,,,,,,,,,,,,,,,,,0.8186046511627907,0.8197654938379696,0.8228446931659283,0.8186046511627907,1.0,1.0,1.0,1.0,0.00010432060374770053,8.808870315551758,913008
521,CNN,mfcc,100,0.001,32,sgd,1e-5,2,64,3,2,128,0.25,,,,,,,,,,,,,,,,,,0.8244186046511628,0.8257557246514663,0.8304655251225148,0.8244186046511628,1.0,1.0,1.0,1.0,0.0001087898431822311,8.83175802230835,913033
522,CNN,mfcc,100,0.001,32,sgd,1e-5,2,64,5,0,32,0.0,,,,,,,,,,,,,,,,,,0.9313953488372093,0.9315194746726498,0.9320740671515325,0.9313953488372093,1.0,1.0,1.0,1.0,5.554099415623864e-05,6.712907552719116,160623
523,CNN,mfcc,100,0.001,32,sgd,1e-5,2,64,5,0,32,0.25,,,,,,,,,,,,,,,,,,0.9418604651162791,0.9418026696283922,0.9422065610389003,0.9418604651162791,1.0,1.0,1.0,1.0,5.5858978005342706e-05,6.170755624771118,160566
524,CNN,mfcc,100,0.001,32,sgd,1e-5,2,64,5,0,64,0.0,,,,,,,,,,,,,,,,,,0.9558139534883721,0.9558974261040949,0.9562656567917416,0.9558139534883721,1.0,1.0,1.0,1.0,5.573117455770803e-05,6.196901321411133,160525
525,CNN,mfcc,100,0.001,32,sgd,1e-5,2,64,5,0,64,0.25,,,,,,,,,,,,,,,,,,0.9395348837209302,0.9397843819731314,0.9410747008136484,0.9395348837209302,1.0,1.0,1.0,1.0,5.605470302493073e-05,6.675801992416382,160558
526,CNN,mfcc,100,0.001,32,sgd,1e-5,2,64,5,0,128,0.0,,,,,,,,,,,,,,,,,,0.9406976744186046,0.9407698227022794,0.9414592625790742,0.9406976744186046,1.0,1.0,1.0,1.0,5.596682082775027e-05,6.468839406967163,160627
527,CNN,mfcc,100,0.001,32,sgd,1e-5,2,64,5,0,128,0.25,,,,,,,,,,,,,,,,,,0.9383720930232559,0.9387830534769842,0.9400251539884629,0.9383720930232559,1.0,1.0,1.0,1.0,5.662912546202194e-05,6.931636571884155,160580
528,CNN,mfcc,100,0.001,32,sgd,1e-5,2,64,5,1,32,0.0,,,,,,,,,,,,,,,,,,0.9244186046511628,0.9242712612816696,0.9248474490890023,0.9244186046511628,1.0,1.0,1.0,1.0,6.682096525680187e-05,7.102844715118408,384241
529,CNN,mfcc,100,0.001,32,sgd,1e-5,2,64,5,1,32,0.25,,,,,,,,,,,,,,,,,,0.9418604651162791,0.9421229563577146,0.9431432574867279,0.9418604651162791,1.0,1.0,1.0,1.0,6.767539090888445e-05,7.329855442047119,384071
530,CNN,mfcc,100,0.001,32,sgd,1e-5,2,64,5,1,64,0.0,,,,,,,,,,,,,,,,,,0.9348837209302325,0.9351379685293013,0.9361501230224095,0.9348837209302325,1.0,1.0,1.0,1.0,6.977541502131972e-05,7.776244640350342,737380
531,CNN,mfcc,100,0.001,32,sgd,1e-5,2,64,5,1,64,0.25,,,,,,,,,,,,,,,,,,0.9313953488372093,0.93157931582606,0.9327225232426136,0.9313953488372093,1.0,1.0,1.0,1.0,6.825119950050532e-05,7.796648263931274,738230
532,CNN,mfcc,100,0.001,32,sgd,1e-5,2,64,5,1,128,0.0,,,,,,,,,,,,,,,,,,0.9418604651162791,0.9420444848193592,0.942817571530781,0.9418604651162791,1.0,1.0,1.0,1.0,6.79950381434241e-05,7.871586084365845,1443843
533,CNN,mfcc,100,0.001,32,sgd,1e-5,2,64,5,1,128,0.25,,,,,,,,,,,,,,,,,,0.9476744186046512,0.9479123202288671,0.9484480989719206,0.9476744186046512,1.0,1.0,1.0,1.0,6.812173266743504e-05,7.995353937149048,1444338
534,CNN,mfcc,100,0.001,32,sgd,1e-5,2,64,5,2,32,0.0,,,,,,,,,,,,,,,,,,0.9209302325581395,0.9210950892718541,0.9234849293485075,0.9209302325581395,1.0,1.0,1.0,1.0,7.918934489405432e-05,7.867373943328857,399805
535,CNN,mfcc,100,0.001,32,sgd,1e-5,2,64,5,2,32,0.25,,,,,,,,,,,,,,,,,,0.9313953488372093,0.9315275335695499,0.9326403837964338,0.9313953488372093,1.0,1.0,1.0,1.0,7.857195166654366e-05,7.880936861038208,398873
536,CNN,mfcc,100,0.001,32,sgd,1e-5,2,64,5,2,64,0.0,,,,,,,,,,,,,,,,,,0.9337209302325581,0.9341590508312392,0.9354916415217321,0.9337209302325581,1.0,1.0,1.0,1.0,8.017822753551394e-05,8.135639905929565,795868
537,CNN,mfcc,100,0.001,32,sgd,1e-5,2,64,5,2,64,0.25,,,,,,,,,,,,,,,,,,0.9267441860465117,0.926971742978287,0.9281108291098501,0.9267441860465117,1.0,1.0,1.0,1.0,8.255714593931685e-05,8.06920599937439,796964
538,CNN,mfcc,100,0.001,32,sgd,1e-5,2,64,5,2,128,0.0,,,,,,,,,,,,,,,,,,0.9325581395348838,0.9327657926021439,0.933538430619512,0.9325581395348838,1.0,1.0,1.0,1.0,7.832771123841751e-05,8.645968914031982,1678640
539,CNN,mfcc,100,0.001,32,sgd,1e-5,2,64,5,2,128,0.25,,,,,,,,,,,,,,,,,,0.9197674418604651,0.9198862134038542,0.9212333356424511,0.9197674418604651,1.0,1.0,1.0,1.0,7.871195327403934e-05,8.431154012680054,1677859
540,CNN,mfcc,100,0.001,32,sgd,1e-5,3,16,3,0,32,0.0,,,,,,,,,,,,,,,,,,0.7523255813953489,0.7526743955135655,0.7590652088584017,0.7523255813953489,0.9409196740395809,0.9410330308980205,0.9416788520510073,0.9409196740395809,8.331232292707576e-05,7.7735841274261475,45577
541,CNN,mfcc,100,0.001,32,sgd,1e-5,3,16,3,0,32,0.25,,,,,,,,,,,,,,,,,,0.6697674418604651,0.6655784296140684,0.6720012446157712,0.6697674418604651,0.7889988358556461,0.7888884959980921,0.7950423611953613,0.7889988358556461,8.364666339962982e-05,7.56186580657959,45678
542,CNN,mfcc,100,0.001,32,sgd,1e-5,3,16,3,0,64,0.0,,,,,,,,,,,,,,,,,,0.6895348837209302,0.6912715201006642,0.7113038974182875,0.6895348837209302,0.9091967403958091,0.9096380405321245,0.9136128196513552,0.9091967403958091,8.499345114064771e-05,7.783442974090576,45596
543,CNN,mfcc,100,0.001,32,sgd,1e-5,3,16,3,0,64,0.25,,,,,,,,,,,,,,,,,,0.7476744186046511,0.7466431220054953,0.7500037736338544,0.7476744186046511,0.8684516880093132,0.8669887018619697,0.8704246795383956,0.8684516880093132,8.421775906584983e-05,7.8368189334869385,45667
544,CNN,mfcc,100,0.001,32,sgd,1e-5,3,16,3,0,128,0.0,,,,,,,,,,,,,,,,,,0.713953488372093,0.711494235544496,0.7135729773470463,0.713953488372093,0.8850407450523865,0.8846472759916588,0.8868797589652627,0.8850407450523865,8.415538211201512e-05,7.487133026123047,45660
545,CNN,mfcc,100,0.001,32,sgd,1e-5,3,16,3,0,128,0.25,,,,,,,,,,,,,,,,,,0.7232558139534884,0.7244503828933488,0.732037299737759,0.7232558139534884,0.9324796274738067,0.9328888061629895,0.9366423797539519,0.9324796274738067,8.692380993865257e-05,7.812863111495972,45610
546,CNN,mfcc,100,0.001,32,sgd,1e-5,3,16,3,1,32,0.0,,,,,,,,,,,,,,,,,,0.672093023255814,0.6726635952978535,0.6846951555302939,0.672093023255814,0.8454598370197904,0.8461772893398674,0.8504440947100705,0.8454598370197904,9.601920150047125e-05,7.888530015945435,56667
547,CNN,mfcc,100,0.001,32,sgd,1e-5,3,16,3,1,32,0.25,,,,,,,,,,,,,,,,,,0.7290697674418605,0.726972296756963,0.7331606864627086,0.7290697674418605,0.9202561117578579,0.9197979790015476,0.9212975713957784,0.9202561117578579,9.60058944169865e-05,8.387280464172363,56636
548,CNN,mfcc,100,0.001,32,sgd,1e-5,3,16,3,1,64,0.0,,,,,,,,,,,,,,,,,,0.727906976744186,0.7288298257924353,0.7336774452735845,0.727906976744186,0.9851571594877765,0.9852056910511077,0.9858565131032107,0.9851571594877765,9.634993797124818e-05,8.509931325912476,69680
549,CNN,mfcc,100,0.001,32,sgd,1e-5,3,16,3,1,64,0.25,,,,,,,,,,,,,,,,,,0.7197674418604652,0.7211675179513015,0.726473986308331,0.7197674418604652,0.9962165308498254,0.9962200637439551,0.9962346351865748,0.9962165308498254,9.774496388989825e-05,8.420123100280762,69681
550,CNN,mfcc,100,0.001,32,sgd,1e-5,3,16,3,1,128,0.0,,,,,,,,,,,,,,,,,,0.7337209302325581,0.7329058646533165,0.7385465559518728,0.7337209302325581,0.9781722933643772,0.9782179857035156,0.9791243751246512,0.9781722933643772,9.67765963354776e-05,8.271788597106934,95958
551,CNN,mfcc,100,0.001,32,sgd,1e-5,3,16,3,1,128,0.25,,,,,,,,,,,,,,,,,,0.7209302325581395,0.7208942911843162,0.7243585308211637,0.7209302325581395,0.9740977881257276,0.9739519145629362,0.9749159258094606,0.9740977881257276,9.70455103142317e-05,8.485168695449829,95947
552,CNN,mfcc,100,0.001,32,sgd,1e-5,3,16,3,2,32,0.0,,,,,,,,,,,,,,,,,,0.7058139534883721,0.7051253760138025,0.7085157836300248,0.7058139534883721,0.9575087310826542,0.9576202398708937,0.9581719702856856,0.9575087310826542,0.000107227647027304,9.0512375831604,72083
553,CNN,mfcc,100,0.001,32,sgd,1e-5,3,16,3,2,32,0.25,,,,,,,,,,,,,,,,,,0.7034883720930233,0.7059452952273897,0.7126545162585417,0.7034883720930233,0.9511059371362048,0.9515047935438531,0.9532023020093721,0.9511059371362048,0.00010732772738434548,9.014654159545898,72132
554,CNN,mfcc,100,0.001,32,sgd,1e-5,3,16,3,2,64,0.0,,,,,,,,,,,,,,,,,,0.7127906976744186,0.7125357042596775,0.7155099494790492,0.7127906976744186,0.9834109429569267,0.983355255330826,0.9835572039397055,0.9834109429569267,0.00010651183682818746,9.000179767608643,129011
555,CNN,mfcc,100,0.001,32,sgd,1e-5,3,16,3,2,64,0.25,,,,,,,,,,,,,,,,,,0.6883720930232559,0.6875058321797125,0.6971980234578935,0.6883720930232559,0.9167636786961583,0.9165343526578263,0.9188356595088216,0.9167636786961583,0.00010585618573565816,9.05758023262024,129116
556,CNN,mfcc,100,0.001,32,sgd,1e-5,3,16,3,2,128,0.0,,,,,,,,,,,,,,,,,,0.7430232558139535,0.7420717789340645,0.7418561202192044,0.7430232558139535,0.9994179278230501,0.9994179216243163,0.9994199955815344,0.9994179278230501,0.00012185795362605605,8.557060241699219,329952
557,CNN,mfcc,100,0.001,32,sgd,1e-5,3,16,3,2,128,0.25,,,,,,,,,,,,,,,,,,0.7395348837209302,0.7422890433386156,0.7474178482970419,0.7395348837209302,1.0,1.0,1.0,1.0,0.00010740202526713527,9.052983522415161,329806
558,CNN,mfcc,100,0.001,32,sgd,1e-5,3,16,5,0,32,0.0,,,,,,,,,,,,,,,,,,0.9,0.9004708255890567,0.9024364458062162,0.9,1.0,1.0,1.0,1.0,5.80050224481627e-05,6.748944044113159,45233
559,CNN,mfcc,100,0.001,32,sgd,1e-5,3,16,5,0,32,0.25,,,,,,,,,,,,,,,,,,0.9034883720930232,0.9040804705682125,0.9083191233249843,0.9034883720930232,1.0,1.0,1.0,1.0,5.835627400597861e-05,6.377859830856323,45213
560,CNN,mfcc,100,0.001,32,sgd,1e-5,3,16,5,0,64,0.0,,,,,,,,,,,,,,,,,,0.9104651162790698,0.9108483281471628,0.9128293233473813,0.9104651162790698,1.0,1.0,1.0,1.0,5.863794060640557e-05,6.3925347328186035,45248
561,CNN,mfcc,100,0.001,32,sgd,1e-5,3,16,5,0,64,0.25,,,,,,,,,,,,,,,,,,0.9081395348837209,0.9078980176481992,0.9090914364997571,0.9081395348837209,1.0,1.0,1.0,1.0,5.772890046585438e-05,6.231679677963257,45205
562,CNN,mfcc,100,0.001,32,sgd,1e-5,3,16,5,0,128,0.0,,,,,,,,,,,,,,,,,,0.8860465116279069,0.8854939282162533,0.8891463242841585,0.8860465116279069,0.9991268917345751,0.9991269231040598,0.9991321740332102,0.9991268917345751,5.8519563009572584e-05,6.6766862869262695,45227
563,CNN,mfcc,100,0.001,32,sgd,1e-5,3,16,5,0,128,0.25,,,,,,,,,,,,,,,,,,0.9197674418604651,0.920268035995838,0.9234945156720313,0.9197674418604651,1.0,1.0,1.0,1.0,5.7872228844221246e-05,6.485434532165527,45247
564,CNN,mfcc,100,0.001,32,sgd,1e-5,3,16,5,1,32,0.0,,,,,,,,,,,,,,,,,,0.9081395348837209,0.9088878998423523,0.9106347839277034,0.9081395348837209,1.0,1.0,1.0,1.0,7.01272210409475e-05,7.053496837615967,105849
565,CNN,mfcc,100,0.001,32,sgd,1e-5,3,16,5,1,32,0.25,,,,,,,,,,,,,,,,,,0.913953488372093,0.9144989770876628,0.9159343318898899,0.913953488372093,1.0,1.0,1.0,1.0,7.03287679095601e-05,7.293468952178955,105780
566,CNN,mfcc,100,0.001,32,sgd,1e-5,3,16,5,1,64,0.0,,,,,,,,,,,,,,,,,,0.8930232558139535,0.8938878298650992,0.8968723421091911,0.8930232558139535,1.0,1.0,1.0,1.0,7.0019100987634e-05,7.398157835006714,198398
567,CNN,mfcc,100,0.001,32,sgd,1e-5,3,16,5,1,64,0.25,,,,,,,,,,,,,,,,,,0.9116279069767442,0.9123072990639468,0.9144702557192285,0.9116279069767442,1.0,1.0,1.0,1.0,7.14290973752044e-05,7.413940906524658,198385
568,CNN,mfcc,100,0.001,32,sgd,1e-5,3,16,5,1,128,0.0,,,,,,,,,,,,,,,,,,0.9116279069767442,0.9117532457390791,0.912400710112671,0.9116279069767442,1.0,1.0,1.0,1.0,7.203013397926507e-05,6.968186378479004,383715
569,CNN,mfcc,100,0.001,32,sgd,1e-5,3,16,5,1,128,0.25,,,,,,,,,,,,,,,,,,0.9209302325581395,0.9209405933492804,0.9223000077770978,0.9209302325581395,1.0,1.0,1.0,1.0,7.060350373733875e-05,7.4274373054504395,383584
570,CNN,mfcc,100,0.001,32,sgd,1e-5,3,16,5,2,32,0.0,,,,,,,,,,,,,,,,,,0.8674418604651163,0.8650804889476371,0.8759988394361966,0.8674418604651163,0.9548894062863795,0.9537390769015083,0.9588348223163375,0.9548894062863795,8.119538772937863e-05,7.924742937088013,121344
571,CNN,mfcc,100,0.001,32,sgd,1e-5,3,16,5,2,32,0.25,,,,,,,,,,,,,,,,,,0.8988372093023256,0.8992120171053118,0.9012573639632001,0.8988372093023256,1.0,1.0,1.0,1.0,8.213991342588912e-05,7.624777793884277,121390
572,CNN,mfcc,100,0.001,32,sgd,1e-5,3,16,5,2,64,0.0,,,,,,,,,,,,,,,,,,0.9011627906976745,0.9014133700580674,0.9029346699657865,0.9011627906976745,1.0,1.0,1.0,1.0,8.337553157362828e-05,7.398512125015259,257747
573,CNN,mfcc,100,0.001,32,sgd,1e-5,3,16,5,2,64,0.25,,,,,,,,,,,,,,,,,,0.9046511627906977,0.9043810760931101,0.9055926044220499,0.9046511627906977,1.0,1.0,1.0,1.0,8.2454570504122e-05,7.686517953872681,257667
574,CNN,mfcc,100,0.001,32,sgd,1e-5,3,16,5,2,128,0.0,,,,,,,,,,,,,,,,,,0.9011627906976745,0.9019311441492321,0.9048476279162235,0.9011627906976745,1.0,1.0,1.0,1.0,8.263754290203716e-05,7.9918622970581055,616677
575,CNN,mfcc,100,0.001,32,sgd,1e-5,3,16,5,2,128,0.25,,,,,,,,,,,,,,,,,,0.9127906976744186,0.912906526949792,0.9139836793786271,0.9127906976744186,1.0,1.0,1.0,1.0,8.244348126788473e-05,7.504184722900391,616902
576,CNN,mfcc,100,0.001,32,sgd,1e-5,3,32,3,0,32,0.0,,,,,,,,,,,,,,,,,,0.8058139534883721,0.8073445684147689,0.8130929860734297,0.8058139534883721,1.0,1.0,1.0,1.0,8.393997369810592e-05,7.531197786331177,148531
577,CNN,mfcc,100,0.001,32,sgd,1e-5,3,32,3,0,32,0.25,,,,,,,,,,,,,,,,,,0.7790697674418605,0.779018659027551,0.7909806586726028,0.7790697674418605,1.0,1.0,1.0,1.0,8.533416792403819e-05,7.513347148895264,148581
578,CNN,mfcc,100,0.001,32,sgd,1e-5,3,32,3,0,64,0.0,,,,,,,,,,,,,,,,,,0.8069767441860465,0.8069273120007157,0.8107306969008371,0.8069767441860465,1.0,1.0,1.0,1.0,8.424991785093795e-05,7.616036891937256,148500
579,CNN,mfcc,100,0.001,32,sgd,1e-5,3,32,3,0,64,0.25,,,,,,,,,,,,,,,,,,0.7930232558139535,0.7948840415049623,0.7991129120901835,0.7930232558139535,1.0,1.0,1.0,1.0,8.523824603058571e-05,7.8200061321258545,148614
580,CNN,mfcc,100,0.001,32,sgd,1e-5,3,32,3,0,128,0.0,,,,,,,,,,,,,,,,,,0.7941860465116279,0.7949709543174693,0.7978565009495306,0.7941860465116279,1.0,1.0,1.0,1.0,8.512180905009425e-05,7.723372936248779,148587
581,CNN,mfcc,100,0.001,32,sgd,1e-5,3,32,3,0,128,0.25,,,,,,,,,,,,,,,,,,0.7813953488372093,0.784545858095544,0.7991615099285276,0.7813953488372093,0.9930151338766007,0.9930463325264548,0.9932124923652382,0.9930151338766007,8.484152860419695e-05,7.5257720947265625,148555
582,CNN,mfcc,100,0.001,32,sgd,1e-5,3,32,3,1,32,0.0,,,,,,,,,,,,,,,,,,0.786046511627907,0.786690513475621,0.7911433239199723,0.786046511627907,1.0,1.0,1.0,1.0,9.65611879215684e-05,8.418153762817383,163947
583,CNN,mfcc,100,0.001,32,sgd,1e-5,3,32,3,1,32,0.25,,,,,,,,,,,,,,,,,,0.7744186046511627,0.7733238279205339,0.7752851270542054,0.7744186046511627,1.0,1.0,1.0,1.0,9.669037752373275e-05,8.47211241722107,164109
584,CNN,mfcc,100,0.001,32,sgd,1e-5,3,32,3,1,64,0.0,,,,,,,,,,,,,,,,,,0.8058139534883721,0.8069842302108393,0.8120064774472388,0.8058139534883721,1.0,1.0,1.0,1.0,9.663326795711073e-05,8.477170467376709,184369
585,CNN,mfcc,100,0.001,32,sgd,1e-5,3,32,3,1,64,0.25,,,,,,,,,,,,,,,,,,0.7848837209302325,0.7852978021846783,0.7894067871579231,0.7848837209302325,1.0,1.0,1.0,1.0,9.642284969950831e-05,8.413703203201294,184375
586,CNN,mfcc,100,0.001,32,sgd,1e-5,3,32,3,1,128,0.0,,,,,,,,,,,,,,,,,,0.7941860465116279,0.7958745410110399,0.802452712319493,0.7941860465116279,1.0,1.0,1.0,1.0,9.637461152187613e-05,8.425019264221191,225114
587,CNN,mfcc,100,0.001,32,sgd,1e-5,3,32,3,1,128,0.25,,,,,,,,,,,,,,,,,,0.7906976744186046,0.7907028515525659,0.7958577580738718,0.7906976744186046,1.0,1.0,1.0,1.0,9.607603383618732e-05,8.066144466400146,225059
588,CNN,mfcc,100,0.001,32,sgd,1e-5,3,32,3,2,32,0.0,,,,,,,,,,,,,,,,,,0.7709302325581395,0.7715118709875071,0.7750622749162545,0.7709302325581395,1.0,1.0,1.0,1.0,0.0001076903454093046,9.002633333206177,179416
589,CNN,mfcc,100,0.001,32,sgd,1e-5,3,32,3,2,32,0.25,,,,,,,,,,,,,,,,,,0.7883720930232558,0.7892267626881262,0.7943001432981595,0.7883720930232558,1.0,1.0,1.0,1.0,0.00010768563248390375,9.176526069641113,179358
590,CNN,mfcc,100,0.001,32,sgd,1e-5,3,32,3,2,64,0.0,,,,,,,,,,,,,,,,,,0.7686046511627908,0.7692245839978074,0.7746480489718753,0.7686046511627908,1.0,1.0,1.0,1.0,0.00010689219763112623,9.311565399169922,243584
591,CNN,mfcc,100,0.001,32,sgd,1e-5,3,32,3,2,64,0.25,,,,,,,,,,,,,,,,,,0.7976744186046512,0.7975523568630872,0.7995970263038192,0.7976744186046512,1.0,1.0,1.0,1.0,0.0001074680062227471,9.048192024230957,243691
592,CNN,mfcc,100,0.001,32,sgd,1e-5,3,32,3,2,128,0.0,,,,,,,,,,,,,,,,,,0.7790697674418605,0.778662507543848,0.779581876842138,0.7790697674418605,1.0,1.0,1.0,1.0,0.00010747576868811319,9.132675886154175,458903
593,CNN,mfcc,100,0.001,32,sgd,1e-5,3,32,3,2,128,0.25,,,,,,,,,,,,,,,,,,0.8058139534883721,0.80691565018282,0.8104343735304907,0.8058139534883721,1.0,1.0,1.0,1.0,0.00010882394258366075,9.121429681777954,458354
594,CNN,mfcc,100,0.001,32,sgd,1e-5,3,32,5,0,32,0.0,,,,,,,,,,,,,,,,,,0.9290697674418604,0.929972704476158,0.9325120563258352,0.9290697674418604,1.0,1.0,1.0,1.0,6.672116213066633e-05,6.298109531402588,83634
595,CNN,mfcc,100,0.001,32,sgd,1e-5,3,32,5,0,32,0.25,,,,,,,,,,,,,,,,,,0.936046511627907,0.9362345602011722,0.936937746854719,0.936046511627907,1.0,1.0,1.0,1.0,5.844332451044127e-05,6.648104429244995,83728
596,CNN,mfcc,100,0.001,32,sgd,1e-5,3,32,5,0,64,0.0,,,,,,,,,,,,,,,,,,0.9372093023255814,0.9372722681127225,0.9385429539844404,0.9372093023255814,1.0,1.0,1.0,1.0,5.8534533478492914e-05,6.618344068527222,83652
597,CNN,mfcc,100,0.001,32,sgd,1e-5,3,32,5,0,64,0.25,,,,,,,,,,,,,,,,,,0.9279069767441861,0.9274912446999831,0.9280204705500635,0.9279069767441861,1.0,1.0,1.0,1.0,5.9417513913886494e-05,6.69731068611145,83706
598,CNN,mfcc,100,0.001,32,sgd,1e-5,3,32,5,0,128,0.0,,,,,,,,,,,,,,,,,,0.936046511627907,0.9360945676058416,0.9368228050083434,0.936046511627907,1.0,1.0,1.0,1.0,5.9722467910411746e-05,6.315582275390625,83663
599,CNN,mfcc,100,0.001,32,sgd,1e-5,3,32,5,0,128,0.25,,,,,,,,,,,,,,,,,,0.9279069767441861,0.9278735511912455,0.9282915870477757,0.9279069767441861,1.0,1.0,1.0,1.0,5.822320317113122e-05,6.547861337661743,83699
600,CNN,mfcc,100,0.001,32,sgd,1e-5,3,32,5,1,32,0.0,,,,,,,,,,,,,,,,,,0.9348837209302325,0.9352678357574452,0.9363057035961971,0.9348837209302325,1.0,1.0,1.0,1.0,6.995700126470521e-05,7.098556995391846,198685
601,CNN,mfcc,100,0.001,32,sgd,1e-5,3,32,5,1,32,0.25,,,,,,,,,,,,,,,,,,0.9244186046511628,0.9247027370875801,0.925791722295482,0.9244186046511628,1.0,1.0,1.0,1.0,6.994424864303234e-05,7.050463438034058,198692
602,CNN,mfcc,100,0.001,32,sgd,1e-5,3,32,5,1,64,0.0,,,,,,,,,,,,,,,,,,0.9255813953488372,0.9255389147682617,0.9264126071419134,0.9255813953488372,1.0,1.0,1.0,1.0,7.242352463478266e-05,7.566452741622925,378114
603,CNN,mfcc,100,0.001,32,sgd,1e-5,3,32,5,1,64,0.25,,,,,,,,,,,,,,,,,,0.9174418604651163,0.9177128646634479,0.9184977538321603,0.9174418604651163,1.0,1.0,1.0,1.0,7.102655809979107e-05,7.276377439498901,378021
604,CNN,mfcc,100,0.001,32,sgd,1e-5,3,32,5,1,128,0.0,,,,,,,,,,,,,,,,,,0.913953488372093,0.9140356123439389,0.9157524807483847,0.913953488372093,1.0,1.0,1.0,1.0,7.023755894150845e-05,7.602236270904541,737208
605,CNN,mfcc,100,0.001,32,sgd,1e-5,3,32,5,1,128,0.25,,,,,,,,,,,,,,,,,,0.9255813953488372,0.9260967385145262,0.9277688522067182,0.9255813953488372,1.0,1.0,1.0,1.0,7.037589716356854e-05,7.233345985412598,736887
606,CNN,mfcc,100,0.001,32,sgd,1e-5,3,32,5,2,32,0.0,,,,,,,,,,,,,,,,,,0.9011627906976745,0.9013598725183101,0.9031110780628125,0.9011627906976745,1.0,1.0,1.0,1.0,8.013775182324786e-05,8.202103853225708,214122
607,CNN,mfcc,100,0.001,32,sgd,1e-5,3,32,5,2,32,0.25,,,,,,,,,,,,,,,,,,0.8848837209302326,0.8849840296287573,0.8858578562809112,0.8848837209302326,1.0,1.0,1.0,1.0,8.198272350222565e-05,7.667708396911621,213742
608,CNN,mfcc,100,0.001,32,sgd,1e-5,3,32,5,2,64,0.0,,,,,,,,,,,,,,,,,,0.9232558139534883,0.9241487657475683,0.9270587025715722,0.9232558139534883,1.0,1.0,1.0,1.0,8.155467898346656e-05,8.02254343032837,437467
609,CNN,mfcc,100,0.001,32,sgd,1e-5,3,32,5,2,64,0.25,,,,,,,,,,,,,,,,,,0.9069767441860465,0.9072588880997149,0.9090038671664582,0.9069767441860465,1.0,1.0,1.0,1.0,8.299295292344204e-05,8.087888717651367,437279
610,CNN,mfcc,100,0.001,32,sgd,1e-5,3,32,5,2,128,0.0,,,,,,,,,,,,,,,,,,0.9209302325581395,0.9211379525063631,0.9230378422124056,0.9209302325581395,1.0,1.0,1.0,1.0,8.05280929388002e-05,8.379553079605103,970624
611,CNN,mfcc,100,0.001,32,sgd,1e-5,3,32,5,2,128,0.25,,,,,,,,,,,,,,,,,,0.9186046511627907,0.9189192702858028,0.9211479653651489,0.9186046511627907,1.0,1.0,1.0,1.0,8.125111114147097e-05,8.381932497024536,969999
612,CNN,mfcc,100,0.001,32,sgd,1e-5,3,64,3,0,32,0.0,,,,,,,,,,,,,,,,,,0.836046511627907,0.8373382236090556,0.8422911339832163,0.836046511627907,1.0,1.0,1.0,1.0,8.400734080824741e-05,7.42923641204834,550258
613,CNN,mfcc,100,0.001,32,sgd,1e-5,3,64,3,0,32,0.25,,,,,,,,,,,,,,,,,,0.858139534883721,0.8587305290518197,0.861170786549325,0.858139534883721,1.0,1.0,1.0,1.0,8.460532787234284e-05,7.911694049835205,550220
614,CNN,mfcc,100,0.001,32,sgd,1e-5,3,64,3,0,64,0.0,,,,,,,,,,,,,,,,,,0.8476744186046512,0.8491431297723869,0.852995451292504,0.8476744186046512,1.0,1.0,1.0,1.0,8.513012597727221e-05,7.847944498062134,549878
615,CNN,mfcc,100,0.001,32,sgd,1e-5,3,64,3,0,64,0.25,,,,,,,,,,,,,,,,,,0.8383720930232558,0.838388880410486,0.8393046663185407,0.8383720930232558,1.0,1.0,1.0,1.0,8.388036905333053e-05,7.978317499160767,549833
616,CNN,mfcc,100,0.001,32,sgd,1e-5,3,64,3,0,128,0.0,,,,,,,,,,,,,,,,,,0.8558139534883721,0.8570056008874982,0.8602927346619487,0.8558139534883721,1.0,1.0,1.0,1.0,8.277532666228539e-05,8.073027610778809,550569
617,CNN,mfcc,100,0.001,32,sgd,1e-5,3,64,3,0,128,0.25,,,,,,,,,,,,,,,,,,0.8418604651162791,0.842361936669595,0.8440581739756543,0.8418604651162791,1.0,1.0,1.0,1.0,8.408995561821516e-05,8.093854665756226,550455
618,CNN,mfcc,100,0.001,32,sgd,1e-5,3,64,3,1,32,0.0,,,,,,,,,,,,,,,,,,0.8348837209302326,0.8354979739020036,0.8379778544952284,0.8348837209302326,1.0,1.0,1.0,1.0,9.655869284341501e-05,8.724026441574097,574747
619,CNN,mfcc,100,0.001,32,sgd,1e-5,3,64,3,1,32,0.25,,,,,,,,,,,,,,,,,,0.8395348837209302,0.8399857404018082,0.8417471044407837,0.8395348837209302,1.0,1.0,1.0,1.0,9.647746418797692e-05,8.711421966552734,575009
620,CNN,mfcc,100,0.001,32,sgd,1e-5,3,64,3,1,64,0.0,,,,,,,,,,,,,,,,,,0.813953488372093,0.8134185238947114,0.8133498134688762,0.813953488372093,1.0,1.0,1.0,1.0,9.536715440971907e-05,8.679903984069824,609253
621,CNN,mfcc,100,0.001,32,sgd,1e-5,3,64,3,1,64,0.25,,,,,,,,,,,,,,,,,,0.8383720930232558,0.839727539673183,0.8429013786586804,0.8383720930232558,1.0,1.0,1.0,1.0,9.935678437698719e-05,8.777985572814941,609587
622,CNN,mfcc,100,0.001,32,sgd,1e-5,3,64,3,1,128,0.0,,,,,,,,,,,,,,,,,,0.858139534883721,0.8585464140177322,0.8610049102533972,0.858139534883721,1.0,1.0,1.0,1.0,9.711703588796217e-05,8.788691520690918,678785
623,CNN,mfcc,100,0.001,32,sgd,1e-5,3,64,3,1,128,0.25,,,,,,,,,,,,,,,,,,0.8383720930232558,0.8385573043972209,0.8396740225895662,0.8383720930232558,1.0,1.0,1.0,1.0,9.695014288259107e-05,8.480583429336548,678900
624,CNN,mfcc,100,0.001,32,sgd,1e-5,3,64,3,2,32,0.0,,,,,,,,,,,,,,,,,,0.7779069767441861,0.77969670294067,0.7845878703825891,0.7779069767441861,1.0,1.0,1.0,1.0,0.00010956886202790016,9.274644136428833,590397
625,CNN,mfcc,100,0.001,32,sgd,1e-5,3,64,3,2,32,0.25,,,,,,,,,,,,,,,,,,0.7965116279069767,0.7964668373689375,0.8016580721903308,0.7965116279069767,1.0,1.0,1.0,1.0,0.00010672835416572039,9.25904369354248,590803
626,CNN,mfcc,100,0.001,32,sgd,1e-5,3,64,3,2,64,0.0,,,,,,,,,,,,,,,,,,0.8209302325581396,0.8215366620232776,0.8252819433886931,0.8209302325581396,1.0,1.0,1.0,1.0,0.00010776963344840116,9.179808378219604,669054
627,CNN,mfcc,100,0.001,32,sgd,1e-5,3,64,3,2,64,0.25,,,,,,,,,,,,,,,,,,0.7802325581395348,0.780697389148701,0.782964571411287,0.7802325581395348,1.0,1.0,1.0,1.0,0.0001278001208638036,8.73578929901123,669262
628,CNN,mfcc,100,0.001,32,sgd,1e-5,3,64,3,2,128,0.0,,,,,,,,,,,,,,,,,,0.8127906976744186,0.8142505771264534,0.8184101631297485,0.8127906976744186,1.0,1.0,1.0,1.0,0.00010759497797766397,8.830989837646484,912942
629,CNN,mfcc,100,0.001,32,sgd,1e-5,3,64,3,2,128,0.25,,,,,,,,,,,,,,,,,,0.7965116279069767,0.7990778798050826,0.8045883563321276,0.7965116279069767,1.0,1.0,1.0,1.0,0.0001077111377272495,9.291856050491333,912825
630,CNN,mfcc,100,0.001,32,sgd,1e-5,3,64,5,0,32,0.0,,,,,,,,,,,,,,,,,,0.9453488372093023,0.9456249345833797,0.9466159445654687,0.9453488372093023,1.0,1.0,1.0,1.0,5.606995072475699e-05,6.356839179992676,160530
631,CNN,mfcc,100,0.001,32,sgd,1e-5,3,64,5,0,32,0.25,,,,,,,,,,,,,,,,,,0.936046511627907,0.9362421796713425,0.937000672521942,0.936046511627907,1.0,1.0,1.0,1.0,5.693962407666583e-05,6.327352046966553,160587
632,CNN,mfcc,100,0.001,32,sgd,1e-5,3,64,5,0,64,0.0,,,,,,,,,,,,,,,,,,0.9418604651162791,0.9418495982596544,0.9423498299607853,0.9418604651162791,1.0,1.0,1.0,1.0,5.6224091108455215e-05,6.532956123352051,160535
633,CNN,mfcc,100,0.001,32,sgd,1e-5,3,64,5,0,64,0.25,,,,,,,,,,,,,,,,,,0.9441860465116279,0.9444575956850758,0.9451658008693643,0.9441860465116279,1.0,1.0,1.0,1.0,5.556289539780728e-05,6.190433740615845,160540
634,CNN,mfcc,100,0.001,32,sgd,1e-5,3,64,5,0,128,0.0,,,,,,,,,,,,,,,,,,0.9418604651162791,0.9418556108789663,0.9422707979900338,0.9418604651162791,1.0,1.0,1.0,1.0,5.5826819220254585e-05,6.7947304248809814,160544
635,CNN,mfcc,100,0.001,32,sgd,1e-5,3,64,5,0,128,0.25,,,,,,,,,,,,,,,,,,0.9511627906976744,0.9514117697587073,0.9527597160582019,0.9511627906976744,1.0,1.0,1.0,1.0,5.599426668743755e-05,6.79048752784729,160589
636,CNN,mfcc,100,0.001,32,sgd,1e-5,3,64,5,1,32,0.0,,,,,,,,,,,,,,,,,,0.9348837209302325,0.935027721203166,0.936058042560658,0.9348837209302325,1.0,1.0,1.0,1.0,6.717110789099406e-05,7.280671834945679,384379
637,CNN,mfcc,100,0.001,32,sgd,1e-5,3,64,5,1,32,0.25,,,,,,,,,,,,,,,,,,0.9337209302325581,0.9338021377909922,0.9353737962037705,0.9337209302325581,1.0,1.0,1.0,1.0,6.768093552700309e-05,7.5132739543914795,383582
638,CNN,mfcc,100,0.001,32,sgd,1e-5,3,64,5,1,64,0.0,,,,,,,,,,,,,,,,,,0.9441860465116279,0.9441961800294245,0.9446157480248761,0.9441860465116279,1.0,1.0,1.0,1.0,6.778600604035133e-05,7.798783779144287,738513
639,CNN,mfcc,100,0.001,32,sgd,1e-5,3,64,5,1,64,0.25,,,,,,,,,,,,,,,,,,0.9302325581395349,0.9303655232738732,0.9307947930417582,0.9302325581395349,1.0,1.0,1.0,1.0,6.851900455563568e-05,7.641659736633301,737395
640,CNN,mfcc,100,0.001,32,sgd,1e-5,3,64,5,1,128,0.0,,,,,,,,,,,,,,,,,,0.9488372093023256,0.9491048290952223,0.9500314642796276,0.9488372093023256,1.0,1.0,1.0,1.0,6.763408350390057e-05,7.965002536773682,1444411
641,CNN,mfcc,100,0.001,32,sgd,1e-5,3,64,5,1,128,0.25,,,,,,,,,,,,,,,,,,0.9348837209302325,0.9350840357600508,0.9366588156292464,0.9348837209302325,1.0,1.0,1.0,1.0,6.737792214681936e-05,7.969710111618042,1444338
642,CNN,mfcc,100,0.001,32,sgd,1e-5,3,64,5,2,32,0.0,,,,,,,,,,,,,,,,,,0.9267441860465117,0.926847502066062,0.927917059878541,0.9267441860465117,1.0,1.0,1.0,1.0,7.806156956872275e-05,8.100282430648804,399270
643,CNN,mfcc,100,0.001,32,sgd,1e-5,3,64,5,2,32,0.25,,,,,,,,,,,,,,,,,,0.913953488372093,0.9143015669361396,0.9152674490446859,0.913953488372093,1.0,1.0,1.0,1.0,7.880371670390285e-05,8.160414695739746,399629
644,CNN,mfcc,100,0.001,32,sgd,1e-5,3,64,5,2,64,0.0,,,,,,,,,,,,,,,,,,0.9267441860465117,0.9264544275244974,0.9272782869355697,0.9267441860465117,1.0,1.0,1.0,1.0,7.926059323687886e-05,8.282519340515137,796820
645,CNN,mfcc,100,0.001,32,sgd,1e-5,3,64,5,2,64,0.25,,,,,,,,,,,,,,,,,,0.9244186046511628,0.9249429296017708,0.9263243860914528,0.9244186046511628,1.0,1.0,1.0,1.0,7.967588513396508e-05,8.368589639663696,796423
646,CNN,mfcc,100,0.001,32,sgd,1e-5,3,64,5,2,128,0.0,,,,,,,,,,,,,,,,,,0.936046511627907,0.9365724781560792,0.9381719729917796,0.936046511627907,1.0,1.0,1.0,1.0,7.785115131112033e-05,8.275551557540894,1679405
647,CNN,mfcc,100,0.001,32,sgd,1e-5,3,64,5,2,128,0.25,,,,,,,,,,,,,,,,,,0.9290697674418604,0.9295390081409113,0.9311181881213644,0.9290697674418604,1.0,1.0,1.0,1.0,7.834323616914971e-05,8.149522066116333,1677623
648,CNN,mfcc,100,0.001,32,adamw,1e-5,1,16,3,0,32,0.0,,,,,,,,,,,,,,,,,,0.9255813953488372,0.9255776963238017,0.9265436674052367,0.9255813953488372,1.0,1.0,1.0,1.0,5.537687345992687e-05,6.155444622039795,63323
649,CNN,mfcc,100,0.001,32,adamw,1e-5,1,16,3,0,32,0.25,,,,,,,,,,,,,,,,,,0.9313953488372093,0.9313685261033025,0.9317571267427269,0.9313953488372093,1.0,1.0,1.0,1.0,5.562055942624114e-05,6.195165157318115,63320
650,CNN,mfcc,100,0.001,32,adamw,1e-5,1,16,3,0,64,0.0,,,,,,,,,,,,,,,,,,0.9302325581395349,0.9306004117410508,0.9327581406997282,0.9302325581395349,1.0,1.0,1.0,1.0,5.7085447533186094e-05,6.140584945678711,63359
651,CNN,mfcc,100,0.001,32,adamw,1e-5,1,16,3,0,64,0.25,,,,,,,,,,,,,,,,,,0.9267441860465117,0.9273190493183457,0.9287221197562021,0.9267441860465117,1.0,1.0,1.0,1.0,5.7257607925769896e-05,6.100181818008423,63349
652,CNN,mfcc,100,0.001,32,adamw,1e-5,1,16,3,0,128,0.0,,,,,,,,,,,,,,,,,,0.9186046511627907,0.9186259942999977,0.9196550935347633,0.9186046511627907,1.0,1.0,1.0,1.0,5.5590618488400483e-05,6.131868362426758,63341
653,CNN,mfcc,100,0.001,32,adamw,1e-5,1,16,3,0,128,0.25,,,,,,,,,,,,,,,,,,0.9244186046511628,0.9246053639323621,0.9264329081383248,0.9244186046511628,1.0,1.0,1.0,1.0,5.531726881515148e-05,6.126438617706299,63357
654,CNN,mfcc,100,0.001,32,adamw,1e-5,1,16,3,1,32,0.0,,,,,,,,,,,,,,,,,,0.9267441860465117,0.9273703989863638,0.9288364341433312,0.9267441860465117,1.0,1.0,1.0,1.0,6.855338118797125e-05,7.498888254165649,160197
655,CNN,mfcc,100,0.001,32,adamw,1e-5,1,16,3,1,32,0.25,,,,,,,,,,,,,,,,,,0.9174418604651163,0.9173564101899535,0.9189115117138582,0.9174418604651163,1.0,1.0,1.0,1.0,6.746802219124728e-05,7.005673885345459,160044
656,CNN,mfcc,100,0.001,32,adamw,1e-5,1,16,3,1,64,0.0,,,,,,,,,,,,,,,,,,0.922093023255814,0.9221891800088698,0.9228875829053433,0.922093023255814,1.0,1.0,1.0,1.0,6.874134374219318e-05,7.516919851303101,310473
657,CNN,mfcc,100,0.001,32,adamw,1e-5,1,16,3,1,64,0.25,,,,,,,,,,,,,,,,,,0.9197674418604651,0.9199750820016924,0.9208653560386068,0.9197674418604651,1.0,1.0,1.0,1.0,6.925144860910815e-05,7.454580307006836,310796
658,CNN,mfcc,100,0.001,32,adamw,1e-5,1,16,3,1,128,0.0,,,,,,,,,,,,,,,,,,0.9244186046511628,0.9244335505290001,0.9257038559505757,0.9244186046511628,1.0,1.0,1.0,1.0,6.807238556617914e-05,7.692822217941284,611854
659,CNN,mfcc,100,0.001,32,adamw,1e-5,1,16,3,1,128,0.25,,,,,,,,,,,,,,,,,,0.9313953488372093,0.931694064404974,0.933537142667267,0.9313953488372093,1.0,1.0,1.0,1.0,6.784976914871571e-05,7.655825614929199,611470
660,CNN,mfcc,100,0.001,32,adamw,1e-5,1,16,3,2,32,0.0,,,,,,,,,,,,,,,,,,0.922093023255814,0.9222906071600457,0.923623630780595,0.922093023255814,1.0,1.0,1.0,1.0,7.814252099325491e-05,8.013398170471191,175683
661,CNN,mfcc,100,0.001,32,adamw,1e-5,1,16,3,2,32,0.25,,,,,,,,,,,,,,,,,,0.9081395348837209,0.908777171612032,0.9114319045255181,0.9081395348837209,1.0,1.0,1.0,1.0,7.820101671440657e-05,8.038692951202393,175493
662,CNN,mfcc,100,0.001,32,adamw,1e-5,1,16,3,2,64,0.0,,,,,,,,,,,,,,,,,,0.9162790697674419,0.9169395868007584,0.9187194145471428,0.9162790697674419,1.0,1.0,1.0,1.0,7.887302443038586e-05,7.741652250289917,369967
663,CNN,mfcc,100,0.001,32,adamw,1e-5,1,16,3,2,64,0.25,,,,,,,,,,,,,,,,,,0.9325581395348838,0.9331681926423748,0.9349638437543679,0.9325581395348838,1.0,1.0,1.0,1.0,7.793681566105333e-05,8.100305557250977,369654
664,CNN,mfcc,100,0.001,32,adamw,1e-5,1,16,3,2,128,0.0,,,,,,,,,,,,,,,,,,0.9325581395348838,0.9327788185161007,0.9334289493917656,0.9325581395348838,1.0,1.0,1.0,1.0,8.000190867934116e-05,8.22937273979187,844945
665,CNN,mfcc,100,0.001,32,adamw,1e-5,1,16,3,2,128,0.25,,,,,,,,,,,,,,,,,,0.9197674418604651,0.9203670284543832,0.9220603641550974,0.9197674418604651,1.0,1.0,1.0,1.0,7.929081140562545e-05,8.24526071548462,844796
666,CNN,mfcc,100,0.001,32,adamw,1e-5,1,16,5,0,32,0.0,,,,,,,,,,,,,,,,,,0.9058139534883721,0.9063146982490152,0.9085581092487508,0.9058139534883721,1.0,1.0,1.0,1.0,5.804549816042878e-05,6.727885961532593,45266
667,CNN,mfcc,100,0.001,32,adamw,1e-5,1,16,5,0,32,0.25,,,,,,,,,,,,,,,,,,0.9116279069767442,0.9117044667955454,0.9123650734555152,0.9116279069767442,1.0,1.0,1.0,1.0,5.788331808045853e-05,6.64419150352478,45210
668,CNN,mfcc,100,0.001,32,adamw,1e-5,1,16,5,0,64,0.0,,,,,,,,,,,,,,,,,,0.9081395348837209,0.9081495049202819,0.9093140972163926,0.9081395348837209,1.0,1.0,1.0,1.0,5.786391191704329e-05,6.489584684371948,45208
669,CNN,mfcc,100,0.001,32,adamw,1e-5,1,16,5,0,64,0.25,,,,,,,,,,,,,,,,,,0.9116279069767442,0.911781366828378,0.9136458098956908,0.9116279069767442,1.0,1.0,1.0,1.0,5.844055220138195e-05,6.65469217300415,45229
670,CNN,mfcc,100,0.001,32,adamw,1e-5,1,16,5,0,128,0.0,,,,,,,,,,,,,,,,,,0.9104651162790698,0.9106575262965375,0.9155662511665128,0.9104651162790698,1.0,1.0,1.0,1.0,6.437856097554051e-05,6.076879024505615,45236
671,CNN,mfcc,100,0.001,32,adamw,1e-5,1,16,5,0,128,0.25,,,,,,,,,,,,,,,,,,0.9197674418604651,0.920291157554532,0.9221886494680341,0.9197674418604651,1.0,1.0,1.0,1.0,5.841338357260061e-05,6.102614402770996,45229
672,CNN,mfcc,100,0.001,32,adamw,1e-5,1,16,5,1,32,0.0,,,,,,,,,,,,,,,,,,0.8976744186046511,0.8981707106824177,0.8996587391610983,0.8976744186046511,1.0,1.0,1.0,1.0,7.042385811029479e-05,6.774473190307617,105888
673,CNN,mfcc,100,0.001,32,adamw,1e-5,1,16,5,1,32,0.25,,,,,,,,,,,,,,,,,,0.9069767441860465,0.9072943995340719,0.909012983025464,0.9069767441860465,1.0,1.0,1.0,1.0,7.064813791319381e-05,7.343080520629883,105911
674,CNN,mfcc,100,0.001,32,adamw,1e-5,1,16,5,1,64,0.0,,,,,,,,,,,,,,,,,,0.9290697674418604,0.9293691436129187,0.9305788968094737,0.9290697674418604,1.0,1.0,1.0,1.0,7.10467959559241e-05,7.058373212814331,198451
675,CNN,mfcc,100,0.001,32,adamw,1e-5,1,16,5,1,64,0.25,,,,,,,,,,,,,,,,,,0.9302325581395349,0.9302635581714581,0.9308803904889424,0.9302325581395349,1.0,1.0,1.0,1.0,7.008258686509244e-05,7.440552234649658,198345
676,CNN,mfcc,100,0.001,32,adamw,1e-5,1,16,5,1,128,0.0,,,,,,,,,,,,,,,,,,0.9081395348837209,0.9083902098841847,0.9110139222408891,0.9081395348837209,1.0,1.0,1.0,1.0,7.356821104537609e-05,7.383435010910034,383790
677,CNN,mfcc,100,0.001,32,adamw,1e-5,1,16,5,1,128,0.25,,,,,,,,,,,,,,,,,,0.9,0.9001897662858114,0.9013577737138705,0.9,1.0,1.0,1.0,1.0,7.181112156357876e-05,7.122624158859253,383704
678,CNN,mfcc,100,0.001,32,adamw,1e-5,1,16,5,2,32,0.0,,,,,,,,,,,,,,,,,,0.8872093023255814,0.887929803441417,0.8919560825474636,0.8872093023255814,1.0,1.0,1.0,1.0,8.151725281116575e-05,7.697998046875,121333
679,CNN,mfcc,100,0.001,32,adamw,1e-5,1,16,5,2,32,0.25,,,,,,,,,,,,,,,,,,0.8906976744186047,0.8917323586249997,0.8965823648524646,0.8906976744186047,1.0,1.0,1.0,1.0,8.148453956426577e-05,7.784309387207031,121207
680,CNN,mfcc,100,0.001,32,adamw,1e-5,1,16,5,2,64,0.0,,,,,,,,,,,,,,,,,,0.9279069767441861,0.9278006989027829,0.9280136717787453,0.9279069767441861,1.0,1.0,1.0,1.0,8.14961832623149e-05,8.137992858886719,257508
681,CNN,mfcc,100,0.001,32,adamw,1e-5,1,16,5,2,64,0.25,,,,,,,,,,,,,,,,,,0.9093023255813953,0.9096900524011424,0.9123884478007356,0.9093023255813953,1.0,1.0,1.0,1.0,8.149396541506746e-05,7.83768367767334,257402
682,CNN,mfcc,100,0.001,32,adamw,1e-5,1,16,5,2,128,0.0,,,,,,,,,,,,,,,,,,0.9046511627906977,0.9047351534373522,0.9054881296493398,0.9046511627906977,1.0,1.0,1.0,1.0,8.241853048635083e-05,7.945535659790039,617041
683,CNN,mfcc,100,0.001,32,adamw,1e-5,1,16,5,2,128,0.25,,,,,,,,,,,,,,,,,,0.9104651162790698,0.9103097867147102,0.9118488033454147,0.9104651162790698,1.0,1.0,1.0,1.0,8.509353149768918e-05,7.590062618255615,617021
684,CNN,mfcc,100,0.001,32,adamw,1e-5,1,32,3,0,32,0.0,,,,,,,,,,,,,,,,,,0.9418604651162791,0.9420807848093966,0.9430728525349275,0.9418604651162791,1.0,1.0,1.0,1.0,5.5710105008857194e-05,6.5650715827941895,119818
685,CNN,mfcc,100,0.001,32,adamw,1e-5,1,32,3,0,32,0.25,,,,,,,,,,,,,,,,,,0.9418604651162791,0.9418303948631717,0.9421193592501108,0.9418604651162791,1.0,1.0,1.0,1.0,5.563497543334961e-05,6.552275657653809,119899
686,CNN,mfcc,100,0.001,32,adamw,1e-5,1,32,3,0,64,0.0,,,,,,,,,,,,,,,,,,0.9418604651162791,0.9420247337609137,0.9436234651096743,0.9418604651162791,1.0,1.0,1.0,1.0,5.596515744231468e-05,6.280569314956665,119914
687,CNN,mfcc,100,0.001,32,adamw,1e-5,1,32,3,0,64,0.25,,,,,,,,,,,,,,,,,,0.9488372093023256,0.949212183097945,0.9500040327433777,0.9488372093023256,1.0,1.0,1.0,1.0,5.575030349021734e-05,6.128094673156738,119899
688,CNN,mfcc,100,0.001,32,adamw,1e-5,1,32,3,0,128,0.0,,,,,,,,,,,,,,,,,,0.9406976744186046,0.9409772633954798,0.941785310699868,0.9406976744186046,1.0,1.0,1.0,1.0,5.6797681852828626e-05,6.790169715881348,119943
689,CNN,mfcc,100,0.001,32,adamw,1e-5,1,32,3,0,128,0.25,,,,,,,,,,,,,,,,,,0.9441860465116279,0.9442525741731381,0.9447406962512631,0.9441860465116279,1.0,1.0,1.0,1.0,5.5696520694466524e-05,6.808466911315918,119860
690,CNN,mfcc,100,0.001,32,adamw,1e-5,1,32,3,1,32,0.0,,,,,,,,,,,,,,,,,,0.9418604651162791,0.9425279275216082,0.9444715316979291,0.9418604651162791,1.0,1.0,1.0,1.0,6.735990213793378e-05,7.182618618011475,307740
691,CNN,mfcc,100,0.001,32,adamw,1e-5,1,32,3,1,32,0.25,,,,,,,,,,,,,,,,,,0.9465116279069767,0.9470126455834189,0.9487469451614383,0.9465116279069767,1.0,1.0,1.0,1.0,6.635549456574195e-05,7.452409744262695,306895
692,CNN,mfcc,100,0.001,32,adamw,1e-5,1,32,3,1,64,0.0,,,,,,,,,,,,,,,,,,0.9441860465116279,0.9444306869320643,0.9452025379777151,0.9441860465116279,1.0,1.0,1.0,1.0,6.925422091816747e-05,7.48272442817688,602668
693,CNN,mfcc,100,0.001,32,adamw,1e-5,1,32,3,1,64,0.25,,,,,,,,,,,,,,,,,,0.9441860465116279,0.9442393411355859,0.9454490545555504,0.9441860465116279,1.0,1.0,1.0,1.0,6.865318431410679e-05,7.189564943313599,602428
694,CNN,mfcc,100,0.001,32,adamw,1e-5,1,32,3,1,128,0.0,,,,,,,,,,,,,,,,,,0.9395348837209302,0.9399660978949431,0.9409825091830649,0.9395348837209302,1.0,1.0,1.0,1.0,6.825064503869344e-05,7.587694406509399,1192948
695,CNN,mfcc,100,0.001,32,adamw,1e-5,1,32,3,1,128,0.25,,,,,,,,,,,,,,,,,,0.9476744186046512,0.9477593490152078,0.9483626696114058,0.9476744186046512,1.0,1.0,1.0,1.0,6.8460508834484e-05,7.646715402603149,1192876
696,CNN,mfcc,100,0.001,32,adamw,1e-5,1,32,3,2,32,0.0,,,,,,,,,,,,,,,,,,0.9290697674418604,0.9293901951697835,0.9302686736180817,0.9290697674418604,1.0,1.0,1.0,1.0,7.913750271464503e-05,8.108756303787231,322559
697,CNN,mfcc,100,0.001,32,adamw,1e-5,1,32,3,2,32,0.25,,,,,,,,,,,,,,,,,,0.9325581395348838,0.9325745097465722,0.9337368367921869,0.9325581395348838,1.0,1.0,1.0,1.0,7.902605589046035e-05,8.13939905166626,322405
698,CNN,mfcc,100,0.001,32,adamw,1e-5,1,32,3,2,64,0.0,,,,,,,,,,,,,,,,,,0.9290697674418604,0.9290366346556763,0.9305740300133845,0.9290697674418604,1.0,1.0,1.0,1.0,7.994535357453102e-05,7.714930534362793,661805
699,CNN,mfcc,100,0.001,32,adamw,1e-5,1,32,3,2,64,0.25,,,,,,,,,,,,,,,,,,0.9232558139534883,0.92326663756608,0.923796441893101,0.9232558139534883,1.0,1.0,1.0,1.0,7.987133292264717e-05,8.07258677482605,661699
700,CNN,mfcc,100,0.001,32,adamw,1e-5,1,32,3,2,128,0.0,,,,,,,,,,,,,,,,,,0.9406976744186046,0.9407698431366688,0.9415067714214571,0.9406976744186046,1.0,1.0,1.0,1.0,7.925449415694835e-05,8.339361667633057,1427079
701,CNN,mfcc,100,0.001,32,adamw,1e-5,1,32,3,2,128,0.25,,,,,,,,,,,,,,,,,,0.9302325581395349,0.9304533739353027,0.9316446596099615,0.9302325581395349,1.0,1.0,1.0,1.0,7.85031984018725e-05,8.097762107849121,1426314
702,CNN,mfcc,100,0.001,32,adamw,1e-5,1,32,5,0,32,0.0,,,,,,,,,,,,,,,,,,0.9255813953488372,0.9257467618142837,0.9266508573410013,0.9255813953488372,1.0,1.0,1.0,1.0,5.822458932566088e-05,6.8090574741363525,83641
703,CNN,mfcc,100,0.001,32,adamw,1e-5,1,32,5,0,32,0.25,,,,,,,,,,,,,,,,,,0.9337209302325581,0.9337427148461535,0.9346419437110036,0.9337209302325581,1.0,1.0,1.0,1.0,5.972828975943632e-05,6.839167594909668,83672
704,CNN,mfcc,100,0.001,32,adamw,1e-5,1,32,5,0,64,0.0,,,,,,,,,,,,,,,,,,0.9348837209302325,0.9350760657910967,0.9360648503010291,0.9348837209302325,1.0,1.0,1.0,1.0,5.946963332420172e-05,6.911270618438721,83704
705,CNN,mfcc,100,0.001,32,adamw,1e-5,1,32,5,0,64,0.25,,,,,,,,,,,,,,,,,,0.9244186046511628,0.924704560282705,0.9253409578143342,0.9244186046511628,1.0,1.0,1.0,1.0,5.845690882483194e-05,6.8352837562561035,83674
706,CNN,mfcc,100,0.001,32,adamw,1e-5,1,32,5,0,128,0.0,,,,,,,,,,,,,,,,,,0.9244186046511628,0.9243180489883492,0.9253472477906318,0.9244186046511628,1.0,1.0,1.0,1.0,5.840783895448197e-05,6.482205867767334,83642
707,CNN,mfcc,100,0.001,32,adamw,1e-5,1,32,5,0,128,0.25,,,,,,,,,,,,,,,,,,0.9267441860465117,0.9270409277786412,0.9285728351733887,0.9267441860465117,1.0,1.0,1.0,1.0,5.829167920489644e-05,6.787756443023682,83674
708,CNN,mfcc,100,0.001,32,adamw,1e-5,1,32,5,1,32,0.0,,,,,,,,,,,,,,,,,,0.9232558139534883,0.923623882493248,0.9250242322154723,0.9232558139534883,1.0,1.0,1.0,1.0,7.001826929491619e-05,6.97848916053772,198701
709,CNN,mfcc,100,0.001,32,adamw,1e-5,1,32,5,1,32,0.25,,,,,,,,,,,,,,,,,,0.9232558139534883,0.923815406947942,0.9251042418794692,0.9232558139534883,1.0,1.0,1.0,1.0,7.072049517964208e-05,7.045854568481445,198677
710,CNN,mfcc,100,0.001,32,adamw,1e-5,1,32,5,1,64,0.0,,,,,,,,,,,,,,,,,,0.9313953488372093,0.9316590870389727,0.9327765739507046,0.9313953488372093,1.0,1.0,1.0,1.0,7.593853529109512e-05,6.947648286819458,378250
711,CNN,mfcc,100,0.001,32,adamw,1e-5,1,32,5,1,64,0.25,,,,,,,,,,,,,,,,,,0.922093023255814,0.922079807977603,0.9226521931172061,0.922093023255814,1.0,1.0,1.0,1.0,7.10304393324741e-05,7.449594020843506,377720
712,CNN,mfcc,100,0.001,32,adamw,1e-5,1,32,5,1,128,0.0,,,,,,,,,,,,,,,,,,0.9313953488372093,0.9316116732214657,0.932522855192998,0.9313953488372093,1.0,1.0,1.0,1.0,7.111887599146644e-05,7.726298093795776,737055
713,CNN,mfcc,100,0.001,32,adamw,1e-5,1,32,5,1,128,0.25,,,,,,,,,,,,,,,,,,0.9290697674418604,0.9294351799193138,0.9305435904103391,0.9290697674418604,1.0,1.0,1.0,1.0,7.306614587473315e-05,7.546392440795898,737007
714,CNN,mfcc,100,0.001,32,adamw,1e-5,1,32,5,2,32,0.0,,,,,,,,,,,,,,,,,,0.9151162790697674,0.9152285532835509,0.9168621242834498,0.9151162790697674,1.0,1.0,1.0,1.0,8.081558138825173e-05,7.892962694168091,214000
715,CNN,mfcc,100,0.001,32,adamw,1e-5,1,32,5,2,32,0.25,,,,,,,,,,,,,,,,,,0.9093023255813953,0.9091930114363168,0.9102615653805138,0.9093023255813953,1.0,1.0,1.0,1.0,8.20298527562341e-05,7.709880828857422,214142
716,CNN,mfcc,100,0.001,32,adamw,1e-5,1,32,5,2,64,0.0,,,,,,,,,,,,,,,,,,0.913953488372093,0.9148080837262234,0.916780634724788,0.913953488372093,1.0,1.0,1.0,1.0,8.409189623455668e-05,8.08954906463623,437263
717,CNN,mfcc,100,0.001,32,adamw,1e-5,1,32,5,2,64,0.25,,,,,,,,,,,,,,,,,,0.9069767441860465,0.9074980836665733,0.9098607697128444,0.9069767441860465,1.0,1.0,1.0,1.0,8.373371390409248e-05,7.661423683166504,436909
718,CNN,mfcc,100,0.001,32,adamw,1e-5,1,32,5,2,128,0.0,,,,,,,,,,,,,,,,,,0.922093023255814,0.9224576786210231,0.923829637662719,0.922093023255814,1.0,1.0,1.0,1.0,8.394274600716524e-05,7.9861884117126465,970316
719,CNN,mfcc,100,0.001,32,adamw,1e-5,1,32,5,2,128,0.25,,,,,,,,,,,,,,,,,,0.9244186046511628,0.9246526141110817,0.9257801202201029,0.9244186046511628,1.0,1.0,1.0,1.0,8.25357991595601e-05,8.060093402862549,970528
720,CNN,mfcc,100,0.001,32,adamw,1e-5,1,64,3,0,32,0.0,,,,,,,,,,,,,,,,,,0.9465116279069767,0.946543820109209,0.9470473735492257,0.9465116279069767,1.0,1.0,1.0,1.0,5.769369214080101e-05,6.481191158294678,232967
721,CNN,mfcc,100,0.001,32,adamw,1e-5,1,64,3,0,32,0.25,,,,,,,,,,,,,,,,,,0.9453488372093023,0.9455010685696612,0.9462634243402844,0.9453488372093023,1.0,1.0,1.0,1.0,5.604000978691633e-05,6.791442155838013,232834
722,CNN,mfcc,100,0.001,32,adamw,1e-5,1,64,3,0,64,0.0,,,,,,,,,,,,,,,,,,0.9453488372093023,0.9455086020087722,0.9462942340751533,0.9453488372093023,1.0,1.0,1.0,1.0,5.627510159514671e-05,6.523056268692017,233053
723,CNN,mfcc,100,0.001,32,adamw,1e-5,1,64,3,0,64,0.25,,,,,,,,,,,,,,,,,,0.95,0.9500145644376898,0.9503456908576191,0.95,1.0,1.0,1.0,1.0,5.7260657465735145e-05,6.1790759563446045,232932
724,CNN,mfcc,100,0.001,32,adamw,1e-5,1,64,3,0,128,0.0,,,,,,,,,,,,,,,,,,0.958139534883721,0.9584439203237411,0.9596637982171494,0.958139534883721,1.0,1.0,1.0,1.0,5.592246388280115e-05,6.8020079135894775,233013
725,CNN,mfcc,100,0.001,32,adamw,1e-5,1,64,3,0,128,0.25,,,,,,,,,,,,,,,,,,0.9453488372093023,0.9454667607823976,0.9460066077329653,0.9453488372093023,1.0,1.0,1.0,1.0,5.894372629564862e-05,6.675187826156616,232971
726,CNN,mfcc,100,0.001,32,adamw,1e-5,1,64,3,1,32,0.0,,,,,,,,,,,,,,,,,,0.9197674418604651,0.9199903478404032,0.9211666201535521,0.9197674418604651,1.0,1.0,1.0,1.0,6.78661257721657e-05,7.216269254684448,602573
727,CNN,mfcc,100,0.001,32,adamw,1e-5,1,64,3,1,32,0.25,,,,,,,,,,,,,,,,,,0.9267441860465117,0.9270231265687873,0.9282094028149585,0.9267441860465117,1.0,1.0,1.0,1.0,6.940448006918264e-05,7.424196720123291,602845
728,CNN,mfcc,100,0.001,32,adamw,1e-5,1,64,3,1,64,0.0,,,,,,,,,,,,,,,,,,0.9476744186046512,0.9476082499432753,0.9480426781904325,0.9476744186046512,1.0,1.0,1.0,1.0,6.929719170858694e-05,7.825961112976074,1187779
729,CNN,mfcc,100,0.001,32,adamw,1e-5,1,64,3,1,64,0.25,,,,,,,,,,,,,,,,,,0.9511627906976744,0.9513580423268493,0.9519885577835905,0.9511627906976744,1.0,1.0,1.0,1.0,6.940281668374705e-05,7.497278690338135,1187410
730,CNN,mfcc,100,0.001,32,adamw,1e-5,1,64,3,1,128,0.0,,,,,,,,,,,,,,,,,,0.9488372093023256,0.9489761875492159,0.9498779708542384,0.9488372093023256,1.0,1.0,1.0,1.0,6.913473439771075e-05,7.839963436126709,2357897
731,CNN,mfcc,100,0.001,32,adamw,1e-5,1,64,3,1,128,0.25,,,,,,,,,,,,,,,,,,0.9465116279069767,0.9468147733474647,0.9479937349607804,0.9465116279069767,1.0,1.0,1.0,1.0,6.831357645434003e-05,7.9275171756744385,2359716
732,CNN,mfcc,100,0.001,32,adamw,1e-5,1,64,3,2,32,0.0,,,,,,,,,,,,,,,,,,0.9348837209302325,0.9351003051632872,0.9359827454597248,0.9348837209302325,1.0,1.0,1.0,1.0,7.826228474461755e-05,8.27669072151184,616556
733,CNN,mfcc,100,0.001,32,adamw,1e-5,1,64,3,2,32,0.25,,,,,,,,,,,,,,,,,,0.9383720930232559,0.9384200738197143,0.9398294023639788,0.9383720930232559,1.0,1.0,1.0,1.0,7.839396942493527e-05,7.989814758300781,616874
734,CNN,mfcc,100,0.001,32,adamw,1e-5,1,64,3,2,64,0.0,,,,,,,,,,,,,,,,,,0.9406976744186046,0.9406887666894408,0.9411009407885483,0.9406976744186046,1.0,1.0,1.0,1.0,8.123115051624387e-05,8.36819577217102,1246476
735,CNN,mfcc,100,0.001,32,adamw,1e-5,1,64,3,2,64,0.25,,,,,,,,,,,,,,,,,,0.9465116279069767,0.9467560038098721,0.9479880253722581,0.9465116279069767,1.0,1.0,1.0,1.0,7.999969083209371e-05,8.386767387390137,1246893
736,CNN,mfcc,100,0.001,32,adamw,1e-5,1,64,3,2,128,0.0,,,,,,,,,,,,,,,,,,0.9418604651162791,0.9419717963418369,0.9425135130391662,0.9418604651162791,1.0,1.0,1.0,1.0,7.886193519414858e-05,8.496774435043335,2593371
737,CNN,mfcc,100,0.001,32,adamw,1e-5,1,64,3,2,128,0.25,,,,,,,,,,,,,,,,,,0.9441860465116279,0.9443885613766385,0.9462120383183014,0.9441860465116279,1.0,1.0,1.0,1.0,8.019264354262241e-05,8.219051837921143,2592273
738,CNN,mfcc,100,0.001,32,adamw,1e-5,1,64,5,0,32,0.0,,,,,,,,,,,,,,,,,,0.9418604651162791,0.9420282264186322,0.9433634423672336,0.9418604651162791,1.0,1.0,1.0,1.0,5.6541520495747414e-05,6.615678548812866,160521
739,CNN,mfcc,100,0.001,32,adamw,1e-5,1,64,5,0,32,0.25,,,,,,,,,,,,,,,,,,0.9325581395348838,0.9327704741482744,0.9341985169965128,0.9325581395348838,1.0,1.0,1.0,1.0,5.5832086607467295e-05,6.778604030609131,160582
740,CNN,mfcc,100,0.001,32,adamw,1e-5,1,64,5,0,64,0.0,,,,,,,,,,,,,,,,,,0.9441860465116279,0.9441881366699965,0.9444139687149843,0.9441860465116279,1.0,1.0,1.0,1.0,5.554487538892169e-05,6.7802019119262695,160488
741,CNN,mfcc,100,0.001,32,adamw,1e-5,1,64,5,0,64,0.25,,,,,,,,,,,,,,,,,,0.9348837209302325,0.9351505336628507,0.9356705623632217,0.9348837209302325,1.0,1.0,1.0,1.0,5.60544257940248e-05,6.729990720748901,160618
742,CNN,mfcc,100,0.001,32,adamw,1e-5,1,64,5,0,128,0.0,,,,,,,,,,,,,,,,,,0.9406976744186046,0.940925146730371,0.9419734206247111,0.9406976744186046,1.0,1.0,1.0,1.0,5.547362704609716e-05,6.756106853485107,160560
743,CNN,mfcc,100,0.001,32,adamw,1e-5,1,64,5,0,128,0.25,,,,,,,,,,,,,,,,,,0.9488372093023256,0.9490146907344121,0.9498400633957046,0.9488372093023256,1.0,1.0,1.0,1.0,5.5744204410286834e-05,6.484619379043579,160594
744,CNN,mfcc,100,0.001,32,adamw,1e-5,1,64,5,1,32,0.0,,,,,,,,,,,,,,,,,,0.936046511627907,0.9361486990863984,0.9374473591910141,0.936046511627907,1.0,1.0,1.0,1.0,6.799614706704783e-05,7.507080316543579,384085
745,CNN,mfcc,100,0.001,32,adamw,1e-5,1,64,5,1,32,0.25,,,,,,,,,,,,,,,,,,0.9244186046511628,0.9244733561751612,0.9250540079066529,0.9244186046511628,1.0,1.0,1.0,1.0,6.795844366384107e-05,7.023032188415527,384535
746,CNN,mfcc,100,0.001,32,adamw,1e-5,1,64,5,1,64,0.0,,,,,,,,,,,,,,,,,,0.9395348837209302,0.9395008343427441,0.9399475465437578,0.9395348837209302,1.0,1.0,1.0,1.0,6.933129111001658e-05,7.161637783050537,736948
747,CNN,mfcc,100,0.001,32,adamw,1e-5,1,64,5,1,64,0.25,,,,,,,,,,,,,,,,,,0.9465116279069767,0.9465908457406018,0.9472426268258358,0.9465116279069767,1.0,1.0,1.0,1.0,6.91627347192099e-05,7.153449773788452,737901
748,CNN,mfcc,100,0.001,32,adamw,1e-5,1,64,5,1,128,0.0,,,,,,,,,,,,,,,,,,0.9383720930232559,0.938663378455654,0.9395125264451916,0.9383720930232559,1.0,1.0,1.0,1.0,6.856280703877294e-05,7.504820823669434,1443797
749,CNN,mfcc,100,0.001,32,adamw,1e-5,1,64,5,1,128,0.25,,,,,,,,,,,,,,,,,,0.9383720930232559,0.938707086913986,0.9399191183039999,0.9383720930232559,1.0,1.0,1.0,1.0,6.80044639942258e-05,7.853666543960571,1443530
750,CNN,mfcc,100,0.001,32,adamw,1e-5,1,64,5,2,32,0.0,,,,,,,,,,,,,,,,,,0.922093023255814,0.9223275098715766,0.923696235872113,0.922093023255814,1.0,1.0,1.0,1.0,7.986190707184548e-05,8.23947286605835,398934
751,CNN,mfcc,100,0.001,32,adamw,1e-5,1,64,5,2,32,0.25,,,,,,,,,,,,,,,,,,0.9081395348837209,0.9083912484758027,0.9099625358530101,0.9081395348837209,1.0,1.0,1.0,1.0,7.758611856504928e-05,8.230988025665283,400278
752,CNN,mfcc,100,0.001,32,adamw,1e-5,1,64,5,2,64,0.0,,,,,,,,,,,,,,,,,,0.9151162790697674,0.9153165206908649,0.9162435842755237,0.9151162790697674,1.0,1.0,1.0,1.0,7.981422335602517e-05,8.41016674041748,797162
753,CNN,mfcc,100,0.001,32,adamw,1e-5,1,64,5,2,64,0.25,,,,,,,,,,,,,,,,,,0.9313953488372093,0.9316869298066979,0.9329147000421549,0.9313953488372093,1.0,1.0,1.0,1.0,8.062456929406455e-05,7.785104990005493,796610
754,CNN,mfcc,100,0.001,32,adamw,1e-5,1,64,5,2,128,0.0,,,,,,,,,,,,,,,,,,0.9279069767441861,0.9277938628884108,0.9293663982907392,0.9279069767441861,1.0,1.0,1.0,1.0,7.881619209466979e-05,7.984236001968384,1677744
755,CNN,mfcc,100,0.001,32,adamw,1e-5,1,64,5,2,128,0.25,,,,,,,,,,,,,,,,,,0.9383720930232559,0.9388110490386472,0.9408309511174321,0.9383720930232559,1.0,1.0,1.0,1.0,7.906265037004338e-05,8.40570592880249,1677537
756,CNN,mfcc,100,0.001,32,adamw,1e-5,2,16,3,0,32,0.0,,,,,,,,,,,,,,,,,,0.7569767441860465,0.7572076456602014,0.7665264969900298,0.7569767441860465,0.9371362048894063,0.9368411057018439,0.9404090514139957,0.9371362048894063,8.367826772290607e-05,7.798027515411377,45599
757,CNN,mfcc,100,0.001,32,adamw,1e-5,2,16,3,0,32,0.25,,,,,,,,,,,,,,,,,,0.727906976744186,0.7251697181171287,0.7290868645115632,0.727906976744186,0.9307334109429569,0.9304745500352483,0.9318304912474578,0.9307334109429569,8.429482925769894e-05,7.368135929107666,45638
758,CNN,mfcc,100,0.001,32,adamw,1e-5,2,16,3,0,64,0.0,,,,,,,,,,,,,,,,,,0.7186046511627907,0.7185347846672853,0.7387004634087724,0.7186046511627907,0.8853317811408614,0.8852365116221295,0.8931885186859416,0.8853317811408614,8.664630180181459e-05,7.07982063293457,45637
759,CNN,mfcc,100,0.001,32,adamw,1e-5,2,16,3,0,64,0.25,,,,,,,,,,,,,,,,,,0.7116279069767442,0.7093159942954022,0.717762235407657,0.7116279069767442,0.8556461001164144,0.8549902835278919,0.8604810440184606,0.8556461001164144,8.34986220958621e-05,7.350299835205078,45648
760,CNN,mfcc,100,0.001,32,adamw,1e-5,2,16,3,0,128,0.0,,,,,,,,,,,,,,,,,,0.7232558139534884,0.7244700824824942,0.7279405532581594,0.7232558139534884,0.9444121071012805,0.9444149258048189,0.9454635803634085,0.9444121071012805,9.02439272680948e-05,7.711419343948364,45591
761,CNN,mfcc,100,0.001,32,adamw,1e-5,2,16,3,0,128,0.25,,,,,,,,,,,,,,,,,,0.7116279069767442,0.7124951399772772,0.7185784522410908,0.7116279069767442,0.8943538998835856,0.8942806462102095,0.8955330804548254,0.8943538998835856,8.429593818132267e-05,7.802436590194702,45608
762,CNN,mfcc,100,0.001,32,adamw,1e-5,2,16,3,1,32,0.0,,,,,,,,,,,,,,,,,,0.7220930232558139,0.7215963946927745,0.725527471377675,0.7220930232558139,0.9653667054714785,0.9653125663549887,0.9656723461944776,0.9653667054714785,9.568846502969431e-05,8.462169885635376,56558
763,CNN,mfcc,100,0.001,32,adamw,1e-5,2,16,3,1,32,0.25,,,,,,,,,,,,,,,,,,0.7302325581395349,0.7271087401208698,0.7304085335539723,0.7302325581395349,0.9572176949941793,0.9568917415028099,0.9576248984065407,0.9572176949941793,9.599314179531364e-05,7.955535650253296,56629
764,CNN,mfcc,100,0.001,32,adamw,1e-5,2,16,3,1,64,0.0,,,,,,,,,,,,,,,,,,0.7127906976744186,0.714153933593137,0.7265885390147175,0.7127906976744186,0.9575087310826542,0.9577163681483363,0.9599195472780127,0.9575087310826542,0.00011124832685603652,7.774943113327026,69685
765,CNN,mfcc,100,0.001,32,adamw,1e-5,2,16,3,1,64,0.25,,,,,,,,,,,,,,,,,,0.7209302325581395,0.7198875615718497,0.7211730844505254,0.7209302325581395,0.9717694994179278,0.9717762840065844,0.9729096860386341,0.9717694994179278,9.55542852712232e-05,8.213656663894653,69722
766,CNN,mfcc,100,0.001,32,adamw,1e-5,2,16,3,1,128,0.0,,,,,,,,,,,,,,,,,,0.7395348837209302,0.7369540603986121,0.7381298825148678,0.7395348837209302,0.9956344586728755,0.9956407976615358,0.9956771764864562,0.9956344586728755,9.66684762821641e-05,8.430986166000366,95923
767,CNN,mfcc,100,0.001,32,adamw,1e-5,2,16,3,1,128,0.25,,,,,,,,,,,,,,,,,,0.7197674418604652,0.7185470069525969,0.7289061926824618,0.7197674418604652,0.9743888242142026,0.9743406639235939,0.9755649769217871,0.9743888242142026,9.799918463063795e-05,8.467097282409668,95882
768,CNN,mfcc,100,0.001,32,adamw,1e-5,2,16,3,2,32,0.0,,,,,,,,,,,,,,,,,,0.7290697674418605,0.7287499788999692,0.7309842895284423,0.7290697674418605,0.9639115250291036,0.9639963421533145,0.9654675430227863,0.9639115250291036,0.00010935872100120367,8.925989627838135,72099
769,CNN,mfcc,100,0.001,32,adamw,1e-5,2,16,3,2,32,0.25,,,,,,,,,,,,,,,,,,0.7116279069767442,0.70839087938781,0.7095153969785976,0.7116279069767442,0.9874854481955763,0.9874798442283309,0.9875759343226208,0.9874854481955763,0.00010785307995108671,8.441174268722534,72057
770,CNN,mfcc,100,0.001,32,adamw,1e-5,2,16,3,2,64,0.0,,,,,,,,,,,,,,,,,,0.7011627906976744,0.6992380536987269,0.704723435156675,0.7011627906976744,0.9822467986030268,0.9821972385328885,0.9828172751668334,0.9822467986030268,0.000107341866160548,9.05666446685791,128941
771,CNN,mfcc,100,0.001,32,adamw,1e-5,2,16,3,2,64,0.25,,,,,,,,,,,,,,,,,,0.6965116279069767,0.6952097799027843,0.6978201888545223,0.6965116279069767,0.9516880093131548,0.9517295286324774,0.9542025758180335,0.9516880093131548,0.00012128547180530637,8.51101040840149,129152
772,CNN,mfcc,100,0.001,32,adamw,1e-5,2,16,3,2,128,0.0,,,,,,,,,,,,,,,,,,0.7325581395348837,0.7336122321370048,0.7385279636986898,0.7325581395348837,1.0,1.0,1.0,1.0,0.00010736792586570563,9.12814211845398,329793
773,CNN,mfcc,100,0.001,32,adamw,1e-5,2,16,3,2,128,0.25,,,,,,,,,,,,,,,,,,0.7093023255813954,0.7080493492705634,0.7131444332760803,0.7093023255813954,0.9642025611175786,0.9640262831949884,0.9660223090743907,0.9642025611175786,0.00010998858961948128,9.126339197158813,330002
774,CNN,mfcc,100,0.001,32,adamw,1e-5,2,16,5,0,32,0.0,,,,,,,,,,,,,,,,,,0.9197674418604651,0.9200852326681013,0.9217772917162567,0.9197674418604651,1.0,1.0,1.0,1.0,5.9565555217654204e-05,6.406259775161743,45269
775,CNN,mfcc,100,0.001,32,adamw,1e-5,2,16,5,0,32,0.25,,,,,,,,,,,,,,,,,,0.9209302325581395,0.9213808142124699,0.9228055724275848,0.9209302325581395,1.0,1.0,1.0,1.0,5.926974984102471e-05,6.662680149078369,45248
776,CNN,mfcc,100,0.001,32,adamw,1e-5,2,16,5,0,64,0.0,,,,,,,,,,,,,,,,,,0.8976744186046511,0.8982957502657398,0.9005583786362772,0.8976744186046511,1.0,1.0,1.0,1.0,5.8187163153360055e-05,6.72852897644043,45225
777,CNN,mfcc,100,0.001,32,adamw,1e-5,2,16,5,0,64,0.25,,,,,,,,,,,,,,,,,,0.9186046511627907,0.9183979309241068,0.9188849320019222,0.9186046511627907,1.0,1.0,1.0,1.0,5.912642146265784e-05,6.703847408294678,45226
778,CNN,mfcc,100,0.001,32,adamw,1e-5,2,16,5,0,128,0.0,,,,,,,,,,,,,,,,,,0.9034883720930232,0.9043687597120394,0.9068649949314175,0.9034883720930232,1.0,1.0,1.0,1.0,5.79124273255814e-05,6.811502456665039,45228
779,CNN,mfcc,100,0.001,32,adamw,1e-5,2,16,5,0,128,0.25,,,,,,,,,,,,,,,,,,0.913953488372093,0.9140488986184709,0.9151541045360555,0.913953488372093,1.0,1.0,1.0,1.0,5.861243536305982e-05,6.459353446960449,45209
780,CNN,mfcc,100,0.001,32,adamw,1e-5,2,16,5,1,32,0.0,,,,,,,,,,,,,,,,,,0.9069767441860465,0.9071877854459736,0.9098969693583617,0.9069767441860465,0.9997089639115251,0.999708950652518,0.9997099504745367,0.9997089639115251,7.034845130388127e-05,7.052375078201294,105844
781,CNN,mfcc,100,0.001,32,adamw,1e-5,2,16,5,1,32,0.25,,,,,,,,,,,,,,,,,,0.9034883720930232,0.9037695923361131,0.9057786006986833,0.9034883720930232,1.0,1.0,1.0,1.0,7.178007170211437e-05,7.598360776901245,105720
782,CNN,mfcc,100,0.001,32,adamw,1e-5,2,16,5,1,64,0.0,,,,,,,,,,,,,,,,,,0.9069767441860465,0.907380470379114,0.9082771687648141,0.9069767441860465,1.0,1.0,1.0,1.0,7.200130196504814e-05,7.422786474227905,198541
783,CNN,mfcc,100,0.001,32,adamw,1e-5,2,16,5,1,64,0.25,,,,,,,,,,,,,,,,,,0.9162790697674419,0.9165073752822892,0.9176991913109709,0.9162790697674419,1.0,1.0,1.0,1.0,7.127883822418923e-05,7.411606073379517,198501
784,CNN,mfcc,100,0.001,32,adamw,1e-5,2,16,5,1,128,0.0,,,,,,,,,,,,,,,,,,0.9104651162790698,0.9107190548762818,0.9112235663476088,0.9104651162790698,1.0,1.0,1.0,1.0,7.091649743013603e-05,7.280803203582764,383485
785,CNN,mfcc,100,0.001,32,adamw,1e-5,2,16,5,1,128,0.25,,,,,,,,,,,,,,,,,,0.9058139534883721,0.9062861791742656,0.9081329222913225,0.9058139534883721,1.0,1.0,1.0,1.0,7.21426897270735e-05,7.011791229248047,383642
786,CNN,mfcc,100,0.001,32,adamw,1e-5,2,16,5,2,32,0.0,,,,,,,,,,,,,,,,,,0.8930232558139535,0.8927568624243417,0.8943893700240202,0.8930232558139535,1.0,1.0,1.0,1.0,8.057633111643236e-05,8.02534294128418,121296
787,CNN,mfcc,100,0.001,32,adamw,1e-5,2,16,5,2,32,0.25,,,,,,,,,,,,,,,,,,0.8895348837209303,0.8896945933076943,0.8910014307220485,0.8895348837209303,1.0,1.0,1.0,1.0,8.142853892126748e-05,7.44983983039856,121339
788,CNN,mfcc,100,0.001,32,adamw,1e-5,2,16,5,2,64,0.0,,,,,,,,,,,,,,,,,,0.9104651162790698,0.9111628881020067,0.9135075012448907,0.9104651162790698,1.0,1.0,1.0,1.0,8.105095042738804e-05,7.553020000457764,257496
789,CNN,mfcc,100,0.001,32,adamw,1e-5,2,16,5,2,64,0.25,,,,,,,,,,,,,,,,,,0.9069767441860465,0.9071920292332859,0.9079183906667431,0.9069767441860465,1.0,1.0,1.0,1.0,8.120453634927439e-05,7.9847424030303955,257485
790,CNN,mfcc,100,0.001,32,adamw,1e-5,2,16,5,2,128,0.0,,,,,,,,,,,,,,,,,,0.9023255813953488,0.9030462767493901,0.905355422117137,0.9023255813953488,1.0,1.0,1.0,1.0,8.136560750562091e-05,7.8559041023254395,616969
791,CNN,mfcc,100,0.001,32,adamw,1e-5,2,16,5,2,128,0.25,,,,,,,,,,,,,,,,,,0.8941860465116279,0.8953927503750022,0.8979778584283009,0.8941860465116279,1.0,1.0,1.0,1.0,8.252942284872366e-05,7.8580780029296875,617051
792,CNN,mfcc,100,0.001,32,adamw,1e-5,2,32,3,0,32,0.0,,,,,,,,,,,,,,,,,,0.8104651162790698,0.8104146770606999,0.8128279539166152,0.8104651162790698,1.0,1.0,1.0,1.0,8.411379747612532e-05,7.234043836593628,148478
793,CNN,mfcc,100,0.001,32,adamw,1e-5,2,32,3,0,32,0.25,,,,,,,,,,,,,,,,,,0.7779069767441861,0.7779694668349407,0.7812206008829771,0.7779069767441861,1.0,1.0,1.0,1.0,8.459063463432845e-05,7.657939195632935,148679
794,CNN,mfcc,100,0.001,32,adamw,1e-5,2,32,3,0,64,0.0,,,,,,,,,,,,,,,,,,0.7790697674418605,0.7796455655266139,0.7836917572603458,0.7790697674418605,1.0,1.0,1.0,1.0,8.408718330915584e-05,7.157430410385132,148524
795,CNN,mfcc,100,0.001,32,adamw,1e-5,2,32,3,0,64,0.25,,,,,,,,,,,,,,,,,,0.7941860465116279,0.7955952379738128,0.7985810811809316,0.7941860465116279,1.0,1.0,1.0,1.0,8.466909098070722e-05,7.216953992843628,148558
796,CNN,mfcc,100,0.001,32,adamw,1e-5,2,32,3,0,128,0.0,,,,,,,,,,,,,,,,,,0.791860465116279,0.7937387212764532,0.8004438756823526,0.791860465116279,1.0,1.0,1.0,1.0,8.583651032558707e-05,7.251158714294434,148585
797,CNN,mfcc,100,0.001,32,adamw,1e-5,2,32,3,0,128,0.25,,,,,,,,,,,,,,,,,,0.8034883720930233,0.803389810207874,0.8059825655576413,0.8034883720930233,1.0,1.0,1.0,1.0,9.803827418837437e-05,7.742241859436035,148625
798,CNN,mfcc,100,0.001,32,adamw,1e-5,2,32,3,1,32,0.0,,,,,,,,,,,,,,,,,,0.7651162790697674,0.7654765522657729,0.7818936293083388,0.7651162790697674,0.980791618160652,0.9806992740718106,0.9817911250277743,0.980791618160652,9.66579415077387e-05,7.9315550327301025,164041
799,CNN,mfcc,100,0.001,32,adamw,1e-5,2,32,3,1,32,0.25,,,,,,,,,,,,,,,,,,0.7755813953488372,0.7752434407404205,0.7799390330463694,0.7755813953488372,1.0,1.0,1.0,1.0,9.667097136031749e-05,7.74006986618042,164068
800,CNN,mfcc,100,0.001,32,adamw,1e-5,2,32,3,1,64,0.0,,,,,,,,,,,,,,,,,,0.7325581395348837,0.7331332170874211,0.7351761994527316,0.7325581395348837,1.0,1.0,1.0,1.0,0.00010188596193180528,8.132506608963013,184782
801,CNN,mfcc,100,0.001,32,adamw,1e-5,2,32,3,1,64,0.25,,,,,,,,,,,,,,,,,,0.8069767441860465,0.8078954193804377,0.8104036436790503,0.8069767441860465,1.0,1.0,1.0,1.0,9.694764780443769e-05,8.27114200592041,184368
802,CNN,mfcc,100,0.001,32,adamw,1e-5,2,32,3,1,128,0.0,,,,,,,,,,,,,,,,,,0.7848837209302325,0.7879050931966894,0.7956534191494272,0.7848837209302325,1.0,1.0,1.0,1.0,0.00010075541429741438,8.452462196350098,224965
803,CNN,mfcc,100,0.001,32,adamw,1e-5,2,32,3,1,128,0.25,,,,,,,,,,,,,,,,,,0.8255813953488372,0.8267362336356158,0.8298883212195209,0.8255813953488372,1.0,1.0,1.0,1.0,9.72021457760833e-05,8.049055099487305,224977
804,CNN,mfcc,100,0.001,32,adamw,1e-5,2,32,3,2,32,0.0,,,,,,,,,,,,,,,,,,0.7744186046511627,0.7761699608409992,0.7822805553943897,0.7744186046511627,1.0,1.0,1.0,1.0,0.0001060796338458394,9.030803442001343,179383
805,CNN,mfcc,100,0.001,32,adamw,1e-5,2,32,3,2,32,0.25,,,,,,,,,,,,,,,,,,0.763953488372093,0.765622182435481,0.770982810257139,0.763953488372093,1.0,1.0,1.0,1.0,0.00010887190353038699,8.990373373031616,179506
806,CNN,mfcc,100,0.001,32,adamw,1e-5,2,32,3,2,64,0.0,,,,,,,,,,,,,,,,,,0.7825581395348837,0.7824405952515724,0.7840374415801792,0.7825581395348837,1.0,1.0,1.0,1.0,0.00010674110678739326,8.689268589019775,243445
807,CNN,mfcc,100,0.001,32,adamw,1e-5,2,32,3,2,64,0.25,,,,,,,,,,,,,,,,,,0.7534883720930232,0.7527769820036678,0.7555553789420753,0.7534883720930232,1.0,1.0,1.0,1.0,0.00010716998299887015,9.06925344467163,243784
808,CNN,mfcc,100,0.001,32,adamw,1e-5,2,32,3,2,128,0.0,,,,,,,,,,,,,,,,,,0.7755813953488372,0.7758317939453303,0.7780127628714674,0.7755813953488372,1.0,1.0,1.0,1.0,0.00010853534521058549,9.071163177490234,458533
809,CNN,mfcc,100,0.001,32,adamw,1e-5,2,32,3,2,128,0.25,,,,,,,,,,,,,,,,,,0.7813953488372093,0.7825903902532577,0.7859867072014985,0.7813953488372093,1.0,1.0,1.0,1.0,0.00010755422503449196,9.105441808700562,458873
810,CNN,mfcc,100,0.001,32,adamw,1e-5,2,32,5,0,32,0.0,,,,,,,,,,,,,,,,,,0.9325581395348838,0.9328369977224257,0.9335716182129291,0.9325581395348838,1.0,1.0,1.0,1.0,5.844526512678279e-05,6.9251389503479,83651
811,CNN,mfcc,100,0.001,32,adamw,1e-5,2,32,5,0,32,0.25,,,,,,,,,,,,,,,,,,0.9290697674418604,0.9293599318639664,0.9306129758620147,0.9290697674418604,1.0,1.0,1.0,1.0,5.906848020331804e-05,6.489482641220093,83693
812,CNN,mfcc,100,0.001,32,adamw,1e-5,2,32,5,0,64,0.0,,,,,,,,,,,,,,,,,,0.9337209302325581,0.9339975559790421,0.9354375952782995,0.9337209302325581,1.0,1.0,1.0,1.0,5.860023720319881e-05,6.385781764984131,83675
813,CNN,mfcc,100,0.001,32,adamw,1e-5,2,32,5,0,64,0.25,,,,,,,,,,,,,,,,,,0.9325581395348838,0.9327751772930378,0.9339683022481093,0.9325581395348838,1.0,1.0,1.0,1.0,5.9591337691905884e-05,6.222940444946289,83703
814,CNN,mfcc,100,0.001,32,adamw,1e-5,2,32,5,0,128,0.0,,,,,,,,,,,,,,,,,,0.9406976744186046,0.9410767714733206,0.9421801234511058,0.9406976744186046,1.0,1.0,1.0,1.0,6.0067343157391215e-05,6.214631795883179,83699
815,CNN,mfcc,100,0.001,32,adamw,1e-5,2,32,5,0,128,0.25,,,,,,,,,,,,,,,,,,0.9255813953488372,0.9257710505974709,0.927032941062304,0.9255813953488372,1.0,1.0,1.0,1.0,5.885279455850291e-05,6.822795629501343,83668
816,CNN,mfcc,100,0.001,32,adamw,1e-5,2,32,5,1,32,0.0,,,,,,,,,,,,,,,,,,0.9162790697674419,0.9162500810046892,0.9168389511036036,0.9162790697674419,1.0,1.0,1.0,1.0,7.12491745172545e-05,6.929306268692017,198640
817,CNN,mfcc,100,0.001,32,adamw,1e-5,2,32,5,1,32,0.25,,,,,,,,,,,,,,,,,,0.9151162790697674,0.91543739680885,0.9165567421540546,0.9151162790697674,1.0,1.0,1.0,1.0,7.06791877746582e-05,6.8697381019592285,198631
818,CNN,mfcc,100,0.001,32,adamw,1e-5,2,32,5,1,64,0.0,,,,,,,,,,,,,,,,,,0.9232558139534883,0.9237316082907359,0.92531636341837,0.9232558139534883,1.0,1.0,1.0,1.0,7.136283918868664e-05,7.004794597625732,377888
819,CNN,mfcc,100,0.001,32,adamw,1e-5,2,32,5,1,64,0.25,,,,,,,,,,,,,,,,,,0.9209302325581395,0.9208994903612907,0.9213870332941744,0.9209302325581395,1.0,1.0,1.0,1.0,7.11618467818859e-05,7.193552732467651,378203
820,CNN,mfcc,100,0.001,32,adamw,1e-5,2,32,5,1,128,0.0,,,,,,,,,,,,,,,,,,0.9162790697674419,0.9168388790812869,0.9180766946400702,0.9162790697674419,1.0,1.0,1.0,1.0,7.076402043187341e-05,7.570973634719849,737379
821,CNN,mfcc,100,0.001,32,adamw,1e-5,2,32,5,1,128,0.25,,,,,,,,,,,,,,,,,,0.936046511627907,0.9363374933542394,0.9374737646569418,0.936046511627907,1.0,1.0,1.0,1.0,7.072188133417174e-05,7.647142648696899,736574
822,CNN,mfcc,100,0.001,32,adamw,1e-5,2,32,5,2,32,0.0,,,,,,,,,,,,,,,,,,0.913953488372093,0.9138980223332899,0.9144128537392274,0.913953488372093,1.0,1.0,1.0,1.0,8.190981177396553e-05,7.749788761138916,213933
823,CNN,mfcc,100,0.001,32,adamw,1e-5,2,32,5,2,32,0.25,,,,,,,,,,,,,,,,,,0.9069767441860465,0.907526835325383,0.9093999832342626,0.9069767441860465,1.0,1.0,1.0,1.0,8.110584214676258e-05,8.12645149230957,214024
824,CNN,mfcc,100,0.001,32,adamw,1e-5,2,32,5,2,64,0.0,,,,,,,,,,,,,,,,,,0.9197674418604651,0.9199772871757309,0.9216164532063944,0.9197674418604651,1.0,1.0,1.0,1.0,8.350583009941634e-05,7.975923299789429,436960
825,CNN,mfcc,100,0.001,32,adamw,1e-5,2,32,5,2,64,0.25,,,,,,,,,,,,,,,,,,0.9209302325581395,0.9212029378366349,0.9220919123621931,0.9209302325581395,1.0,1.0,1.0,1.0,8.271544478660406e-05,7.5854408740997314,436874
826,CNN,mfcc,100,0.001,32,adamw,1e-5,2,32,5,2,128,0.0,,,,,,,,,,,,,,,,,,0.9151162790697674,0.9150380939449253,0.9167696613127191,0.9151162790697674,1.0,1.0,1.0,1.0,8.280194082925486e-05,8.34876275062561,970683
827,CNN,mfcc,100,0.001,32,adamw,1e-5,2,32,5,2,128,0.25,,,,,,,,,,,,,,,,,,0.9174418604651163,0.9176374455864285,0.9190498871243803,0.9174418604651163,1.0,1.0,1.0,1.0,8.45642976982649e-05,8.26565670967102,970482
828,CNN,mfcc,100,0.001,32,adamw,1e-5,2,64,3,0,32,0.0,,,,,,,,,,,,,,,,,,0.8418604651162791,0.8414926675436003,0.8420925256465902,0.8418604651162791,1.0,1.0,1.0,1.0,8.409577746723973e-05,7.603078842163086,550047
829,CNN,mfcc,100,0.001,32,adamw,1e-5,2,64,3,0,32,0.25,,,,,,,,,,,,,,,,,,0.8162790697674419,0.8148841377590401,0.8215942057913229,0.8162790697674419,0.9822467986030268,0.9821494410888031,0.9824957330039655,0.9822467986030268,8.372595143872638e-05,7.498963356018066,550427
830,CNN,mfcc,100,0.001,32,adamw,1e-5,2,64,3,0,64,0.0,,,,,,,,,,,,,,,,,,0.8232558139534883,0.8237915322211578,0.825688402235179,0.8232558139534883,1.0,1.0,1.0,1.0,8.437855299129042e-05,7.737818241119385,550482
831,CNN,mfcc,100,0.001,32,adamw,1e-5,2,64,3,0,64,0.25,,,,,,,,,,,,,,,,,,0.858139534883721,0.8577907908852196,0.8584718184556662,0.858139534883721,1.0,1.0,1.0,1.0,8.43472258989201e-05,8.069206953048706,550467
832,CNN,mfcc,100,0.001,32,adamw,1e-5,2,64,3,0,128,0.0,,,,,,,,,,,,,,,,,,0.8709302325581395,0.8711477066639655,0.8717074957683488,0.8709302325581395,1.0,1.0,1.0,1.0,8.576082628826762e-05,8.06657075881958,550002
833,CNN,mfcc,100,0.001,32,adamw,1e-5,2,64,3,0,128,0.25,,,,,,,,,,,,,,,,,,0.8209302325581396,0.823060386555583,0.8279416413904314,0.8209302325581396,1.0,1.0,1.0,1.0,8.46907149913699e-05,7.601650953292847,550701
834,CNN,mfcc,100,0.001,32,adamw,1e-5,2,64,3,1,32,0.0,,,,,,,,,,,,,,,,,,0.8523255813953489,0.853518338218433,0.8581472390075268,0.8523255813953489,1.0,1.0,1.0,1.0,9.580379308656204e-05,8.452245712280273,574846
835,CNN,mfcc,100,0.001,32,adamw,1e-5,2,64,3,1,32,0.25,,,,,,,,,,,,,,,,,,0.8046511627906977,0.8046503447615837,0.806593522820965,0.8046511627906977,1.0,1.0,1.0,1.0,9.528675744699877e-05,8.775587797164917,574544
836,CNN,mfcc,100,0.001,32,adamw,1e-5,2,64,3,1,64,0.0,,,,,,,,,,,,,,,,,,0.8267441860465117,0.8274714283565727,0.829625646684542,0.8267441860465117,1.0,1.0,1.0,1.0,0.00010002075239669445,8.711244106292725,609677
837,CNN,mfcc,100,0.001,32,adamw,1e-5,2,64,3,1,64,0.25,,,,,,,,,,,,,,,,,,0.8162790697674419,0.8166935190051631,0.8187417882204272,0.8162790697674419,1.0,1.0,1.0,1.0,9.726868119350699e-05,8.295791387557983,609986
838,CNN,mfcc,100,0.001,32,adamw,1e-5,2,64,3,1,128,0.0,,,,,,,,,,,,,,,,,,0.8232558139534883,0.8241427766535405,0.8276578616142508,0.8232558139534883,1.0,1.0,1.0,1.0,0.00011302509973215503,8.346117496490479,679106
839,CNN,mfcc,100,0.001,32,adamw,1e-5,2,64,3,1,128,0.25,,,,,,,,,,,,,,,,,,0.8488372093023255,0.8485082101987268,0.8506515691535121,0.8488372093023255,1.0,1.0,1.0,1.0,9.711925373520962e-05,7.938647270202637,678859
840,CNN,mfcc,100,0.001,32,adamw,1e-5,2,64,3,2,32,0.0,,,,,,,,,,,,,,,,,,0.8023255813953488,0.8044464967964658,0.8112788339062467,0.8023255813953488,1.0,1.0,1.0,1.0,0.00010793846707011378,8.913506507873535,590126
841,CNN,mfcc,100,0.001,32,adamw,1e-5,2,64,3,2,32,0.25,,,,,,,,,,,,,,,,,,0.7744186046511627,0.7758565307651164,0.7800535658050722,0.7744186046511627,1.0,1.0,1.0,1.0,0.0001082777976989746,8.633861541748047,589862
842,CNN,mfcc,100,0.001,32,adamw,1e-5,2,64,3,2,64,0.0,,,,,,,,,,,,,,,,,,0.8186046511627907,0.8187607840805494,0.8200500924964341,0.8186046511627907,1.0,1.0,1.0,1.0,0.00010802801265272983,8.87139368057251,668891
843,CNN,mfcc,100,0.001,32,adamw,1e-5,2,64,3,2,64,0.25,,,,,,,,,,,,,,,,,,0.8337209302325581,0.8341680615991783,0.8372214043042041,0.8337209302325581,1.0,1.0,1.0,1.0,0.00010623571484587913,9.217172384262085,668875
844,CNN,mfcc,100,0.001,32,adamw,1e-5,2,64,3,2,128,0.0,,,,,,,,,,,,,,,,,,0.8255813953488372,0.826028062987786,0.8277823326460151,0.8255813953488372,1.0,1.0,1.0,1.0,0.00010819490565810092,9.34574556350708,912941
845,CNN,mfcc,100,0.001,32,adamw,1e-5,2,64,3,2,128,0.25,,,,,,,,,,,,,,,,,,0.8186046511627907,0.8188253289514844,0.8204274974583318,0.8186046511627907,1.0,1.0,1.0,1.0,0.0001078988230505655,9.344999074935913,913156
846,CNN,mfcc,100,0.001,32,adamw,1e-5,2,64,5,0,32,0.0,,,,,,,,,,,,,,,,,,0.9406976744186046,0.9413253852999377,0.943789124000669,0.9406976744186046,1.0,1.0,1.0,1.0,5.615173384200695e-05,6.604971170425415,160588
847,CNN,mfcc,100,0.001,32,adamw,1e-5,2,64,5,0,32,0.25,,,,,,,,,,,,,,,,,,0.9441860465116279,0.9442875322284775,0.9447700333395892,0.9441860465116279,1.0,1.0,1.0,1.0,5.551826122195222e-05,6.591416358947754,160542
848,CNN,mfcc,100,0.001,32,adamw,1e-5,2,64,5,0,64,0.0,,,,,,,,,,,,,,,,,,0.9441860465116279,0.9442656437152815,0.9447478859442767,0.9441860465116279,1.0,1.0,1.0,1.0,5.645696506943814e-05,6.859284400939941,160558
849,CNN,mfcc,100,0.001,32,adamw,1e-5,2,64,5,0,64,0.25,,,,,,,,,,,,,,,,,,0.9430232558139535,0.9434111251970241,0.9447130980228969,0.9430232558139535,1.0,1.0,1.0,1.0,5.6864217270252316e-05,6.828697204589844,160554
850,CNN,mfcc,100,0.001,32,adamw,1e-5,2,64,5,0,128,0.0,,,,,,,,,,,,,,,,,,0.9523255813953488,0.9525560917742181,0.9536051698575286,0.9523255813953488,1.0,1.0,1.0,1.0,5.6202189866886585e-05,6.823699235916138,160584
851,CNN,mfcc,100,0.001,32,adamw,1e-5,2,64,5,0,128,0.25,,,,,,,,,,,,,,,,,,0.9453488372093023,0.9456555661642263,0.9466747724029948,0.9453488372093023,1.0,1.0,1.0,1.0,5.593022634816724e-05,6.790158033370972,160569
852,CNN,mfcc,100,0.001,32,adamw,1e-5,2,64,5,1,32,0.0,,,,,,,,,,,,,,,,,,0.9313953488372093,0.9316326627710694,0.9328179549762208,0.9313953488372093,1.0,1.0,1.0,1.0,6.804882093917491e-05,7.415356636047363,383926
853,CNN,mfcc,100,0.001,32,adamw,1e-5,2,64,5,1,32,0.25,,,,,,,,,,,,,,,,,,0.9325581395348838,0.932687746326569,0.9330666738580994,0.9325581395348838,1.0,1.0,1.0,1.0,6.794375042582667e-05,7.161056756973267,384230
854,CNN,mfcc,100,0.001,32,adamw,1e-5,2,64,5,1,64,0.0,,,,,,,,,,,,,,,,,,0.936046511627907,0.9364536181335672,0.9381733809458311,0.936046511627907,1.0,1.0,1.0,1.0,6.859773813292038e-05,7.730290174484253,738496
855,CNN,mfcc,100,0.001,32,adamw,1e-5,2,64,5,1,64,0.25,,,,,,,,,,,,,,,,,,0.9348837209302325,0.9352826095410813,0.9365731030189378,0.9348837209302325,1.0,1.0,1.0,1.0,6.804189016652661e-05,7.763434648513794,737754
856,CNN,mfcc,100,0.001,32,adamw,1e-5,2,64,5,1,128,0.0,,,,,,,,,,,,,,,,,,0.9395348837209302,0.9397323745596889,0.9406136819486751,0.9395348837209302,1.0,1.0,1.0,1.0,6.725871285726857e-05,7.986405372619629,1444648
857,CNN,mfcc,100,0.001,32,adamw,1e-5,2,64,5,1,128,0.25,,,,,,,,,,,,,,,,,,0.9383720930232559,0.9389374305619458,0.9410556512634602,0.9383720930232559,1.0,1.0,1.0,1.0,6.748715112375659e-05,7.938309907913208,1445137
858,CNN,mfcc,100,0.001,32,adamw,1e-5,2,64,5,2,32,0.0,,,,,,,,,,,,,,,,,,0.9255813953488372,0.9257339864872823,0.926418616583023,0.9255813953488372,1.0,1.0,1.0,1.0,7.918075073597043e-05,8.163110494613647,399619
859,CNN,mfcc,100,0.001,32,adamw,1e-5,2,64,5,2,32,0.25,,,,,,,,,,,,,,,,,,0.9279069767441861,0.9280804001091881,0.9290243488659026,0.9279069767441861,1.0,1.0,1.0,1.0,7.860660552978515e-05,8.045656681060791,399323
860,CNN,mfcc,100,0.001,32,adamw,1e-5,2,64,5,2,64,0.0,,,,,,,,,,,,,,,,,,0.9279069767441861,0.9280403217484172,0.9285377460497265,0.9279069767441861,1.0,1.0,1.0,1.0,8.047763691392055e-05,8.264609813690186,797943
861,CNN,mfcc,100,0.001,32,adamw,1e-5,2,64,5,2,64,0.25,,,,,,,,,,,,,,,,,,0.9244186046511628,0.9244579517727481,0.9254039669340736,0.9244186046511628,1.0,1.0,1.0,1.0,8.04460325906443e-05,8.317409992218018,796462
862,CNN,mfcc,100,0.001,32,adamw,1e-5,2,64,5,2,128,0.0,,,,,,,,,,,,,,,,,,0.9313953488372093,0.931598039027636,0.9331417173924322,0.9313953488372093,1.0,1.0,1.0,1.0,7.943524870761605e-05,8.520312786102295,1678605
863,CNN,mfcc,100,0.001,32,adamw,1e-5,2,64,5,2,128,0.25,,,,,,,,,,,,,,,,,,0.9255813953488372,0.9260268743152049,0.9282485026430553,0.9255813953488372,1.0,1.0,1.0,1.0,7.848711900932844e-05,8.381457805633545,1677963
864,CNN,mfcc,100,0.001,32,adamw,1e-5,3,16,3,0,32,0.0,,,,,,,,,,,,,,,,,,0.7441860465116279,0.7455679594369993,0.7503044183742928,0.7441860465116279,0.9508149010477299,0.9511848166086666,0.9532876215604912,0.9508149010477299,8.388729982597883e-05,7.335048198699951,45597
865,CNN,mfcc,100,0.001,32,adamw,1e-5,3,16,3,0,32,0.25,,,,,,,,,,,,,,,,,,0.7430232558139535,0.7408832518549363,0.7531685502583187,0.7430232558139535,0.9438300349243306,0.9436666548534817,0.9475823225145706,0.9438300349243306,8.329153060913086e-05,7.695417404174805,45567
866,CNN,mfcc,100,0.001,32,adamw,1e-5,3,16,3,0,64,0.0,,,,,,,,,,,,,,,,,,0.6930232558139535,0.6973756730542274,0.708122123093777,0.6930232558139535,0.8923166472642607,0.8935541109602835,0.8969160090550294,0.8923166472642607,8.305948834086573e-05,7.777545928955078,45642
867,CNN,mfcc,100,0.001,32,adamw,1e-5,3,16,3,0,64,0.25,,,,,,,,,,,,,,,,,,0.7488372093023256,0.7526401853891989,0.767791600421669,0.7488372093023256,0.9543073341094296,0.95437277327961,0.9560634983345021,0.9543073341094296,8.59033229739167e-05,7.32013201713562,45624
868,CNN,mfcc,100,0.001,32,adamw,1e-5,3,16,3,0,128,0.0,,,,,,,,,,,,,,,,,,0.6662790697674419,0.6640093824473373,0.6658843938222864,0.6662790697674419,0.8355646100116414,0.834640529595162,0.835615003815525,0.8355646100116414,8.308277573696402e-05,7.7820494174957275,45636
869,CNN,mfcc,100,0.001,32,adamw,1e-5,3,16,3,0,128,0.25,,,,,,,,,,,,,,,,,,0.7325581395348837,0.7311245411735994,0.7353774338459624,0.7325581395348837,0.9059953434225844,0.9061166099100845,0.9082692504208524,0.9059953434225844,8.307584496431572e-05,7.333810806274414,45640
870,CNN,mfcc,100,0.001,32,adamw,1e-5,3,16,3,1,32,0.0,,,,,,,,,,,,,,,,,,0.7523255813953489,0.7532140065499736,0.7603359505334933,0.7523255813953489,0.9554714784633295,0.9558181398762081,0.9579594981998955,0.9554714784633295,0.00011326490446578625,7.86740779876709,56600
871,CNN,mfcc,100,0.001,32,adamw,1e-5,3,16,3,1,32,0.25,,,,,,,,,,,,,,,,,,0.7325581395348837,0.732365327703632,0.7350126394141431,0.7325581395348837,0.9743888242142026,0.9742368937235016,0.9743939978006516,0.9743888242142026,0.00010711065558500068,7.819453477859497,56638
872,CNN,mfcc,100,0.001,32,adamw,1e-5,3,16,3,1,64,0.0,,,,,,,,,,,,,,,,,,0.7418604651162791,0.739863946593017,0.7438396193869592,0.7418604651162791,0.9644935972060535,0.9643882273330061,0.9648636413276247,0.9644935972060535,0.00011099410611529684,8.1077299118042,69764
873,CNN,mfcc,100,0.001,32,adamw,1e-5,3,16,3,1,64,0.25,,,,,,,,,,,,,,,,,,0.7255813953488373,0.7257483367965661,0.7311894033715317,0.7255813953488373,0.9915599534342259,0.991560583300079,0.9917690520830518,0.9915599534342259,0.00010676772095436274,7.934231281280518,69715
874,CNN,mfcc,100,0.001,32,adamw,1e-5,3,16,3,1,128,0.0,,,,,,,,,,,,,,,,,,0.6709302325581395,0.670693977289038,0.6736608832405404,0.6709302325581395,0.9188009313154831,0.9183122633821982,0.9200313843716064,0.9188009313154831,9.694265764813091e-05,7.95055627822876,95934
875,CNN,mfcc,100,0.001,32,adamw,1e-5,3,16,3,1,128,0.25,,,,,,,,,,,,,,,,,,0.7302325581395349,0.73015553372423,0.7335936346949782,0.7302325581395349,0.969441210710128,0.9694691464916538,0.9707301648528529,0.969441210710128,9.764904199644576e-05,8.121655225753784,95976
876,CNN,mfcc,100,0.001,32,adamw,1e-5,3,16,3,2,32,0.0,,,,,,,,,,,,,,,,,,0.6569767441860465,0.6582112693001948,0.6668239328981833,0.6569767441860465,0.9720605355064028,0.9722872914422739,0.9735114718435947,0.9720605355064028,0.00010821791582329328,8.598227500915527,72101
877,CNN,mfcc,100,0.001,32,adamw,1e-5,3,16,3,2,32,0.25,,,,,,,,,,,,,,,,,,0.7069767441860465,0.7096191388401065,0.7152883648423051,0.7069767441860465,0.939173457508731,0.9395475436325216,0.9414103739030913,0.939173457508731,0.00011011195737262104,9.059350728988647,72090
878,CNN,mfcc,100,0.001,32,adamw,1e-5,3,16,3,2,64,0.0,,,,,,,,,,,,,,,,,,0.7034883720930233,0.7038041927708385,0.7145509672179561,0.7034883720930233,0.9123981373690337,0.9129661509648601,0.9193356418640535,0.9123981373690337,0.00010633718135745027,9.051486253738403,129120
879,CNN,mfcc,100,0.001,32,adamw,1e-5,3,16,3,2,64,0.25,,,,,,,,,,,,,,,,,,0.6872093023255814,0.6882691270308084,0.6966798234735038,0.6872093023255814,0.9775902211874272,0.9775286797962623,0.9775768828255733,0.9775902211874272,0.0001061117926309275,9.042567014694214,128901
880,CNN,mfcc,100,0.001,32,adamw,1e-5,3,16,3,2,128,0.0,,,,,,,,,,,,,,,,,,0.7069767441860465,0.706057398912978,0.7138344967688274,0.7069767441860465,0.9740977881257276,0.9741134122576562,0.975031534544821,0.9740977881257276,0.00010760828506114871,8.599106788635254,329886
881,CNN,mfcc,100,0.001,32,adamw,1e-5,3,16,3,2,128,0.25,,,,,,,,,,,,,,,,,,0.6976744186046512,0.6980587840862181,0.7027232724528045,0.6976744186046512,0.9572176949941793,0.95737900820733,0.9598086869471264,0.9572176949941793,0.00010712784390116848,8.740667819976807,330011
882,CNN,mfcc,100,0.001,32,adamw,1e-5,3,16,5,0,32,0.0,,,,,,,,,,,,,,,,,,0.9116279069767442,0.9118036924645525,0.9135706192274671,0.9116279069767442,1.0,1.0,1.0,1.0,5.792601163997207e-05,6.588368892669678,45203
883,CNN,mfcc,100,0.001,32,adamw,1e-5,3,16,5,0,32,0.25,,,,,,,,,,,,,,,,,,0.9011627906976745,0.901382498155015,0.9022825353032696,0.9011627906976745,1.0,1.0,1.0,1.0,5.802997322969658e-05,6.735042572021484,45214
884,CNN,mfcc,100,0.001,32,adamw,1e-5,3,16,5,0,64,0.0,,,,,,,,,,,,,,,,,,0.913953488372093,0.9137645773055205,0.9145722248210878,0.913953488372093,1.0,1.0,1.0,1.0,5.933268125667128e-05,6.622859239578247,45228
885,CNN,mfcc,100,0.001,32,adamw,1e-5,3,16,5,0,64,0.25,,,,,,,,,,,,,,,,,,0.9116279069767442,0.9121347421802082,0.9133330743600709,0.9116279069767442,1.0,1.0,1.0,1.0,5.846716636835143e-05,6.6691601276397705,45214
886,CNN,mfcc,100,0.001,32,adamw,1e-5,3,16,5,0,128,0.0,,,,,,,,,,,,,,,,,,0.9069767441860465,0.9071002560674889,0.9080162900467731,0.9069767441860465,1.0,1.0,1.0,1.0,5.760442378909089e-05,6.3056371212005615,45229
887,CNN,mfcc,100,0.001,32,adamw,1e-5,3,16,5,0,128,0.25,,,,,,,,,,,,,,,,,,0.9046511627906977,0.9046406807247315,0.9059590585402703,0.9046511627906977,1.0,1.0,1.0,1.0,5.749574927396552e-05,6.655707359313965,45237
888,CNN,mfcc,100,0.001,32,adamw,1e-5,3,16,5,1,32,0.0,,,,,,,,,,,,,,,,,,0.9127906976744186,0.9132478836264869,0.9153008132618081,0.9127906976744186,1.0,1.0,1.0,1.0,6.987826768742051e-05,6.939730644226074,105838
889,CNN,mfcc,100,0.001,32,adamw,1e-5,3,16,5,1,32,0.25,,,,,,,,,,,,,,,,,,0.8790697674418605,0.879968168490638,0.883136945331057,0.8790697674418605,1.0,1.0,1.0,1.0,7.121867911760197e-05,6.757434844970703,105908
890,CNN,mfcc,100,0.001,32,adamw,1e-5,3,16,5,1,64,0.0,,,,,,,,,,,,,,,,,,0.8988372093023256,0.8994689272870048,0.9015113788564183,0.8988372093023256,1.0,1.0,1.0,1.0,7.016464721324831e-05,7.181222677230835,198410
891,CNN,mfcc,100,0.001,32,adamw,1e-5,3,16,5,1,64,0.25,,,,,,,,,,,,,,,,,,0.9232558139534883,0.923226747122346,0.9240032635776377,0.9232558139534883,1.0,1.0,1.0,1.0,7.001494252404501e-05,7.361590385437012,198295
892,CNN,mfcc,100,0.001,32,adamw,1e-5,3,16,5,1,128,0.0,,,,,,,,,,,,,,,,,,0.9069767441860465,0.9069494711480888,0.9081601729803797,0.9069767441860465,0.9970896391152503,0.9971077573129963,0.9971853746706696,0.9970896391152503,7.067364315653956e-05,7.117991924285889,383896
893,CNN,mfcc,100,0.001,32,adamw,1e-5,3,16,5,1,128,0.25,,,,,,,,,,,,,,,,,,0.8953488372093024,0.8951348229955631,0.8961969249875199,0.8953488372093024,1.0,1.0,1.0,1.0,7.032377775325332e-05,7.401594161987305,383587
894,CNN,mfcc,100,0.001,32,adamw,1e-5,3,16,5,2,32,0.0,,,,,,,,,,,,,,,,,,0.9069767441860465,0.9073569292407017,0.9085541895168787,0.9069767441860465,1.0,1.0,1.0,1.0,8.072603580563568e-05,7.578457355499268,121198
895,CNN,mfcc,100,0.001,32,adamw,1e-5,3,16,5,2,32,0.25,,,,,,,,,,,,,,,,,,0.8895348837209303,0.889512430008778,0.8910070288453513,0.8895348837209303,1.0,1.0,1.0,1.0,8.055969726207644e-05,8.066388607025146,121302
896,CNN,mfcc,100,0.001,32,adamw,1e-5,3,16,5,2,64,0.0,,,,,,,,,,,,,,,,,,0.8930232558139535,0.8927842643829821,0.8938406757294598,0.8930232558139535,1.0,1.0,1.0,1.0,8.379886316698651e-05,8.103617429733276,257725
897,CNN,mfcc,100,0.001,32,adamw,1e-5,3,16,5,2,64,0.25,,,,,,,,,,,,,,,,,,0.8988372093023256,0.8991801923693289,0.9014981797138819,0.8988372093023256,1.0,1.0,1.0,1.0,8.164367010427076e-05,8.053839921951294,257542
898,CNN,mfcc,100,0.001,32,adamw,1e-5,3,16,5,2,128,0.0,,,,,,,,,,,,,,,,,,0.9151162790697674,0.9153119517440642,0.9172714485154996,0.9151162790697674,1.0,1.0,1.0,1.0,8.178921632988509e-05,8.055671453475952,617324
899,CNN,mfcc,100,0.001,32,adamw,1e-5,3,16,5,2,128,0.25,,,,,,,,,,,,,,,,,,0.9058139534883721,0.9063924620685876,0.9076178995869093,0.9058139534883721,1.0,1.0,1.0,1.0,8.168137350747752e-05,8.083799362182617,617394
900,CNN,mfcc,100,0.001,32,adamw,1e-5,3,32,3,0,32,0.0,,,,,,,,,,,,,,,,,,0.8,0.7999295715112293,0.8015251492371285,0.8,1.0,1.0,1.0,1.0,8.41828279717024e-05,7.447152853012085,148581
901,CNN,mfcc,100,0.001,32,adamw,1e-5,3,32,3,0,32,0.25,,,,,,,,,,,,,,,,,,0.7697674418604651,0.7684269661730634,0.7710225299931954,0.7697674418604651,1.0,1.0,1.0,1.0,8.300126985062e-05,7.726588249206543,148606
902,CNN,mfcc,100,0.001,32,adamw,1e-5,3,32,3,0,64,0.0,,,,,,,,,,,,,,,,,,0.7790697674418605,0.7787213173137202,0.7807522596151965,0.7790697674418605,1.0,1.0,1.0,1.0,8.353965226994005e-05,7.766619443893433,148454
903,CNN,mfcc,100,0.001,32,adamw,1e-5,3,32,3,0,64,0.25,,,,,,,,,,,,,,,,,,0.8104651162790698,0.8101883310188558,0.8116168591944447,0.8104651162790698,1.0,1.0,1.0,1.0,8.298879445985306e-05,7.7453131675720215,148644
904,CNN,mfcc,100,0.001,32,adamw,1e-5,3,32,3,0,128,0.0,,,,,,,,,,,,,,,,,,0.8197674418604651,0.819962483993041,0.8214107724615226,0.8197674418604651,1.0,1.0,1.0,1.0,8.443871209787767e-05,7.746281385421753,148463
905,CNN,mfcc,100,0.001,32,adamw,1e-5,3,32,3,0,128,0.25,,,,,,,,,,,,,,,,,,0.7790697674418605,0.7805751473639387,0.7851675463965752,0.7790697674418605,1.0,1.0,1.0,1.0,8.305865664814794e-05,7.8249592781066895,148503
906,CNN,mfcc,100,0.001,32,adamw,1e-5,3,32,3,1,32,0.0,,,,,,,,,,,,,,,,,,0.7813953488372093,0.7824294587304416,0.7849754156713868,0.7813953488372093,1.0,1.0,1.0,1.0,9.649908819863962e-05,8.507609844207764,163978
907,CNN,mfcc,100,0.001,32,adamw,1e-5,3,32,3,1,32,0.25,,,,,,,,,,,,,,,,,,0.7802325581395348,0.7809863463524279,0.7845387694433118,0.7802325581395348,1.0,1.0,1.0,1.0,9.613647017368051e-05,8.421822309494019,163905
908,CNN,mfcc,100,0.001,32,adamw,1e-5,3,32,3,1,64,0.0,,,,,,,,,,,,,,,,,,0.7802325581395348,0.7791323561126837,0.7796181892780237,0.7802325581395348,1.0,1.0,1.0,1.0,9.632110595703125e-05,8.469990968704224,184372
909,CNN,mfcc,100,0.001,32,adamw,1e-5,3,32,3,1,64,0.25,,,,,,,,,,,,,,,,,,0.8093023255813954,0.8104807171119043,0.8130847247141924,0.8093023255813954,1.0,1.0,1.0,1.0,9.772583495738894e-05,8.207449674606323,184413
910,CNN,mfcc,100,0.001,32,adamw,1e-5,3,32,3,1,128,0.0,,,,,,,,,,,,,,,,,,0.813953488372093,0.8141275853369044,0.8162832923834146,0.813953488372093,1.0,1.0,1.0,1.0,9.920098060785338e-05,8.485029458999634,224895
911,CNN,mfcc,100,0.001,32,adamw,1e-5,3,32,3,1,128,0.25,,,,,,,,,,,,,,,,,,0.7767441860465116,0.7782680497203724,0.7816692559583596,0.7767441860465116,1.0,1.0,1.0,1.0,9.691188501757245e-05,8.34010934829712,225249
912,CNN,mfcc,100,0.001,32,adamw,1e-5,3,32,3,2,32,0.0,,,,,,,,,,,,,,,,,,0.7593023255813953,0.7599482966983713,0.7637604430335179,0.7593023255813953,1.0,1.0,1.0,1.0,0.00010680320651032204,8.757254123687744,179556
913,CNN,mfcc,100,0.001,32,adamw,1e-5,3,32,3,2,32,0.25,,,,,,,,,,,,,,,,,,0.7313953488372092,0.7317391433033832,0.7355901042944442,0.7313953488372092,1.0,1.0,1.0,1.0,0.00010774135589599609,8.426414012908936,179577
914,CNN,mfcc,100,0.001,32,adamw,1e-5,3,32,3,2,64,0.0,,,,,,,,,,,,,,,,,,0.7895348837209303,0.7918710419079557,0.7967503035968577,0.7895348837209303,1.0,1.0,1.0,1.0,0.00011152528053106264,8.778644323348999,243586
915,CNN,mfcc,100,0.001,32,adamw,1e-5,3,32,3,2,64,0.25,,,,,,,,,,,,,,,,,,0.7209302325581395,0.7228481763948342,0.7368506609915868,0.7209302325581395,0.9941792782305006,0.9941808042692278,0.9942281440254019,0.9941792782305006,0.0001072284787200218,9.069589376449585,244073
916,CNN,mfcc,100,0.001,32,adamw,1e-5,3,32,3,2,128,0.0,,,,,,,,,,,,,,,,,,0.6581395348837209,0.6567978374393179,0.687467843368161,0.6581395348837209,0.8629220023282888,0.8613814332769424,0.8795441849458207,0.8629220023282888,0.0001083063524822856,9.164745807647705,459522
917,CNN,mfcc,100,0.001,32,adamw,1e-5,3,32,3,2,128,0.25,,,,,,,,,,,,,,,,,,0.7744186046511627,0.7750258345549372,0.7788017677207987,0.7744186046511627,1.0,1.0,1.0,1.0,0.0001090138457542242,9.098000049591064,459090
918,CNN,mfcc,100,0.001,32,adamw,1e-5,3,32,5,0,32,0.0,,,,,,,,,,,,,,,,,,0.9302325581395349,0.9302964942816305,0.9311031088129679,0.9302325581395349,1.0,1.0,1.0,1.0,5.889881488888763e-05,6.213602066040039,83690
919,CNN,mfcc,100,0.001,32,adamw,1e-5,3,32,5,0,32,0.25,,,,,,,,,,,,,,,,,,0.9279069767441861,0.9279450689167235,0.9286388585872355,0.9279069767441861,1.0,1.0,1.0,1.0,6.023867185725722e-05,6.255214691162109,83668
920,CNN,mfcc,100,0.001,32,adamw,1e-5,3,32,5,0,64,0.0,,,,,,,,,,,,,,,,,,0.9302325581395349,0.930536959520375,0.9324871124261755,0.9302325581395349,1.0,1.0,1.0,1.0,5.897339000258335e-05,6.323641538619995,83688
921,CNN,mfcc,100,0.001,32,adamw,1e-5,3,32,5,0,64,0.25,,,,,,,,,,,,,,,,,,0.9255813953488372,0.9257931250338309,0.9268064177027517,0.9255813953488372,1.0,1.0,1.0,1.0,5.874412004337755e-05,6.445925235748291,83714
922,CNN,mfcc,100,0.001,32,adamw,1e-5,3,32,5,0,128,0.0,,,,,,,,,,,,,,,,,,0.936046511627907,0.9363265143178218,0.9374246550254008,0.936046511627907,1.0,1.0,1.0,1.0,5.940781083217887e-05,6.8418755531311035,83694
923,CNN,mfcc,100,0.001,32,adamw,1e-5,3,32,5,0,128,0.25,,,,,,,,,,,,,,,,,,0.9197674418604651,0.9201561084457013,0.9213484529295464,0.9197674418604651,1.0,1.0,1.0,1.0,5.8263124421585435e-05,6.750391721725464,83697
924,CNN,mfcc,100,0.001,32,adamw,1e-5,3,32,5,1,32,0.0,,,,,,,,,,,,,,,,,,0.9197674418604651,0.9202783932206418,0.9230695985658744,0.9197674418604651,1.0,1.0,1.0,1.0,6.994591202846793e-05,7.534573078155518,198569
925,CNN,mfcc,100,0.001,32,adamw,1e-5,3,32,5,1,32,0.25,,,,,,,,,,,,,,,,,,0.9348837209302325,0.9350931224472759,0.9359054355395396,0.9348837209302325,1.0,1.0,1.0,1.0,7.018738014753475e-05,7.174427509307861,198511
926,CNN,mfcc,100,0.001,32,adamw,1e-5,3,32,5,1,64,0.0,,,,,,,,,,,,,,,,,,0.9441860465116279,0.9444660791753097,0.9454295026310463,0.9441860465116279,1.0,1.0,1.0,1.0,7.233342459035474e-05,7.514302492141724,378157
927,CNN,mfcc,100,0.001,32,adamw,1e-5,3,32,5,1,64,0.25,,,,,,,,,,,,,,,,,,0.9255813953488372,0.9258907856021097,0.9271034679291174,0.9255813953488372,1.0,1.0,1.0,1.0,7.064841514409974e-05,7.384382963180542,378039
928,CNN,mfcc,100,0.001,32,adamw,1e-5,3,32,5,1,128,0.0,,,,,,,,,,,,,,,,,,0.9372093023255814,0.9375834087255045,0.9393795219837157,0.9372093023255814,1.0,1.0,1.0,1.0,7.122921389202739e-05,7.3001275062561035,736752
929,CNN,mfcc,100,0.001,32,adamw,1e-5,3,32,5,1,128,0.25,,,,,,,,,,,,,,,,,,0.9151162790697674,0.9152463686269553,0.9164587836143261,0.9151162790697674,1.0,1.0,1.0,1.0,7.079091182974882e-05,7.212720632553101,737372
930,CNN,mfcc,100,0.001,32,adamw,1e-5,3,32,5,2,32,0.0,,,,,,,,,,,,,,,,,,0.9093023255813953,0.9091433096377695,0.9105148482472549,0.9093023255813953,1.0,1.0,1.0,1.0,8.163174917531567e-05,7.715242624282837,214021
931,CNN,mfcc,100,0.001,32,adamw,1e-5,3,32,5,2,32,0.25,,,,,,,,,,,,,,,,,,0.9104651162790698,0.9107687701566279,0.9115811398930428,0.9104651162790698,1.0,1.0,1.0,1.0,8.158794669217842e-05,7.765900373458862,214151
932,CNN,mfcc,100,0.001,32,adamw,1e-5,3,32,5,2,64,0.0,,,,,,,,,,,,,,,,,,0.9127906976744186,0.913202064244651,0.9147192850655108,0.9127906976744186,1.0,1.0,1.0,1.0,8.289536764455396e-05,7.490459203720093,437409
933,CNN,mfcc,100,0.001,32,adamw,1e-5,3,32,5,2,64,0.25,,,,,,,,,,,,,,,,,,0.9186046511627907,0.9187069202493982,0.9197202397038047,0.9186046511627907,1.0,1.0,1.0,1.0,8.222613223763399e-05,7.7179436683654785,436779
934,CNN,mfcc,100,0.001,32,adamw,1e-5,3,32,5,2,128,0.0,,,,,,,,,,,,,,,,,,0.9186046511627907,0.9195824234170888,0.922361436279376,0.9186046511627907,1.0,1.0,1.0,1.0,8.594435314799464e-05,7.94640326499939,970557
935,CNN,mfcc,100,0.001,32,adamw,1e-5,3,32,5,2,128,0.25,,,,,,,,,,,,,,,,,,0.9302325581395349,0.9305630040653623,0.9331588277778928,0.9302325581395349,1.0,1.0,1.0,1.0,8.144267769747002e-05,7.926428318023682,970347
936,CNN,mfcc,100,0.001,32,adamw,1e-5,3,64,3,0,32,0.0,,,,,,,,,,,,,,,,,,0.8418604651162791,0.842416865335423,0.8464284412820494,0.8418604651162791,1.0,1.0,1.0,1.0,8.350222609763922e-05,7.609662771224976,550022
937,CNN,mfcc,100,0.001,32,adamw,1e-5,3,64,3,0,32,0.25,,,,,,,,,,,,,,,,,,0.7813953488372093,0.7753362888621764,0.797147277985427,0.7813953488372093,0.9906868451688009,0.9904941517228214,0.9910363955792314,0.9906868451688009,8.53142072988111e-05,7.750899076461792,550818
938,CNN,mfcc,100,0.001,32,adamw,1e-5,3,64,3,0,64,0.0,,,,,,,,,,,,,,,,,,0.8465116279069768,0.8470131043664841,0.8496400341611928,0.8465116279069768,1.0,1.0,1.0,1.0,8.422468983849813e-05,7.800326585769653,550218
939,CNN,mfcc,100,0.001,32,adamw,1e-5,3,64,3,0,64,0.25,,,,,,,,,,,,,,,,,,0.8418604651162791,0.842220476594201,0.8435067955614464,0.8418604651162791,1.0,1.0,1.0,1.0,8.441015731456667e-05,8.054481744766235,550130
940,CNN,mfcc,100,0.001,32,adamw,1e-5,3,64,3,0,128,0.0,,,,,,,,,,,,,,,,,,0.8406976744186047,0.8396465959937133,0.8395598332464907,0.8406976744186047,1.0,1.0,1.0,1.0,8.398488510486691e-05,8.090414762496948,550519
941,CNN,mfcc,100,0.001,32,adamw,1e-5,3,64,3,0,128,0.25,,,,,,,,,,,,,,,,,,0.8418604651162791,0.8422720310769606,0.8445109945783708,0.8418604651162791,1.0,1.0,1.0,1.0,8.40444897496423e-05,7.6476218700408936,550301
942,CNN,mfcc,100,0.001,32,adamw,1e-5,3,64,3,1,32,0.0,,,,,,,,,,,,,,,,,,0.8186046511627907,0.8197543626544609,0.8235231567782386,0.8186046511627907,1.0,1.0,1.0,1.0,9.505970533504043e-05,8.30149793624878,574969
943,CNN,mfcc,100,0.001,32,adamw,1e-5,3,64,3,1,32,0.25,,,,,,,,,,,,,,,,,,0.8325581395348837,0.832486506028322,0.8336348527098557,0.8325581395348837,1.0,1.0,1.0,1.0,9.55473544985749e-05,8.64185643196106,574288
944,CNN,mfcc,100,0.001,32,adamw,1e-5,3,64,3,1,64,0.0,,,,,,,,,,,,,,,,,,0.8220930232558139,0.8211979712010778,0.8214291059971617,0.8220930232558139,1.0,1.0,1.0,1.0,9.795371876206509e-05,8.706438541412354,609767
945,CNN,mfcc,100,0.001,32,adamw,1e-5,3,64,3,1,64,0.25,,,,,,,,,,,,,,,,,,0.8418604651162791,0.8431131679480016,0.8454584941737995,0.8418604651162791,1.0,1.0,1.0,1.0,9.613868802092796e-05,8.009655237197876,609348
946,CNN,mfcc,100,0.001,32,adamw,1e-5,3,64,3,1,128,0.0,,,,,,,,,,,,,,,,,,0.8162790697674419,0.8160133424772276,0.8178291348426189,0.8162790697674419,1.0,1.0,1.0,1.0,9.82245733571607e-05,8.225626945495605,679336
947,CNN,mfcc,100,0.001,32,adamw,1e-5,3,64,3,1,128,0.25,,,,,,,,,,,,,,,,,,0.8290697674418605,0.8292427905372324,0.8337194688806497,0.8290697674418605,1.0,1.0,1.0,1.0,9.874659915303074e-05,8.250070810317993,679327
948,CNN,mfcc,100,0.001,32,adamw,1e-5,3,64,3,2,32,0.0,,,,,,,,,,,,,,,,,,0.7581395348837209,0.7589358776597523,0.7618818507109033,0.7581395348837209,1.0,1.0,1.0,1.0,0.00010778737622638081,9.029464960098267,590408
949,CNN,mfcc,100,0.001,32,adamw,1e-5,3,64,3,2,32,0.25,,,,,,,,,,,,,,,,,,0.8162790697674419,0.817360695319872,0.8216028967922809,0.8162790697674419,1.0,1.0,1.0,1.0,0.00010783173317132994,8.957971572875977,589981
950,CNN,mfcc,100,0.001,32,adamw,1e-5,3,64,3,2,64,0.0,,,,,,,,,,,,,,,,,,0.8325581395348837,0.832314436668046,0.8341511246547376,0.8325581395348837,1.0,1.0,1.0,1.0,0.00011074265768361646,9.032766103744507,668858
951,CNN,mfcc,100,0.001,32,adamw,1e-5,3,64,3,2,64,0.25,,,,,,,,,,,,,,,,,,0.8069767441860465,0.8083010120026263,0.8123044949686631,0.8069767441860465,1.0,1.0,1.0,1.0,0.00012248477270436841,8.702301263809204,668955
952,CNN,mfcc,100,0.001,32,adamw,1e-5,3,64,3,2,128,0.0,,,,,,,,,,,,,,,,,,0.8383720930232558,0.8391353515466866,0.8416687702726459,0.8383720930232558,1.0,1.0,1.0,1.0,0.00011085937189501385,9.027056694030762,912780
953,CNN,mfcc,100,0.001,32,adamw,1e-5,3,64,3,2,128,0.25,,,,,,,,,,,,,,,,,,0.7813953488372093,0.7814732118942147,0.7835033977880994,0.7813953488372093,1.0,1.0,1.0,1.0,0.00010841502699741098,8.803426265716553,913425
954,CNN,mfcc,100,0.001,32,adamw,1e-5,3,64,5,0,32,0.0,,,,,,,,,,,,,,,,,,0.9383720930232559,0.9387807793037865,0.9403969458535144,0.9383720930232559,1.0,1.0,1.0,1.0,5.5716481319693635e-05,6.834763050079346,160547
955,CNN,mfcc,100,0.001,32,adamw,1e-5,3,64,5,0,32,0.25,,,,,,,,,,,,,,,,,,0.9488372093023256,0.9488945365118387,0.9493710821369937,0.9488372093023256,1.0,1.0,1.0,1.0,5.5661312369413154e-05,6.571835517883301,160644
956,CNN,mfcc,100,0.001,32,adamw,1e-5,3,64,5,0,64,0.0,,,,,,,,,,,,,,,,,,0.9406976744186046,0.940943424910997,0.9418812941837643,0.9406976744186046,1.0,1.0,1.0,1.0,5.586369093074355e-05,6.913204908370972,160625
957,CNN,mfcc,100,0.001,32,adamw,1e-5,3,64,5,0,64,0.25,,,,,,,,,,,,,,,,,,0.9511627906976744,0.9514412880861586,0.9524134188054871,0.9511627906976744,1.0,1.0,1.0,1.0,5.583790845649187e-05,6.305338382720947,160575
958,CNN,mfcc,100,0.001,32,adamw,1e-5,3,64,5,0,128,0.0,,,,,,,,,,,,,,,,,,0.9511627906976744,0.95133163453822,0.9523201728960822,0.9511627906976744,1.0,1.0,1.0,1.0,5.63632610232331e-05,6.805419921875,160599
959,CNN,mfcc,100,0.001,32,adamw,1e-5,3,64,5,0,128,0.25,,,,,,,,,,,,,,,,,,0.9476744186046512,0.9479001705563229,0.9484499585781343,0.9476744186046512,1.0,1.0,1.0,1.0,5.5812957674957985e-05,6.857385158538818,160502
960,CNN,mfcc,100,0.001,32,adamw,1e-5,3,64,5,1,32,0.0,,,,,,,,,,,,,,,,,,0.9302325581395349,0.9302708910809231,0.9312497921873709,0.9302325581395349,1.0,1.0,1.0,1.0,6.717637527820675e-05,7.410487174987793,383896
961,CNN,mfcc,100,0.001,32,adamw,1e-5,3,64,5,1,32,0.25,,,,,,,,,,,,,,,,,,0.9348837209302325,0.935084075406771,0.9357695776973286,0.9348837209302325,1.0,1.0,1.0,1.0,6.740536800650663e-05,7.560511827468872,384428
962,CNN,mfcc,100,0.001,32,adamw,1e-5,3,64,5,1,64,0.0,,,,,,,,,,,,,,,,,,0.9395348837209302,0.940243185791561,0.9421289427173668,0.9395348837209302,1.0,1.0,1.0,1.0,7.018155829851018e-05,7.828159809112549,737377
963,CNN,mfcc,100,0.001,32,adamw,1e-5,3,64,5,1,64,0.25,,,,,,,,,,,,,,,,,,0.9383720930232559,0.9390048490402169,0.941692661025183,0.9383720930232559,1.0,1.0,1.0,1.0,6.813143574914266e-05,7.8802924156188965,737777
964,CNN,mfcc,100,0.001,32,adamw,1e-5,3,64,5,1,128,0.0,,,,,,,,,,,,,,,,,,0.9325581395348838,0.9326506632071538,0.9332247683874968,0.9325581395348838,1.0,1.0,1.0,1.0,6.986246552578238e-05,7.988663911819458,1443485
965,CNN,mfcc,100,0.001,32,adamw,1e-5,3,64,5,1,128,0.25,,,,,,,,,,,,,,,,,,0.9337209302325581,0.9339459576461954,0.9347121100249833,0.9337209302325581,1.0,1.0,1.0,1.0,6.910534792168195e-05,8.035317420959473,1444967
966,CNN,mfcc,100,0.001,32,adamw,1e-5,3,64,5,2,32,0.0,,,,,,,,,,,,,,,,,,0.9313953488372093,0.9316092407102118,0.9326121536819212,0.9313953488372093,1.0,1.0,1.0,1.0,8.016907891561819e-05,7.56507420539856,399297
967,CNN,mfcc,100,0.001,32,adamw,1e-5,3,64,5,2,32,0.25,,,,,,,,,,,,,,,,,,0.9395348837209302,0.9395763693580543,0.9406187894248687,0.9395348837209302,1.0,1.0,1.0,1.0,8.197468380595363e-05,7.465789794921875,399118
968,CNN,mfcc,100,0.001,32,adamw,1e-5,3,64,5,2,64,0.0,,,,,,,,,,,,,,,,,,0.936046511627907,0.936459209689429,0.938489912644072,0.936046511627907,1.0,1.0,1.0,1.0,7.83726226451785e-05,7.699051141738892,797222
969,CNN,mfcc,100,0.001,32,adamw,1e-5,3,64,5,2,64,0.25,,,,,,,,,,,,,,,,,,0.936046511627907,0.9366207346385629,0.9386120814822593,0.936046511627907,1.0,1.0,1.0,1.0,7.766374321871025e-05,7.700241327285767,796555
970,CNN,mfcc,100,0.001,32,adamw,1e-5,3,64,5,2,128,0.0,,,,,,,,,,,,,,,,,,0.9337209302325581,0.9336539383665371,0.9341504315586737,0.9337209302325581,1.0,1.0,1.0,1.0,7.666488026463708e-05,7.842541217803955,1677379
971,CNN,mfcc,100,0.001,32,adamw,1e-5,3,64,5,2,128,0.25,,,,,,,,,,,,,,,,,,0.936046511627907,0.9362931726873548,0.9375168606294321,0.936046511627907,1.0,1.0,1.0,1.0,7.756865301797556e-05,8.035447835922241,1678459
972,CNN,mfe,100,0.001,32,adam,1e-5,1,16,3,0,32,0.0,,,,,,,,,,,,,,,,,,0.9674418604651163,0.9675730050232123,0.9679590535415766,0.9674418604651163,1.0,1.0,1.0,1.0,5.366996277210324e-05,6.422432899475098,63326
973,CNN,mfe,100,0.001,32,adam,1e-5,1,16,3,0,32,0.25,,,,,,,,,,,,,,,,,,0.9616279069767442,0.9616469247629577,0.962072462712031,0.9616279069767442,1.0,1.0,1.0,1.0,5.3836301315662475e-05,6.412418603897095,63341
974,CNN,mfe,100,0.001,32,adam,1e-5,1,16,3,0,64,0.0,,,,,,,,,,,,,,,,,,0.9697674418604652,0.9697641952811918,0.9699157414354058,0.9697674418604652,1.0,1.0,1.0,1.0,5.412573038145553e-05,6.171429634094238,63372
975,CNN,mfe,100,0.001,32,adam,1e-5,1,16,3,0,64,0.25,,,,,,,,,,,,,,,,,,0.963953488372093,0.9640536314140805,0.9648841084908211,0.963953488372093,1.0,1.0,1.0,1.0,5.37145969479583e-05,5.917727470397949,63366
976,CNN,mfe,100,0.001,32,adam,1e-5,1,16,3,0,128,0.0,,,,,,,,,,,,,,,,,,0.9593023255813954,0.9592247963627825,0.9594554409119334,0.9593023255813954,0.9997089639115251,0.999708950652518,0.9997099504745367,0.9997089639115251,5.371154740799305e-05,6.387752056121826,63354
977,CNN,mfe,100,0.001,32,adam,1e-5,1,16,3,0,128,0.25,,,,,,,,,,,,,,,,,,0.95,0.9500744655792795,0.9504527116855499,0.95,1.0,1.0,1.0,1.0,5.6194427401520484e-05,6.162175416946411,63343
978,CNN,mfe,100,0.001,32,adam,1e-5,1,16,3,1,32,0.0,,,,,,,,,,,,,,,,,,0.9406976744186046,0.9407793226484438,0.9418720030606622,0.9406976744186046,1.0,1.0,1.0,1.0,6.592994512513626e-05,7.054033279418945,160356
979,CNN,mfe,100,0.001,32,adam,1e-5,1,16,3,1,32,0.25,,,,,,,,,,,,,,,,,,0.9604651162790697,0.9606959252823887,0.9615986751444765,0.9604651162790697,1.0,1.0,1.0,1.0,6.577247797056686e-05,7.010718107223511,160041
980,CNN,mfe,100,0.001,32,adam,1e-5,1,16,3,1,64,0.0,,,,,,,,,,,,,,,,,,0.9662790697674418,0.9663583996086776,0.966721815899908,0.9662790697674418,1.0,1.0,1.0,1.0,6.62623449813488e-05,7.060500860214233,310437
981,CNN,mfe,100,0.001,32,adam,1e-5,1,16,3,1,64,0.25,,,,,,,,,,,,,,,,,,0.9604651162790697,0.9605794587172841,0.9612241524699916,0.9604651162790697,1.0,1.0,1.0,1.0,6.654068481090457e-05,7.009964942932129,310554
982,CNN,mfe,100,0.001,32,adam,1e-5,1,16,3,1,128,0.0,,,,,,,,,,,,,,,,,,0.9686046511627907,0.9687406888423739,0.9693041686130649,0.9686046511627907,1.0,1.0,1.0,1.0,6.557009940923647e-05,7.274365663528442,611557
983,CNN,mfe,100,0.001,32,adam,1e-5,1,16,3,1,128,0.25,,,,,,,,,,,,,,,,,,0.9709302325581395,0.9710096841588708,0.9712152699196561,0.9709302325581395,1.0,1.0,1.0,1.0,6.783008575439453e-05,7.2459025382995605,612274
984,CNN,mfe,100,0.001,32,adam,1e-5,1,16,3,2,32,0.0,,,,,,,,,,,,,,,,,,0.9441860465116279,0.944222325543885,0.9448936334153581,0.9441860465116279,1.0,1.0,1.0,1.0,7.584566293760788e-05,7.395406723022461,175636
985,CNN,mfe,100,0.001,32,adam,1e-5,1,16,3,2,32,0.25,,,,,,,,,,,,,,,,,,0.9430232558139535,0.943108158792317,0.9435984385218186,0.9430232558139535,0.9991268917345751,0.9991259805090059,0.9991321841691314,0.9991268917345751,7.645002631253974e-05,7.3399741649627686,175825
986,CNN,mfe,100,0.001,32,adam,1e-5,1,16,3,2,64,0.0,,,,,,,,,,,,,,,,,,0.958139534883721,0.9581894507304348,0.9589281832074403,0.958139534883721,1.0,1.0,1.0,1.0,7.74305920268214e-05,7.281511306762695,370208
987,CNN,mfe,100,0.001,32,adam,1e-5,1,16,3,2,64,0.25,,,,,,,,,,,,,,,,,,0.9558139534883721,0.9558210428635623,0.9559765497318835,0.9558139534883721,1.0,1.0,1.0,1.0,7.656812667846679e-05,7.42874550819397,369890
988,CNN,mfe,100,0.001,32,adam,1e-5,1,16,3,2,128,0.0,,,,,,,,,,,,,,,,,,0.9651162790697675,0.9652177848333456,0.9656441797832092,0.9651162790697675,1.0,1.0,1.0,1.0,7.9606854638388e-05,7.680621862411499,846420
989,CNN,mfe,100,0.001,32,adam,1e-5,1,16,3,2,128,0.25,,,,,,,,,,,,,,,,,,0.95,0.9499182617144606,0.9503850724926115,0.95,1.0,1.0,1.0,1.0,7.778849712637967e-05,7.719243764877319,845433
990,CNN,mfe,100,0.001,32,adam,1e-5,1,16,5,0,32,0.0,,,,,,,,,,,,,,,,,,0.9465116279069767,0.9467266865703062,0.9479402692253742,0.9465116279069767,1.0,1.0,1.0,1.0,5.795207134512968e-05,6.6403398513793945,45280
991,CNN,mfe,100,0.001,32,adam,1e-5,1,16,5,0,32,0.25,,,,,,,,,,,,,,,,,,0.9546511627906977,0.9546975330210901,0.9559764680524998,0.9546511627906977,0.9994179278230501,0.999417931224753,0.9994219010119713,0.9994179278230501,5.832910537719727e-05,6.210418701171875,45282
992,CNN,mfe,100,0.001,32,adam,1e-5,1,16,5,0,64,0.0,,,,,,,,,,,,,,,,,,0.9569767441860465,0.9570158205571236,0.9574742202821225,0.9569767441860465,1.0,1.0,1.0,1.0,5.688500958819722e-05,6.1648945808410645,45279
993,CNN,mfe,100,0.001,32,adam,1e-5,1,16,5,0,64,0.25,,,,,,,,,,,,,,,,,,0.9604651162790697,0.9604334889806176,0.9609378025722958,0.9604651162790697,1.0,1.0,1.0,1.0,5.641149920086528e-05,5.923267602920532,45275
994,CNN,mfe,100,0.001,32,adam,1e-5,1,16,5,0,128,0.0,,,,,,,,,,,,,,,,,,0.9569767441860465,0.9569418793523385,0.9574626339214375,0.9569767441860465,1.0,1.0,1.0,1.0,5.6552332501078764e-05,5.9023683071136475,45284
995,CNN,mfe,100,0.001,32,adam,1e-5,1,16,5,0,128,0.25,,,,,,,,,,,,,,,,,,0.9546511627906977,0.9548093580079565,0.9554454429582705,0.9546511627906977,1.0,1.0,1.0,1.0,5.6826236636139626e-05,5.8645219802856445,45290
996,CNN,mfe,100,0.001,32,adam,1e-5,1,16,5,1,32,0.0,,,,,,,,,,,,,,,,,,0.9372093023255814,0.9374054621018173,0.9379656850984952,0.9372093023255814,0.9997089639115251,0.9997089656123913,0.9997099606104581,0.9997089639115251,7.134703702704851e-05,6.675607442855835,105924
997,CNN,mfe,100,0.001,32,adam,1e-5,1,16,5,1,32,0.25,,,,,,,,,,,,,,,,,,0.9395348837209302,0.9395719363731332,0.940908885502748,0.9395348837209302,1.0,1.0,1.0,1.0,6.821460502092229e-05,6.827838182449341,105868
998,CNN,mfe,100,0.001,32,adam,1e-5,1,16,5,1,64,0.0,,,,,,,,,,,,,,,,,,0.9593023255813954,0.9594037099611687,0.9598803253279589,0.9593023255813954,1.0,1.0,1.0,1.0,6.828502167102903e-05,6.949416637420654,198661
999,CNN,mfe,100,0.001,32,adam,1e-5,1,16,5,1,64,0.25,,,,,,,,,,,,,,,,,,0.9476744186046512,0.9483241951199429,0.9498181951947461,0.9476744186046512,0.9997089639115251,0.9997089515805696,0.9997099504745367,0.9997089639115251,6.793293842049532e-05,6.85392165184021,198548
1000,CNN,mfe,100,0.001,32,adam,1e-5,1,16,5,1,128,0.0,,,,,,,,,,,,,,,,,,0.9488372093023256,0.948811008365983,0.9500641408815528,0.9488372093023256,1.0,1.0,1.0,1.0,6.889215735502021e-05,6.7636024951934814,383694
1001,CNN,mfe,100,0.001,32,adam,1e-5,1,16,5,1,128,0.25,,,,,,,,,,,,,,,,,,0.9511627906976744,0.9512642199558652,0.9517699020665198,0.9511627906976744,1.0,1.0,1.0,1.0,6.922123044036156e-05,6.816449165344238,383916
1002,CNN,mfe,100,0.001,32,adam,1e-5,1,16,5,2,32,0.0,,,,,,,,,,,,,,,,,,0.958139534883721,0.9582206882170827,0.9589230064033839,0.958139534883721,1.0,1.0,1.0,1.0,7.790770641593046e-05,7.3528831005096436,121391
1003,CNN,mfe,100,0.001,32,adam,1e-5,1,16,5,2,32,0.25,,,,,,,,,,,,,,,,,,0.9546511627906977,0.9548076304913387,0.9552752969485744,0.9546511627906977,1.0,1.0,1.0,1.0,7.869421049605969e-05,7.5119099617004395,121235
1004,CNN,mfe,100,0.001,32,adam,1e-5,1,16,5,2,64,0.0,,,,,,,,,,,,,,,,,,0.9418604651162791,0.942001083697589,0.9428230440501831,0.9418604651162791,1.0,1.0,1.0,1.0,7.972356884978539e-05,7.342348098754883,257904
1005,CNN,mfe,100,0.001,32,adam,1e-5,1,16,5,2,64,0.25,,,,,,,,,,,,,,,,,,0.9406976744186046,0.9410707615866652,0.9418908473691157,0.9406976744186046,1.0,1.0,1.0,1.0,7.890850998634516e-05,7.347961664199829,257746
1006,CNN,mfe,100,0.001,32,adam,1e-5,1,16,5,2,128,0.0,,,,,,,,,,,,,,,,,,0.9488372093023256,0.9489383774858292,0.9495114377934234,0.9488372093023256,1.0,1.0,1.0,1.0,7.979481719260992e-05,7.27585244178772,618276
1007,CNN,mfe,100,0.001,32,adam,1e-5,1,16,5,2,128,0.25,,,,,,,,,,,,,,,,,,0.9465116279069767,0.9467353489023863,0.9474360990386057,0.9465116279069767,1.0,1.0,1.0,1.0,7.905655129011287e-05,7.645956516265869,617959
1008,CNN,mfe,100,0.001,32,adam,1e-5,1,32,3,0,32,0.0,,,,,,,,,,,,,,,,,,0.9674418604651163,0.9675579063625396,0.9679740691961034,0.9674418604651163,1.0,1.0,1.0,1.0,5.389840103859125e-05,5.971038103103638,119903
1009,CNN,mfe,100,0.001,32,adam,1e-5,1,32,3,0,32,0.25,,,,,,,,,,,,,,,,,,0.9697674418604652,0.9696998099421088,0.9701504182576665,0.9697674418604652,1.0,1.0,1.0,1.0,5.5507726447526796e-05,6.602999687194824,119879
1010,CNN,mfe,100,0.001,32,adam,1e-5,1,32,3,0,64,0.0,,,,,,,,,,,,,,,,,,0.9697674418604652,0.9698590505571169,0.9706516854656201,0.9697674418604652,1.0,1.0,1.0,1.0,5.447365516840026e-05,6.104557275772095,119950
1011,CNN,mfe,100,0.001,32,adam,1e-5,1,32,3,0,64,0.25,,,,,,,,,,,,,,,,,,0.9697674418604652,0.9698438853899899,0.9701125859398609,0.9697674418604652,1.0,1.0,1.0,1.0,5.409384882727335e-05,6.245377063751221,119873
1012,CNN,mfe,100,0.001,32,adam,1e-5,1,32,3,0,128,0.0,,,,,,,,,,,,,,,,,,0.9674418604651163,0.9674739103186483,0.9677045204901737,0.9674418604651163,1.0,1.0,1.0,1.0,5.455626997836801e-05,6.287781476974487,119869
1013,CNN,mfe,100,0.001,32,adam,1e-5,1,32,3,0,128,0.25,,,,,,,,,,,,,,,,,,0.9674418604651163,0.9674491493754789,0.9677028201127764,0.9674418604651163,1.0,1.0,1.0,1.0,5.383962808653366e-05,6.271853685379028,119913
1014,CNN,mfe,100,0.001,32,adam,1e-5,1,32,3,1,32,0.0,,,,,,,,,,,,,,,,,,0.9604651162790697,0.9604485806168905,0.9607674723713314,0.9604651162790697,1.0,1.0,1.0,1.0,6.639652473981991e-05,7.020746231079102,307133
1015,CNN,mfe,100,0.001,32,adam,1e-5,1,32,3,1,32,0.25,,,,,,,,,,,,,,,,,,0.9627906976744186,0.9629456769921648,0.9638136153616629,0.9627906976744186,0.9970896391152503,0.9970901158098697,0.9971047742256294,0.9970896391152503,6.539627563121706e-05,6.889678239822388,307290
1016,CNN,mfe,100,0.001,32,adam,1e-5,1,32,3,1,64,0.0,,,,,,,,,,,,,,,,,,0.9627906976744186,0.9629250732221986,0.9635332347216752,0.9627906976744186,1.0,1.0,1.0,1.0,6.666128025498501e-05,7.181938648223877,602737
1017,CNN,mfe,100,0.001,32,adam,1e-5,1,32,3,1,64,0.25,,,,,,,,,,,,,,,,,,0.9709302325581395,0.9710387661748427,0.9716476643187555,0.9709302325581395,1.0,1.0,1.0,1.0,6.728255471517874e-05,7.02819037437439,602427
1018,CNN,mfe,100,0.001,32,adam,1e-5,1,32,3,1,128,0.0,,,,,,,,,,,,,,,,,,0.9697674418604652,0.9700340647327916,0.9711690109529594,0.9697674418604652,0.9997089639115251,0.9997089656123913,0.9997099606104581,0.9997089639115251,6.592384604520576e-05,7.213130474090576,1194488
1019,CNN,mfe,100,0.001,32,adam,1e-5,1,32,3,1,128,0.25,,,,,,,,,,,,,,,,,,0.9674418604651163,0.967499569508618,0.9677669208483163,0.9674418604651163,1.0,1.0,1.0,1.0,6.65246054183605e-05,7.099458932876587,1192935
1020,CNN,mfe,100,0.001,32,adam,1e-5,1,32,3,2,32,0.0,,,,,,,,,,,,,,,,,,0.963953488372093,0.9640470415952553,0.9642838012659519,0.963953488372093,0.9991268917345751,0.9991273717353482,0.9991298615595318,0.9991268917345751,7.540237071902253e-05,7.196264743804932,322634
1021,CNN,mfe,100,0.001,32,adam,1e-5,1,32,3,2,32,0.25,,,,,,,,,,,,,,,,,,0.9569767441860465,0.9570834512328569,0.9574363135540847,0.9569767441860465,1.0,1.0,1.0,1.0,7.664907810299895e-05,7.358657121658325,323049
1022,CNN,mfe,100,0.001,32,adam,1e-5,1,32,3,2,64,0.0,,,,,,,,,,,,,,,,,,0.9662790697674418,0.9663648070027091,0.9668678196605045,0.9662790697674418,0.9997089639115251,0.9997089744792523,0.9997099959543919,0.9997089639115251,7.758306902508403e-05,7.719717979431152,662457
1023,CNN,mfe,100,0.001,32,adam,1e-5,1,32,3,2,64,0.25,,,,,,,,,,,,,,,,,,0.9651162790697675,0.9652258322262982,0.9656092130509593,0.9651162790697675,1.0,1.0,1.0,1.0,7.772057555442632e-05,7.658358573913574,662000
1024,CNN,mfe,100,0.001,32,adam,1e-5,1,32,3,2,128,0.0,,,,,,,,,,,,,,,,,,0.963953488372093,0.9639239238784805,0.9644552006801487,0.963953488372093,1.0,1.0,1.0,1.0,7.648828417755836e-05,7.851402521133423,1427889
1025,CNN,mfe,100,0.001,32,adam,1e-5,1,32,3,2,128,0.25,,,,,,,,,,,,,,,,,,0.9604651162790697,0.9604264026582248,0.9609355422051368,0.9604651162790697,1.0,1.0,1.0,1.0,7.647608601769735e-05,8.01217532157898,1429097
1026,CNN,mfe,100,0.001,32,adam,1e-5,1,32,5,0,32,0.0,,,,,,,,,,,,,,,,,,0.9569767441860465,0.9575272531397923,0.9603659552902426,0.9569767441860465,0.9985448195576252,0.9985481727349548,0.998569153678735,0.9985448195576252,5.708600199499795e-05,6.064858675003052,83672
1027,CNN,mfe,100,0.001,32,adam,1e-5,1,32,5,0,32,0.25,,,,,,,,,,,,,,,,,,0.9674418604651163,0.9675570193357802,0.9682609566969473,0.9674418604651163,1.0,1.0,1.0,1.0,5.704247674276662e-05,6.633310556411743,83740
1028,CNN,mfe,100,0.001,32,adam,1e-5,1,32,5,0,64,0.0,,,,,,,,,,,,,,,,,,0.9662790697674418,0.9663321985566891,0.9669453339330845,0.9662790697674418,1.0,1.0,1.0,1.0,5.6823741557986235e-05,6.163865327835083,83705
1029,CNN,mfe,100,0.001,32,adam,1e-5,1,32,5,0,64,0.25,,,,,,,,,,,,,,,,,,0.9313953488372093,0.9311323052780133,0.9342308868368845,0.9313953488372093,0.9851571594877765,0.9851501710770939,0.9856411015285904,0.9851571594877765,5.801223045171693e-05,6.0626983642578125,83785
1030,CNN,mfe,100,0.001,32,adam,1e-5,1,32,5,0,128,0.0,,,,,,,,,,,,,,,,,,0.9593023255813954,0.9594780817220953,0.9604829593350073,0.9593023255813954,1.0,1.0,1.0,1.0,5.6600016216899074e-05,6.6451096534729,83769
1031,CNN,mfe,100,0.001,32,adam,1e-5,1,32,5,0,128,0.25,,,,,,,,,,,,,,,,,,0.9662790697674418,0.9664364447610567,0.9669842771963657,0.9662790697674418,1.0,1.0,1.0,1.0,5.676469137502271e-05,6.557071924209595,83733
1032,CNN,mfe,100,0.001,32,adam,1e-5,1,32,5,1,32,0.0,,,,,,,,,,,,,,,,,,0.9569767441860465,0.9571825411148625,0.9579716578924362,0.9569767441860465,1.0,1.0,1.0,1.0,6.891572198202443e-05,6.821369647979736,198496
1033,CNN,mfe,100,0.001,32,adam,1e-5,1,32,5,1,32,0.25,,,,,,,,,,,,,,,,,,0.958139534883721,0.958220462148378,0.958818817199267,0.958139534883721,0.9997089639115251,0.9997089568680786,0.9997099606104581,0.9997089639115251,6.802581077398255e-05,6.7985734939575195,198677
1034,CNN,mfe,100,0.001,32,adam,1e-5,1,32,5,1,64,0.0,,,,,,,,,,,,,,,,,,0.9488372093023256,0.9492283269951294,0.9515227650684502,0.9488372093023256,0.9941792782305006,0.9942008078666993,0.9943100706775894,0.9941792782305006,6.832327953604765e-05,7.120500802993774,378268
1035,CNN,mfe,100,0.001,32,adam,1e-5,1,32,5,1,64,0.25,,,,,,,,,,,,,,,,,,0.9569767441860465,0.9571780224820199,0.9576582692971835,0.9569767441860465,1.0,1.0,1.0,1.0,6.842945897301962e-05,6.982036113739014,377951
1036,CNN,mfe,100,0.001,32,adam,1e-5,1,32,5,1,128,0.0,,,,,,,,,,,,,,,,,,0.9593023255813954,0.9592504055746054,0.9596246176648243,0.9593023255813954,1.0,1.0,1.0,1.0,6.908982299094976e-05,7.514350414276123,736905
1037,CNN,mfe,100,0.001,32,adam,1e-5,1,32,5,1,128,0.25,,,,,,,,,,,,,,,,,,0.9616279069767442,0.961737803684593,0.9621189714899309,0.9616279069767442,1.0,1.0,1.0,1.0,7.026805434116098e-05,6.99428653717041,736754
1038,CNN,mfe,100,0.001,32,adam,1e-5,1,32,5,2,32,0.0,,,,,,,,,,,,,,,,,,0.9616279069767442,0.9616950886979897,0.9620960655797274,0.9616279069767442,0.9994179278230501,0.9994179259735402,0.999418959865917,0.9994179278230501,7.862018984417582e-05,7.694560766220093,213953
1039,CNN,mfe,100,0.001,32,adam,1e-5,1,32,5,2,32,0.25,,,,,,,,,,,,,,,,,,0.9476744186046512,0.9478149971032386,0.9497480113169047,0.9476744186046512,0.9979627473806753,0.9979600752481518,0.997992209782235,0.9979627473806753,7.851428763810978e-05,7.319347858428955,214009
1040,CNN,mfe,100,0.001,32,adam,1e-5,1,32,5,2,64,0.0,,,,,,,,,,,,,,,,,,0.963953488372093,0.9640964432298049,0.9650457117941719,0.963953488372093,1.0,1.0,1.0,1.0,8.032793222471725e-05,7.27995228767395,437605
1041,CNN,mfe,100,0.001,32,adam,1e-5,1,32,5,2,64,0.25,,,,,,,,,,,,,,,,,,0.958139534883721,0.9581069411603901,0.9587694732242756,0.958139534883721,1.0,1.0,1.0,1.0,8.068860963333485e-05,7.490898370742798,437620
1042,CNN,mfe,100,0.001,32,adam,1e-5,1,32,5,2,128,0.0,,,,,,,,,,,,,,,,,,0.958139534883721,0.9581624368646355,0.9591460497523491,0.958139534883721,1.0,1.0,1.0,1.0,7.902411527411882e-05,7.883316278457642,970884
1043,CNN,mfe,100,0.001,32,adam,1e-5,1,32,5,2,128,0.25,,,,,,,,,,,,,,,,,,0.9627906976744186,0.9629938447899605,0.9638436513108521,0.9627906976744186,1.0,1.0,1.0,1.0,7.899334264356037e-05,7.73689079284668,971711
1044,CNN,mfe,100,0.001,32,adam,1e-5,1,64,3,0,32,0.0,,,,,,,,,,,,,,,,,,0.9662790697674418,0.9664051871080781,0.9667153939623411,0.9662790697674418,1.0,1.0,1.0,1.0,5.5417071941287015e-05,6.254989385604858,233020
1045,CNN,mfe,100,0.001,32,adam,1e-5,1,64,3,0,32,0.25,,,,,,,,,,,,,,,,,,0.9802325581395349,0.9803740567473384,0.9808356180618362,0.9802325581395349,1.0,1.0,1.0,1.0,5.56513320567996e-05,6.602533578872681,232988
1046,CNN,mfe,100,0.001,32,adam,1e-5,1,64,3,0,64,0.0,,,,,,,,,,,,,,,,,,0.977906976744186,0.9780033254415994,0.9783436448316258,0.977906976744186,1.0,1.0,1.0,1.0,5.5996484534685e-05,6.1064441204071045,232979
1047,CNN,mfe,100,0.001,32,adam,1e-5,1,64,3,0,64,0.25,,,,,,,,,,,,,,,,,,0.9406976744186046,0.941738432513024,0.9478465201910845,0.9406976744186046,0.9810826542491269,0.9811802773966083,0.9822233844215582,0.9810826542491269,5.5320595586022665e-05,5.9892659187316895,232844
1048,CNN,mfe,100,0.001,32,adam,1e-5,1,64,3,0,128,0.0,,,,,,,,,,,,,,,,,,0.9720930232558139,0.9721820346419455,0.972764759168509,0.9720930232558139,1.0,1.0,1.0,1.0,5.4952710173850836e-05,6.453169822692871,232769
1049,CNN,mfe,100,0.001,32,adam,1e-5,1,64,3,0,128,0.25,,,,,,,,,,,,,,,,,,0.9720930232558139,0.9721685798889432,0.9725331728663289,0.9720930232558139,1.0,1.0,1.0,1.0,5.6323062541872955e-05,5.997955799102783,233043
1050,CNN,mfe,100,0.001,32,adam,1e-5,1,64,3,1,32,0.0,,,,,,,,,,,,,,,,,,0.9732558139534884,0.9733796017105533,0.973889510009902,0.9732558139534884,0.9962165308498254,0.9962393921755159,0.9963258131497078,0.9962165308498254,6.542178087456282e-05,6.947368621826172,601932
1051,CNN,mfe,100,0.001,32,adam,1e-5,1,64,3,1,32,0.25,,,,,,,,,,,,,,,,,,0.9662790697674418,0.9661350174571411,0.9663886474995561,0.9662790697674418,0.9970896391152503,0.9970884298321762,0.9971089781333748,0.9970896391152503,6.625874097957167e-05,6.991698980331421,601448
1052,CNN,mfe,100,0.001,32,adam,1e-5,1,64,3,1,64,0.0,,,,,,,,,,,,,,,,,,0.9686046511627907,0.9686969475870517,0.9693031312081437,0.9686046511627907,0.9962165308498254,0.9962190399505267,0.9962582858078323,0.9962165308498254,6.735297136528548e-05,7.173924207687378,1187384
1053,CNN,mfe,100,0.001,32,adam,1e-5,1,64,3,1,64,0.25,,,,,,,,,,,,,,,,,,0.9720930232558139,0.9721142424113813,0.9723915739325463,0.9720930232558139,1.0,1.0,1.0,1.0,6.970915683480196e-05,7.652242660522461,1186357
1054,CNN,mfe,100,0.001,32,adam,1e-5,1,64,3,1,128,0.0,,,,,,,,,,,,,,,,,,0.9802325581395349,0.9802232478482842,0.9803762606110349,0.9802325581395349,1.0,1.0,1.0,1.0,6.570455639861351e-05,7.200443267822266,2361011
1055,CNN,mfe,100,0.001,32,adam,1e-5,1,64,3,1,128,0.25,,,,,,,,,,,,,,,,,,0.9732558139534884,0.9733990506341692,0.9737614826764236,0.9732558139534884,1.0,1.0,1.0,1.0,6.570926932401435e-05,7.60864520072937,2357983
1056,CNN,mfe,100,0.001,32,adam,1e-5,1,64,3,2,32,0.0,,,,,,,,,,,,,,,,,,0.9325581395348838,0.9334374789064559,0.937676840894724,0.9325581395348838,0.9842840512223515,0.9843080320373666,0.9849407882722386,0.9842840512223515,7.51356745875159e-05,7.752150774002075,617529
1057,CNN,mfe,100,0.001,32,adam,1e-5,1,64,3,2,32,0.25,,,,,,,,,,,,,,,,,,0.9534883720930233,0.9534164044690847,0.9549027305111786,0.9534883720930233,0.9930151338766007,0.9930108889021724,0.9931375412615462,0.9930151338766007,7.548803506895553e-05,7.586568117141724,617405
1058,CNN,mfe,100,0.001,32,adam,1e-5,1,64,3,2,64,0.0,,,,,,,,,,,,,,,,,,0.9686046511627907,0.9687318008518461,0.969611369870262,0.9686046511627907,1.0,1.0,1.0,1.0,7.78345174567644e-05,7.769507884979248,1246161
1059,CNN,mfe,100,0.001,32,adam,1e-5,1,64,3,2,64,0.25,,,,,,,,,,,,,,,,,,0.9569767441860465,0.9570624140264249,0.9582349541002533,0.9569767441860465,0.9956344586728755,0.9956547739215535,0.9957571338541564,0.9956344586728755,7.901496665422307e-05,7.7787299156188965,1247020
1060,CNN,mfe,100,0.001,32,adam,1e-5,1,64,3,2,128,0.0,,,,,,,,,,,,,,,,,,0.9651162790697675,0.9652020261311514,0.9656127197189379,0.9651162790697675,1.0,1.0,1.0,1.0,7.992151171662087e-05,8.270740032196045,2595720
1061,CNN,mfe,100,0.001,32,adam,1e-5,1,64,3,2,128,0.25,,,,,,,,,,,,,,,,,,0.9523255813953488,0.952257705331497,0.9541803113926365,0.9523255813953488,0.9959254947613504,0.9959459772196734,0.9960692625186223,0.9959254947613504,7.67316929129667e-05,8.275803089141846,2596402
1062,CNN,mfe,100,0.001,32,adam,1e-5,1,64,5,0,32,0.0,,,,,,,,,,,,,,,,,,0.9674418604651163,0.9675639968106644,0.967957844663802,0.9674418604651163,1.0,1.0,1.0,1.0,5.394802537075309e-05,5.936599254608154,160612
1063,CNN,mfe,100,0.001,32,adam,1e-5,1,64,5,0,32,0.25,,,,,,,,,,,,,,,,,,0.9732558139534884,0.9731979529526446,0.973279561645953,0.9732558139534884,1.0,1.0,1.0,1.0,5.405254142228947e-05,6.071776628494263,160672
1064,CNN,mfe,100,0.001,32,adam,1e-5,1,64,5,0,64,0.0,,,,,,,,,,,,,,,,,,0.9651162790697675,0.9652649569947848,0.9659141923651106,0.9651162790697675,1.0,1.0,1.0,1.0,5.398073861765307e-05,6.416632413864136,160671
1065,CNN,mfe,100,0.001,32,adam,1e-5,1,64,5,0,64,0.25,,,,,,,,,,,,,,,,,,0.9662790697674418,0.9664127900519265,0.9672249890612454,0.9662790697674418,1.0,1.0,1.0,1.0,5.460589431052984e-05,6.3507161140441895,160631
1066,CNN,mfe,100,0.001,32,adam,1e-5,1,64,5,0,128,0.0,,,,,,,,,,,,,,,,,,0.9709302325581395,0.9709006752379906,0.9711740534857431,0.9709302325581395,1.0,1.0,1.0,1.0,5.415373070295467e-05,5.994772911071777,160740
1067,CNN,mfe,100,0.001,32,adam,1e-5,1,64,5,0,128,0.25,,,,,,,,,,,,,,,,,,0.9697674418604652,0.9696906654492273,0.970146281984894,0.9697674418604652,1.0,1.0,1.0,1.0,5.4110482681629267e-05,6.006988286972046,160597
1068,CNN,mfe,100,0.001,32,adam,1e-5,1,64,5,1,32,0.0,,,,,,,,,,,,,,,,,,0.9662790697674418,0.9664445195933452,0.9671326923206045,0.9662790697674418,1.0,1.0,1.0,1.0,6.670452827631041e-05,6.914669513702393,384729
1069,CNN,mfe,100,0.001,32,adam,1e-5,1,64,5,1,32,0.25,,,,,,,,,,,,,,,,,,0.9709302325581395,0.9710923237457894,0.9718620575178545,0.9709302325581395,1.0,1.0,1.0,1.0,6.593077681785406e-05,7.111814022064209,384156
1070,CNN,mfe,100,0.001,32,adam,1e-5,1,64,5,1,64,0.0,,,,,,,,,,,,,,,,,,0.9627906976744186,0.9630231320126407,0.9637776218106784,0.9627906976744186,0.9982537834691502,0.9982542329883162,0.9982679268762541,0.9982537834691502,6.647525831710461e-05,7.231022596359253,737963
1071,CNN,mfe,100,0.001,32,adam,1e-5,1,64,5,1,64,0.25,,,,,,,,,,,,,,,,,,0.9697674418604652,0.9697500561106529,0.9705698322735246,0.9697674418604652,1.0,1.0,1.0,1.0,6.729503010594568e-05,7.1047375202178955,736661
1072,CNN,mfe,100,0.001,32,adam,1e-5,1,64,5,1,128,0.0,,,,,,,,,,,,,,,,,,0.9697674418604652,0.9698544085215134,0.9702699578815861,0.9697674418604652,1.0,1.0,1.0,1.0,6.610460059587345e-05,7.154928207397461,1443244
1073,CNN,mfe,100,0.001,32,adam,1e-5,1,64,5,1,128,0.25,,,,,,,,,,,,,,,,,,0.9616279069767442,0.9617123097117866,0.9620251524725202,0.9616279069767442,1.0,1.0,1.0,1.0,6.566352622453557e-05,7.386614084243774,1445956
1074,CNN,mfe,100,0.001,32,adam,1e-5,1,64,5,2,32,0.0,,,,,,,,,,,,,,,,,,0.9569767441860465,0.9569218999827948,0.9572420419236161,0.9569767441860465,1.0,1.0,1.0,1.0,7.614063662151958e-05,7.559756755828857,399724
1075,CNN,mfe,100,0.001,32,adam,1e-5,1,64,5,2,32,0.25,,,,,,,,,,,,,,,,,,0.9651162790697675,0.9652116446969593,0.9657162900809649,0.9651162790697675,1.0,1.0,1.0,1.0,7.582570231238076e-05,7.371867418289185,399937
1076,CNN,mfe,100,0.001,32,adam,1e-5,1,64,5,2,64,0.0,,,,,,,,,,,,,,,,,,0.9616279069767442,0.9617901335063546,0.9629745872074408,0.9616279069767442,1.0,1.0,1.0,1.0,7.76753869167594e-05,7.737094879150391,796289
1077,CNN,mfe,100,0.001,32,adam,1e-5,1,64,5,2,64,0.25,,,,,,,,,,,,,,,,,,0.9674418604651163,0.9675220135646715,0.9682070419092578,0.9674418604651163,1.0,1.0,1.0,1.0,7.816664008207099e-05,7.583150863647461,797317
1078,CNN,mfe,100,0.001,32,adam,1e-5,1,64,5,2,128,0.0,,,,,,,,,,,,,,,,,,0.9627906976744186,0.9631817500204217,0.9644242297025278,0.9627906976744186,1.0,1.0,1.0,1.0,7.647802663403888e-05,7.978898763656616,1677765
1079,CNN,mfe,100,0.001,32,adam,1e-5,1,64,5,2,128,0.25,,,,,,,,,,,,,,,,,,0.9662790697674418,0.9663974276361796,0.9672498367987985,0.9662790697674418,1.0,1.0,1.0,1.0,7.651212603546852e-05,7.923344612121582,1679399
1080,CNN,mfe,100,0.001,32,adam,1e-5,2,16,3,0,32,0.0,,,,,,,,,,,,,,,,,,0.8372093023255814,0.8365036363672935,0.8391284605469677,0.8372093023255814,0.9772991850989523,0.9772549395518634,0.9774011688060972,0.9772991850989523,8.144905400830645e-05,7.185109376907349,45510
1081,CNN,mfe,100,0.001,32,adam,1e-5,2,16,3,0,32,0.25,,,,,,,,,,,,,,,,,,0.8732558139534884,0.8727555066927752,0.8753209198791717,0.8732558139534884,0.9772991850989523,0.9770867567212044,0.9775541095375453,0.9772991850989523,8.075985797615939e-05,7.184688329696655,45592
1082,CNN,mfe,100,0.001,32,adam,1e-5,2,16,3,0,64,0.0,,,,,,,,,,,,,,,,,,0.8290697674418605,0.8295335850252441,0.832350329569655,0.8290697674418605,0.9735157159487776,0.973543076238714,0.9737887112522277,0.9735157159487776,8.199991181839344e-05,7.015028953552246,45576
1083,CNN,mfe,100,0.001,32,adam,1e-5,2,16,3,0,64,0.25,,,,,,,,,,,,,,,,,,0.8116279069767441,0.8116701607975968,0.8241353092478655,0.8116279069767441,0.9158905704307334,0.9155002248822031,0.9209065723865774,0.9158905704307334,8.010697919268941e-05,7.1719372272491455,45608
1084,CNN,mfe,100,0.001,32,adam,1e-5,2,16,3,0,128,0.0,,,,,,,,,,,,,,,,,,0.8441860465116279,0.8451308025771201,0.8483686977834418,0.8441860465116279,0.9825378346915018,0.98258951521131,0.982850809810977,0.9825378346915018,8.415843165198038e-05,7.045619964599609,45549
1085,CNN,mfe,100,0.001,32,adam,1e-5,2,16,3,0,128,0.25,,,,,,,,,,,,,,,,,,0.827906976744186,0.8293692044187313,0.8340676367169259,0.827906976744186,0.9464493597206054,0.9460155901014532,0.9469099866975065,0.9464493597206054,8.050896400629089e-05,7.2460901737213135,45565
1086,CNN,mfe,100,0.001,32,adam,1e-5,2,16,3,1,32,0.0,,,,,,,,,,,,,,,,,,0.85,0.8500810062736095,0.8526477146667171,0.85,0.9924330616996507,0.9924443575916242,0.9924969259914893,0.9924330616996507,9.60153202677882e-05,7.872206211090088,56534
1087,CNN,mfe,100,0.001,32,adam,1e-5,2,16,3,1,32,0.25,,,,,,,,,,,,,,,,,,0.8372093023255814,0.8411448741903159,0.8500224455108629,0.8372093023255814,0.9781722933643772,0.9783117499200091,0.9789804330927055,0.9781722933643772,9.363390678583189e-05,8.130964517593384,56593
1088,CNN,mfe,100,0.001,32,adam,1e-5,2,16,3,1,64,0.0,,,,,,,,,,,,,,,,,,0.8337209302325581,0.836906075202982,0.8600102480063395,0.8337209302325581,0.9461583236321304,0.9450417300136988,0.9558537485724725,0.9461583236321304,9.291144304497297e-05,7.983728885650635,69684
1089,CNN,mfe,100,0.001,32,adam,1e-5,2,16,3,1,64,0.25,,,,,,,,,,,,,,,,,,0.8430232558139535,0.8438275230848006,0.8468189657375867,0.8430232558139535,0.9979627473806753,0.997961241260933,0.997971734945448,0.9979627473806753,9.281718453695607e-05,7.896673679351807,69721
1090,CNN,mfe,100,0.001,32,adam,1e-5,2,16,3,1,128,0.0,,,,,,,,,,,,,,,,,,0.8651162790697674,0.8658327253275224,0.8715898852102825,0.8651162790697674,0.9938882421420256,0.993931535388625,0.9942260199172241,0.9938882421420256,9.420167568118073e-05,7.854587078094482,95946
1091,CNN,mfe,100,0.001,32,adam,1e-5,2,16,3,1,128,0.25,,,,,,,,,,,,,,,,,,0.8220930232558139,0.8247095710354949,0.8344418245792149,0.8220930232558139,0.9481955762514552,0.9490724772713862,0.9557424116855553,0.9481955762514552,9.445090626561364e-05,7.82144570350647,95971
1092,CNN,mfe,100,0.001,32,adam,1e-5,2,16,3,2,32,0.0,,,,,,,,,,,,,,,,,,0.8453488372093023,0.8458352701474237,0.8488455664603262,0.8453488372093023,0.9848661233993015,0.9849190174231802,0.9855976981373903,0.9848661233993015,0.0001035953676977823,8.711682319641113,72065
1093,CNN,mfe,100,0.001,32,adam,1e-5,2,16,3,2,32,0.25,,,,,,,,,,,,,,,,,,0.8058139534883721,0.8069291733240772,0.8119445977754185,0.8058139534883721,0.9822467986030268,0.9821877818852749,0.9824202334011297,0.9822467986030268,0.00010375449823778729,8.639863967895508,72031
1094,CNN,mfe,100,0.001,32,adam,1e-5,2,16,3,2,64,0.0,,,,,,,,,,,,,,,,,,0.8348837209302326,0.835420448609583,0.8376337197206227,0.8348837209302326,0.990395809080326,0.9904040020304599,0.9905176724595275,0.990395809080326,0.00010324966075808503,8.741138219833374,129001
1095,CNN,mfe,100,0.001,32,adam,1e-5,2,16,3,2,64,0.25,,,,,,,,,,,,,,,,,,0.877906976744186,0.8781495391647407,0.8812745055215484,0.877906976744186,0.9982537834691502,0.9982541963503696,0.9982625857348514,0.9982537834691502,0.0001034076823744663,8.842894315719604,128923
1096,CNN,mfe,100,0.001,32,adam,1e-5,2,16,3,2,128,0.0,,,,,,,,,,,,,,,,,,0.8430232558139535,0.8445518746857489,0.849960617273271,0.8430232558139535,0.9991268917345751,0.999126885083837,0.9991298860398564,0.9991268917345751,0.00010470900424691134,8.354590892791748,330168
1097,CNN,mfe,100,0.001,32,adam,1e-5,2,16,3,2,128,0.25,,,,,,,,,,,,,,,,,,0.858139534883721,0.8580218730850165,0.8591619082689119,0.858139534883721,0.9997089639115251,0.9997089611860172,0.9997099850907828,0.9997089639115251,0.00010529035745665084,8.29671049118042,329733
1098,CNN,mfe,100,0.001,32,adam,1e-5,2,16,5,0,32,0.0,,,,,,,,,,,,,,,,,,0.9651162790697675,0.9651064108684912,0.9654929023322165,0.9651162790697675,1.0,1.0,1.0,1.0,5.6153397227442545e-05,6.345633506774902,45238
1099,CNN,mfe,100,0.001,32,adam,1e-5,2,16,5,0,32,0.25,,,,,,,,,,,,,,,,,,0.9546511627906977,0.9548331104190083,0.9562724867584066,0.9546511627906977,0.9988358556461001,0.9988353649385063,0.9988368598156507,0.9988358556461001,5.6241833886434864e-05,6.54380464553833,45267
1100,CNN,mfe,100,0.001,32,adam,1e-5,2,16,5,0,64,0.0,,,,,,,,,,,,,,,,,,0.9511627906976744,0.9513069933579688,0.9522690060422065,0.9511627906976744,0.9997089639115251,0.9997089656123913,0.9997099606104581,0.9997089639115251,5.646611368933389e-05,6.055349588394165,45226
1101,CNN,mfe,100,0.001,32,adam,1e-5,2,16,5,0,64,0.25,,,,,,,,,,,,,,,,,,0.9534883720930233,0.9534751500792512,0.9537572818810995,0.9534883720930233,1.0,1.0,1.0,1.0,5.695071331290312e-05,5.859978914260864,45275
1102,CNN,mfe,100,0.001,32,adam,1e-5,2,16,5,0,128,0.0,,,,,,,,,,,,,,,,,,0.9418604651162791,0.9422999165686896,0.9437314351818674,0.9418604651162791,0.9962165308498254,0.9961923701643778,0.9962436583403809,0.9962165308498254,5.649827247442201e-05,5.933337211608887,45266
1103,CNN,mfe,100,0.001,32,adam,1e-5,2,16,5,0,128,0.25,,,,,,,,,,,,,,,,,,0.9546511627906977,0.9545495217829689,0.9546213378411446,0.9546511627906977,1.0,1.0,1.0,1.0,5.645973737849746e-05,6.371307373046875,45213
1104,CNN,mfe,100,0.001,32,adam,1e-5,2,16,5,1,32,0.0,,,,,,,,,,,,,,,,,,0.9604651162790697,0.9603898862543842,0.9613341571015594,0.9604651162790697,1.0,1.0,1.0,1.0,6.795982981837073e-05,7.024869680404663,105893
1105,CNN,mfe,100,0.001,32,adam,1e-5,2,16,5,1,32,0.25,,,,,,,,,,,,,,,,,,0.9441860465116279,0.9444160909521125,0.9453607703372459,0.9441860465116279,1.0,1.0,1.0,1.0,6.950899612071902e-05,6.6697304248809814,105922
1106,CNN,mfe,100,0.001,32,adam,1e-5,2,16,5,1,64,0.0,,,,,,,,,,,,,,,,,,0.9523255813953488,0.9525478870454311,0.9533740936825753,0.9523255813953488,1.0,1.0,1.0,1.0,6.941335145817247e-05,6.9287731647491455,198396
1107,CNN,mfe,100,0.001,32,adam,1e-5,2,16,5,1,64,0.25,,,,,,,,,,,,,,,,,,0.9511627906976744,0.9513852472142501,0.9525019172506453,0.9511627906976744,1.0,1.0,1.0,1.0,6.883837455926939e-05,6.973038196563721,198669
1108,CNN,mfe,100,0.001,32,adam,1e-5,2,16,5,1,128,0.0,,,,,,,,,,,,,,,,,,0.9523255813953488,0.952424220643025,0.9533474733782494,0.9523255813953488,1.0,1.0,1.0,1.0,6.887940473334734e-05,6.858743667602539,383977
1109,CNN,mfe,100,0.001,32,adam,1e-5,2,16,5,1,128,0.25,,,,,,,,,,,,,,,,,,0.9372093023255814,0.9375619014908851,0.9386763704526873,0.9372093023255814,0.9976717112922002,0.9976716301446484,0.9976925951312648,0.9976717112922002,7.079008013703102e-05,6.869861364364624,384196
1110,CNN,mfe,100,0.001,32,adam,1e-5,2,16,5,2,32,0.0,,,,,,,,,,,,,,,,,,0.9337209302325581,0.933983459448086,0.9364361586187406,0.9337209302325581,0.9962165308498254,0.9962309001745909,0.9962900020565657,0.9962165308498254,7.853923841964366e-05,7.337705850601196,121361
1111,CNN,mfe,100,0.001,32,adam,1e-5,2,16,5,2,32,0.25,,,,,,,,,,,,,,,,,,0.936046511627907,0.9362341594532919,0.9372829254771385,0.936046511627907,1.0,1.0,1.0,1.0,7.814917453499728e-05,7.5296361446380615,121226
1112,CNN,mfe,100,0.001,32,adam,1e-5,2,16,5,2,64,0.0,,,,,,,,,,,,,,,,,,0.9523255813953488,0.9522256309543381,0.9524948212724501,0.9523255813953488,1.0,1.0,1.0,1.0,7.881646932557572e-05,7.611000299453735,257711
1113,CNN,mfe,100,0.001,32,adam,1e-5,2,16,5,2,64,0.25,,,,,,,,,,,,,,,,,,0.9313953488372093,0.9313129507201661,0.9320227648692742,0.9313953488372093,1.0,1.0,1.0,1.0,7.912918578746707e-05,7.612823724746704,257772
1114,CNN,mfe,100,0.001,32,adam,1e-5,2,16,5,2,128,0.0,,,,,,,,,,,,,,,,,,0.9546511627906977,0.9547478026088689,0.9553410078262102,0.9546511627906977,1.0,1.0,1.0,1.0,7.921789967736532e-05,7.655269622802734,617439
1115,CNN,mfe,100,0.001,32,adam,1e-5,2,16,5,2,128,0.25,,,,,,,,,,,,,,,,,,0.9546511627906977,0.9549267894802216,0.9556450677035797,0.9546511627906977,1.0,1.0,1.0,1.0,7.892320322435956e-05,7.545244455337524,617873
1116,CNN,mfe,100,0.001,32,adam,1e-5,2,32,3,0,32,0.0,,,,,,,,,,,,,,,,,,0.8860465116279069,0.8862178368563765,0.8898736731204643,0.8860465116279069,0.9950523864959255,0.9950515444082781,0.9950778612545995,0.9950523864959255,8.215793343477471e-05,7.07944393157959,148615
1117,CNN,mfe,100,0.001,32,adam,1e-5,2,32,3,0,32,0.25,,,,,,,,,,,,,,,,,,0.8883720930232558,0.8882116258325262,0.8890828404671219,0.8883720930232558,1.0,1.0,1.0,1.0,8.259374041889988e-05,7.540379762649536,148479
1118,CNN,mfe,100,0.001,32,adam,1e-5,2,32,3,0,64,0.0,,,,,,,,,,,,,,,,,,0.8976744186046511,0.8982728467435851,0.9003367045004625,0.8976744186046511,1.0,1.0,1.0,1.0,8.192284162654433e-05,7.402408838272095,148335
1119,CNN,mfe,100,0.001,32,adam,1e-5,2,32,3,0,64,0.25,,,,,,,,,,,,,,,,,,0.858139534883721,0.8610645968890598,0.8739058487214286,0.858139534883721,0.9921420256111758,0.9921293194618234,0.9923620573501035,0.9921420256111758,8.086880972219068e-05,7.017982244491577,148588
1120,CNN,mfe,100,0.001,32,adam,1e-5,2,32,3,0,128,0.0,,,,,,,,,,,,,,,,,,0.8988372093023256,0.8987161345558307,0.8992707781131589,0.8988372093023256,1.0,1.0,1.0,1.0,8.196886195692905e-05,7.013058662414551,148447
1121,CNN,mfe,100,0.001,32,adam,1e-5,2,32,3,0,128,0.25,,,,,,,,,,,,,,,,,,0.8686046511627907,0.8697687131371569,0.875726312659178,0.8686046511627907,0.9970896391152503,0.9970824045686489,0.9971168701716974,0.9970896391152503,8.100797963696857e-05,7.455209255218506,148387
1122,CNN,mfe,100,0.001,32,adam,1e-5,2,32,3,1,32,0.0,,,,,,,,,,,,,,,,,,0.891860465116279,0.8922542036337591,0.8956232524456232,0.891860465116279,0.9953434225844005,0.9953424573294923,0.9954313180881514,0.9953434225844005,9.370376897412677e-05,7.658504009246826,163958
1123,CNN,mfe,100,0.001,32,adam,1e-5,2,32,3,1,32,0.25,,,,,,,,,,,,,,,,,,0.8825581395348837,0.8829647875435105,0.8881233102484232,0.8825581395348837,0.9962165308498254,0.9962131909034494,0.9962334029619506,0.9962165308498254,9.354214335596839e-05,7.878465414047241,163968
1124,CNN,mfe,100,0.001,32,adam,1e-5,2,32,3,1,64,0.0,,,,,,,,,,,,,,,,,,0.8906976744186047,0.8913287465216158,0.8959966703365447,0.8906976744186047,0.9979627473806753,0.9979660365367631,0.9979887736506003,0.9979627473806753,9.26971435546875e-05,8.172478675842285,184355
1125,CNN,mfe,100,0.001,32,adam,1e-5,2,32,3,1,64,0.25,,,,,,,,,,,,,,,,,,0.8988372093023256,0.8988346575210511,0.9001331379609635,0.8988372093023256,1.0,1.0,1.0,1.0,9.420250737389853e-05,7.741800785064697,184372
1126,CNN,mfe,100,0.001,32,adam,1e-5,2,32,3,1,128,0.0,,,,,,,,,,,,,,,,,,0.8976744186046511,0.8975665191643303,0.8986078590816471,0.8976744186046511,1.0,1.0,1.0,1.0,9.57403072091036e-05,7.775839567184448,225054
1127,CNN,mfe,100,0.001,32,adam,1e-5,2,32,3,1,128,0.25,,,,,,,,,,,,,,,,,,0.891860465116279,0.8916059495444029,0.8926890221927614,0.891860465116279,1.0,1.0,1.0,1.0,9.657477223595907e-05,7.634927272796631,224935
1128,CNN,mfe,100,0.001,32,adam,1e-5,2,32,3,2,32,0.0,,,,,,,,,,,,,,,,,,0.8488372093023255,0.8488285543164338,0.856374225116935,0.8488372093023255,0.9720605355064028,0.9723084838974975,0.9742662428450047,0.9720605355064028,0.00010358705077060434,8.174553632736206,179507
1129,CNN,mfe,100,0.001,32,adam,1e-5,2,32,3,2,32,0.25,,,,,,,,,,,,,,,,,,0.8453488372093023,0.8441457413833594,0.8485442408342597,0.8453488372093023,0.9973806752037253,0.9973816616064588,0.9973954806408019,0.9973806752037253,0.00010435276253278865,8.43217921257019,179514
1130,CNN,mfe,100,0.001,32,adam,1e-5,2,32,3,2,64,0.0,,,,,,,,,,,,,,,,,,0.8941860465116279,0.8948450277285546,0.8968637015226664,0.8941860465116279,1.0,1.0,1.0,1.0,0.0001036308532537416,8.431313276290894,243691
1131,CNN,mfe,100,0.001,32,adam,1e-5,2,32,3,2,64,0.25,,,,,,,,,,,,,,,,,,0.9011627906976745,0.9014848674572373,0.9026963526501123,0.9011627906976745,1.0,1.0,1.0,1.0,0.00010406749193058457,8.412065029144287,243639
1132,CNN,mfe,100,0.001,32,adam,1e-5,2,32,3,2,128,0.0,,,,,,,,,,,,,,,,,,0.9046511627906977,0.9053584788731021,0.9081027967434672,0.9046511627906977,1.0,1.0,1.0,1.0,0.00010569539181021757,8.43332290649414,459224
1133,CNN,mfe,100,0.001,32,adam,1e-5,2,32,3,2,128,0.25,,,,,,,,,,,,,,,,,,0.9023255813953488,0.902478412039171,0.9032657130296113,0.9023255813953488,1.0,1.0,1.0,1.0,0.00010432004928588867,8.313124895095825,459108
1134,CNN,mfe,100,0.001,32,adam,1e-5,2,32,5,0,32,0.0,,,,,,,,,,,,,,,,,,0.9651162790697675,0.9651693257218874,0.9653925650712677,0.9651162790697675,0.9997089639115251,0.9997089656123913,0.9997099606104581,0.9997089639115251,5.676053291143373e-05,6.1408491134643555,83797
1135,CNN,mfe,100,0.001,32,adam,1e-5,2,32,5,0,32,0.25,,,,,,,,,,,,,,,,,,0.9593023255813954,0.9590796652833102,0.9596926542647053,0.9593023255813954,1.0,1.0,1.0,1.0,5.7277014089185135e-05,6.398653745651245,83765
1136,CNN,mfe,100,0.001,32,adam,1e-5,2,32,5,0,64,0.0,,,,,,,,,,,,,,,,,,0.9593023255813954,0.9594063851912299,0.9597524590429566,0.9593023255813954,1.0,1.0,1.0,1.0,5.74228375457054e-05,6.126671075820923,83741
1137,CNN,mfe,100,0.001,32,adam,1e-5,2,32,5,0,64,0.25,,,,,,,,,,,,,,,,,,0.9674418604651163,0.9675891153656897,0.9680720613871187,0.9674418604651163,1.0,1.0,1.0,1.0,5.642591520797375e-05,6.0868542194366455,83732
1138,CNN,mfe,100,0.001,32,adam,1e-5,2,32,5,0,128,0.0,,,,,,,,,,,,,,,,,,0.958139534883721,0.9580438115225662,0.9587810673762482,0.958139534883721,1.0,1.0,1.0,1.0,5.672421566275663e-05,6.138465404510498,83716
1139,CNN,mfe,100,0.001,32,adam,1e-5,2,32,5,0,128,0.25,,,,,,,,,,,,,,,,,,0.9651162790697675,0.9654322036477456,0.966545372267157,0.9651162790697675,1.0,1.0,1.0,1.0,5.664298700731854e-05,6.164237976074219,83744
1140,CNN,mfe,100,0.001,32,adam,1e-5,2,32,5,1,32,0.0,,,,,,,,,,,,,,,,,,0.9569767441860465,0.9572743775229078,0.9584904841607611,0.9569767441860465,0.9994179278230501,0.9994179333503015,0.9994199501016792,0.9994179278230501,6.788248239561569e-05,7.278952121734619,198698
1141,CNN,mfe,100,0.001,32,adam,1e-5,2,32,5,1,32,0.25,,,,,,,,,,,,,,,,,,0.9604651162790697,0.9606590577718712,0.9617640215235307,0.9604651162790697,1.0,1.0,1.0,1.0,6.812866344008334e-05,7.2717368602752686,198408
1142,CNN,mfe,100,0.001,32,adam,1e-5,2,32,5,1,64,0.0,,,,,,,,,,,,,,,,,,0.9546511627906977,0.9545446709459741,0.9576862925817601,0.9546511627906977,0.9994179278230501,0.9994179384530197,0.9994199602376006,0.9994179278230501,6.9166338720987e-05,6.9250874519348145,378238
1143,CNN,mfe,100,0.001,32,adam,1e-5,2,32,5,1,64,0.25,,,,,,,,,,,,,,,,,,0.9569767441860465,0.9571617792419453,0.957775217150556,0.9569767441860465,1.0,1.0,1.0,1.0,6.844193436378657e-05,6.8878490924835205,378044
1144,CNN,mfe,100,0.001,32,adam,1e-5,2,32,5,1,128,0.0,,,,,,,,,,,,,,,,,,0.9604651162790697,0.9606849329848127,0.9612505535175767,0.9604651162790697,1.0,1.0,1.0,1.0,6.910756576892941e-05,7.133992433547974,736895
1145,CNN,mfe,100,0.001,32,adam,1e-5,2,32,5,1,128,0.25,,,,,,,,,,,,,,,,,,0.9569767441860465,0.9573077805601985,0.95820631401046,0.9569767441860465,1.0,1.0,1.0,1.0,6.853452948636787e-05,7.2089149951934814,737574
1146,CNN,mfe,100,0.001,32,adam,1e-5,2,32,5,2,32,0.0,,,,,,,,,,,,,,,,,,0.9569767441860465,0.9567573248022386,0.9569718028746345,0.9569767441860465,1.0,1.0,1.0,1.0,8.015050444492074e-05,7.630491256713867,213991
1147,CNN,mfe,100,0.001,32,adam,1e-5,2,32,5,2,32,0.25,,,,,,,,,,,,,,,,,,0.9441860465116279,0.9441942146093762,0.9444634430120366,0.9441860465116279,1.0,1.0,1.0,1.0,7.869310157243595e-05,7.441565752029419,214081
1148,CNN,mfe,100,0.001,32,adam,1e-5,2,32,5,2,64,0.0,,,,,,,,,,,,,,,,,,0.9476744186046512,0.9478932892424191,0.9491334016695271,0.9476744186046512,1.0,1.0,1.0,1.0,8.000218591024709e-05,7.383012294769287,437191
1149,CNN,mfe,100,0.001,32,adam,1e-5,2,32,5,2,64,0.25,,,,,,,,,,,,,,,,,,0.9569767441860465,0.9571051936848118,0.9577839736694868,0.9569767441860465,1.0,1.0,1.0,1.0,8.040306180022483e-05,7.673776865005493,437812
1150,CNN,mfe,100,0.001,32,adam,1e-5,2,32,5,2,128,0.0,,,,,,,,,,,,,,,,,,0.9686046511627907,0.968577747964522,0.9689814236936265,0.9686046511627907,1.0,1.0,1.0,1.0,7.917215657788654e-05,8.075124263763428,971605
1151,CNN,mfe,100,0.001,32,adam,1e-5,2,32,5,2,128,0.25,,,,,,,,,,,,,,,,,,0.9569767441860465,0.9569726519054966,0.9576424972773139,0.9569767441860465,1.0,1.0,1.0,1.0,7.914942364360011e-05,7.718494653701782,971049
1152,CNN,mfe,100,0.001,32,adam,1e-5,2,64,3,0,32,0.0,,,,,,,,,,,,,,,,,,0.913953488372093,0.9141270298649291,0.9160087000148676,0.913953488372093,1.0,1.0,1.0,1.0,8.166723473127499e-05,7.502274513244629,549637
1153,CNN,mfe,100,0.001,32,adam,1e-5,2,64,3,0,32,0.25,,,,,,,,,,,,,,,,,,0.9383720930232559,0.9383099989946331,0.9388237553829625,0.9383720930232559,1.0,1.0,1.0,1.0,8.291338765343954e-05,7.597360849380493,550116
1154,CNN,mfe,100,0.001,32,adam,1e-5,2,64,3,0,64,0.0,,,,,,,,,,,,,,,,,,0.913953488372093,0.9147106590424811,0.9168961920444535,0.913953488372093,1.0,1.0,1.0,1.0,8.198521858037904e-05,7.485857725143433,549499
1155,CNN,mfe,100,0.001,32,adam,1e-5,2,64,3,0,64,0.25,,,,,,,,,,,,,,,,,,0.922093023255814,0.9226392343380383,0.9241794349593401,0.922093023255814,1.0,1.0,1.0,1.0,8.22131023850552e-05,7.46294641494751,549496
1156,CNN,mfe,100,0.001,32,adam,1e-5,2,64,3,0,128,0.0,,,,,,,,,,,,,,,,,,0.9255813953488372,0.9254886348485538,0.9264087504060042,0.9255813953488372,1.0,1.0,1.0,1.0,8.172711660695631e-05,7.3351054191589355,550545
1157,CNN,mfe,100,0.001,32,adam,1e-5,2,64,3,0,128,0.25,,,,,,,,,,,,,,,,,,0.9325581395348838,0.9327106457784641,0.9339361620990693,0.9325581395348838,1.0,1.0,1.0,1.0,8.180307787518169e-05,7.343399286270142,550375
1158,CNN,mfe,100,0.001,32,adam,1e-5,2,64,3,1,32,0.0,,,,,,,,,,,,,,,,,,0.9302325581395349,0.9305121398687413,0.9320299530598707,0.9302325581395349,1.0,1.0,1.0,1.0,9.433751882508744e-05,7.898351192474365,574249
1159,CNN,mfe,100,0.001,32,adam,1e-5,2,64,3,1,32,0.25,,,,,,,,,,,,,,,,,,0.9011627906976745,0.9016931544412129,0.9037967017049241,0.9011627906976745,0.9997089639115251,0.9997089656123913,0.9997099606104581,0.9997089639115251,9.438852931177893e-05,8.210123062133789,574608
1160,CNN,mfe,100,0.001,32,adam,1e-5,2,64,3,1,64,0.0,,,,,,,,,,,,,,,,,,0.9232558139534883,0.9234032821106284,0.924422577942213,0.9232558139534883,1.0,1.0,1.0,1.0,9.361644123875817e-05,8.032164096832275,609083
1161,CNN,mfe,100,0.001,32,adam,1e-5,2,64,3,1,64,0.25,,,,,,,,,,,,,,,,,,0.9244186046511628,0.9243126330650366,0.924806983273933,0.9244186046511628,1.0,1.0,1.0,1.0,9.537602579870889e-05,8.309386968612671,609440
1162,CNN,mfe,100,0.001,32,adam,1e-5,2,64,3,1,128,0.0,,,,,,,,,,,,,,,,,,0.9267441860465117,0.9267952586649099,0.9277253725462172,0.9267441860465117,1.0,1.0,1.0,1.0,9.458730387133221e-05,7.980289936065674,678950
1163,CNN,mfe,100,0.001,32,adam,1e-5,2,64,3,1,128,0.25,,,,,,,,,,,,,,,,,,0.9325581395348838,0.9329850713198493,0.934686573168631,0.9325581395348838,1.0,1.0,1.0,1.0,9.497265483057777e-05,7.9279258251190186,679345
1164,CNN,mfe,100,0.001,32,adam,1e-5,2,64,3,2,32,0.0,,,,,,,,,,,,,,,,,,0.9093023255813953,0.9101835179536105,0.9130265539939456,0.9093023255813953,0.9985448195576252,0.9985458619491523,0.9985519841793769,0.9985448195576252,0.00011000910470652025,8.673446416854858,590295
1165,CNN,mfe,100,0.001,32,adam,1e-5,2,64,3,2,32,0.25,,,,,,,,,,,,,,,,,,0.8883720930232558,0.889699159314836,0.8966218095466549,0.8883720930232558,0.9991268917345751,0.9991268917345751,0.9991358010025896,0.9991268917345751,0.00010468488515809525,8.692645788192749,590112
1166,CNN,mfe,100,0.001,32,adam,1e-5,2,64,3,2,64,0.0,,,,,,,,,,,,,,,,,,0.9093023255813953,0.9092396168259181,0.9106676557938609,0.9093023255813953,1.0,1.0,1.0,1.0,0.0001037165176036746,8.853033781051636,668783
1167,CNN,mfe,100,0.001,32,adam,1e-5,2,64,3,2,64,0.25,,,,,,,,,,,,,,,,,,0.9058139534883721,0.9060221691133349,0.9095149462432314,0.9058139534883721,0.979918509895227,0.9798476762120384,0.9811122157533514,0.979918509895227,0.00010452963585077331,8.695465087890625,669279
1168,CNN,mfe,100,0.001,32,adam,1e-5,2,64,3,2,128,0.0,,,,,,,,,,,,,,,,,,0.9197674418604651,0.9200983997320109,0.9212467180524015,0.9197674418604651,0.9994179278230501,0.999417910813343,0.9994218607431645,0.9994179278230501,0.00010434056437292764,8.74187707901001,913959
1169,CNN,mfe,100,0.001,32,adam,1e-5,2,64,3,2,128,0.25,,,,,,,,,,,,,,,,,,0.9372093023255814,0.9371433008844833,0.9376056655220184,0.9372093023255814,1.0,1.0,1.0,1.0,0.00010464219159858172,8.860631227493286,913648
1170,CNN,mfe,100,0.001,32,adam,1e-5,2,64,5,0,32,0.0,,,,,,,,,,,,,,,,,,0.9744186046511628,0.9745126569980742,0.9749364498773081,0.9744186046511628,1.0,1.0,1.0,1.0,5.422747412393259e-05,6.669642925262451,160647
1171,CNN,mfe,100,0.001,32,adam,1e-5,2,64,5,0,32,0.25,,,,,,,,,,,,,,,,,,0.9732558139534884,0.973206485990965,0.9736747754324417,0.9732558139534884,1.0,1.0,1.0,1.0,5.506526592165925e-05,6.6099348068237305,160664
1172,CNN,mfe,100,0.001,32,adam,1e-5,2,64,5,0,64,0.0,,,,,,,,,,,,,,,,,,0.9755813953488373,0.9755160714932597,0.9760060086149267,0.9755813953488373,1.0,1.0,1.0,1.0,5.4214998733165654e-05,6.144170761108398,160666
1173,CNN,mfe,100,0.001,32,adam,1e-5,2,64,5,0,64,0.25,,,,,,,,,,,,,,,,,,0.9674418604651163,0.9675948591742113,0.9679343843434699,0.9674418604651163,1.0,1.0,1.0,1.0,5.367633908293968e-05,6.490187406539917,160679
1174,CNN,mfe,100,0.001,32,adam,1e-5,2,64,5,0,128,0.0,,,,,,,,,,,,,,,,,,0.9709302325581395,0.971164266345216,0.9718950703087883,0.9709302325581395,1.0,1.0,1.0,1.0,5.4811599642731426e-05,6.0608930587768555,160624
1175,CNN,mfe,100,0.001,32,adam,1e-5,2,64,5,0,128,0.25,,,,,,,,,,,,,,,,,,0.9697674418604652,0.9698412708118459,0.9702209795329485,0.9697674418604652,1.0,1.0,1.0,1.0,5.418533502623092e-05,5.913405656814575,160685
1176,CNN,mfe,100,0.001,32,adam,1e-5,2,64,5,1,32,0.0,,,,,,,,,,,,,,,,,,0.9674418604651163,0.9676395492093597,0.9680758821251981,0.9674418604651163,1.0,1.0,1.0,1.0,7.007593332335007e-05,6.7956883907318115,384222
1177,CNN,mfe,100,0.001,32,adam,1e-5,2,64,5,1,32,0.25,,,,,,,,,,,,,,,,,,0.9662790697674418,0.9662321351232769,0.9666268364759998,0.9662790697674418,1.0,1.0,1.0,1.0,6.551077199536701e-05,6.916620254516602,384049
1178,CNN,mfe,100,0.001,32,adam,1e-5,2,64,5,1,64,0.0,,,,,,,,,,,,,,,,,,0.9686046511627907,0.9684937946177644,0.9686835597977016,0.9686046511627907,1.0,1.0,1.0,1.0,6.888106811878293e-05,7.384757995605469,737201
1179,CNN,mfe,100,0.001,32,adam,1e-5,2,64,5,1,64,0.25,,,,,,,,,,,,,,,,,,0.9686046511627907,0.9686819825511401,0.9690147105408022,0.9686046511627907,1.0,1.0,1.0,1.0,6.702833397443904e-05,7.486101150512695,736942
1180,CNN,mfe,100,0.001,32,adam,1e-5,2,64,5,1,128,0.0,,,,,,,,,,,,,,,,,,0.9686046511627907,0.9687538080098431,0.9692228976881391,0.9686046511627907,1.0,1.0,1.0,1.0,6.707601769025935e-05,7.3960349559783936,1445549
1181,CNN,mfe,100,0.001,32,adam,1e-5,2,64,5,1,128,0.25,,,,,,,,,,,,,,,,,,0.9697674418604652,0.9697193499276864,0.9700753527189021,0.9697674418604652,1.0,1.0,1.0,1.0,6.616087846977766e-05,7.261921167373657,1443288
1182,CNN,mfe,100,0.001,32,adam,1e-5,2,64,5,2,32,0.0,,,,,,,,,,,,,,,,,,0.9616279069767442,0.9616765424133127,0.9626085815902311,0.9616279069767442,0.9985448195576252,0.998540845220613,0.9985538531139272,0.9985448195576252,7.607992305312046e-05,7.786895036697388,399801
1183,CNN,mfe,100,0.001,32,adam,1e-5,2,64,5,2,32,0.25,,,,,,,,,,,,,,,,,,0.9569767441860465,0.9573516853029664,0.9582576165717868,0.9569767441860465,1.0,1.0,1.0,1.0,7.740730463072311e-05,7.6546854972839355,400327
1184,CNN,mfe,100,0.001,32,adam,1e-5,2,64,5,2,64,0.0,,,,,,,,,,,,,,,,,,0.9662790697674418,0.9663457719453467,0.9667683710128879,0.9662790697674418,1.0,1.0,1.0,1.0,7.678076278331667e-05,7.951530694961548,797020
1185,CNN,mfe,100,0.001,32,adam,1e-5,2,64,5,2,64,0.25,,,,,,,,,,,,,,,,,,0.9546511627906977,0.9547809483408478,0.9553572783516887,0.9546511627906977,0.9979627473806753,0.9979622774334264,0.9979739159469806,0.9979627473806753,7.737486861472906e-05,7.664359092712402,797499
1186,CNN,mfe,100,0.001,32,adam,1e-5,2,64,5,2,128,0.0,,,,,,,,,,,,,,,,,,0.9627906976744186,0.9628762572794656,0.963192768706101,0.9627906976744186,1.0,1.0,1.0,1.0,7.588613864987396e-05,7.82509970664978,1679965
1187,CNN,mfe,100,0.001,32,adam,1e-5,2,64,5,2,128,0.25,,,,,,,,,,,,,,,,,,0.9627906976744186,0.9627161311753689,0.9630260117919927,0.9627906976744186,1.0,1.0,1.0,1.0,7.59393669838129e-05,7.839268684387207,1679277
1188,CNN,mfe,100,0.001,32,adam,1e-5,3,16,3,0,32,0.0,,,,,,,,,,,,,,,,,,0.8476744186046512,0.8471776821228512,0.8530101158258503,0.8476744186046512,0.9589639115250291,0.9588630528475531,0.9600743797618481,0.9589639115250291,8.127744807753452e-05,7.413200616836548,45524
1189,CNN,mfe,100,0.001,32,adam,1e-5,3,16,3,0,32,0.25,,,,,,,,,,,,,,,,,,0.8534883720930233,0.8549412139874502,0.8599471340278523,0.8534883720930233,0.9842840512223515,0.9842257508580534,0.9844388830867604,0.9842840512223515,8.063177729761877e-05,6.957200288772583,45517
1190,CNN,mfe,100,0.001,32,adam,1e-5,3,16,3,0,64,0.0,,,,,,,,,,,,,,,,,,0.8220930232558139,0.8216162556307854,0.8241245023427414,0.8220930232558139,0.9476135040745053,0.9474118226324495,0.9483319492306314,0.9476135040745053,8.135618165481922e-05,7.592318773269653,45568
1191,CNN,mfe,100,0.001,32,adam,1e-5,3,16,3,0,64,0.25,,,,,,,,,,,,,,,,,,0.8441860465116279,0.8430853756263191,0.8460017166768046,0.8441860465116279,0.9557625145518044,0.9556344325084796,0.9570915408550608,0.9557625145518044,8.170410644176395e-05,7.081705808639526,45626
1192,CNN,mfe,100,0.001,32,adam,1e-5,3,16,3,0,128,0.0,,,,,,,,,,,,,,,,,,0.8325581395348837,0.8340931811440017,0.8415590838615511,0.8325581395348837,0.9516880093131548,0.9516718431505897,0.9524138449090879,0.9516880093131548,8.102821749310161e-05,7.423548460006714,45600
1193,CNN,mfe,100,0.001,32,adam,1e-5,3,16,3,0,128,0.25,,,,,,,,,,,,,,,,,,0.8325581395348837,0.8319409767036495,0.8332679233212693,0.8325581395348837,0.9557625145518044,0.9556793617370806,0.9561947359313241,0.9557625145518044,8.026472357816474e-05,7.52126407623291,45610
1194,CNN,mfe,100,0.001,32,adam,1e-5,3,16,3,1,32,0.0,,,,,,,,,,,,,,,,,,0.858139534883721,0.8589872639095845,0.8639349146230851,0.858139534883721,0.9674039580908033,0.967457095870619,0.9688625303720467,0.9674039580908033,9.383212688357332e-05,7.615679025650024,56592
1195,CNN,mfe,100,0.001,32,adam,1e-5,3,16,3,1,32,0.25,,,,,,,,,,,,,,,,,,0.8255813953488372,0.8266432965353898,0.8311845784549754,0.8255813953488372,0.9883585564610011,0.9883618832592647,0.988618883599249,0.9883585564610011,9.32740610699321e-05,7.6674768924713135,56544
1196,CNN,mfe,100,0.001,32,adam,1e-5,3,16,3,1,64,0.0,,,,,,,,,,,,,,,,,,0.85,0.8486715196229161,0.8511691204441387,0.85,0.9679860302677532,0.9678067592161299,0.9681619768075295,0.9679860302677532,9.259761765945789e-05,7.859762191772461,69741
1197,CNN,mfe,100,0.001,32,adam,1e-5,3,16,3,1,64,0.25,,,,,,,,,,,,,,,,,,0.8604651162790697,0.8605137898174662,0.8625538676058467,0.8604651162790697,0.9988358556461001,0.9988358860947519,0.9988388644877411,0.9988358556461001,9.423965631529342e-05,7.746395587921143,69661
1198,CNN,mfe,100,0.001,32,adam,1e-5,3,16,3,1,128,0.0,,,,,,,,,,,,,,,,,,0.877906976744186,0.8780946972179127,0.880098112528741,0.877906976744186,0.9997089639115251,0.9997089656123913,0.9997099606104581,0.9997089639115251,0.00010085272234539653,8.186761140823364,95964
1199,CNN,mfe,100,0.001,32,adam,1e-5,3,16,3,1,128,0.25,,,,,,,,,,,,,,,,,,0.8697674418604651,0.8701025928690511,0.8713885668553004,0.8697674418604651,1.0,1.0,1.0,1.0,9.31798025619152e-05,8.080991983413696,95835
1200,CNN,mfe,100,0.001,32,adam,1e-5,3,16,3,2,32,0.0,,,,,,,,,,,,,,,,,,0.8186046511627907,0.8200924878039707,0.8235212517821688,0.8186046511627907,0.9720605355064028,0.9720698061835922,0.972174610022471,0.9720605355064028,0.00010306724282198174,8.291940927505493,72163
1201,CNN,mfe,100,0.001,32,adam,1e-5,3,16,3,2,32,0.25,,,,,,,,,,,,,,,,,,0.8348837209302326,0.834556153923139,0.8386615389302484,0.8348837209302326,0.9767171129220024,0.9767693250686966,0.9776646881331893,0.9767171129220024,0.00010392444078312364,8.189873218536377,72080
1202,CNN,mfe,100,0.001,32,adam,1e-5,3,16,3,2,64,0.0,,,,,,,,,,,,,,,,,,0.786046511627907,0.7891324820099392,0.7990809016195163,0.786046511627907,0.9822467986030268,0.9822035074881459,0.9826340249514647,0.9822467986030268,0.00010378000348113304,8.27833867073059,129096
1203,CNN,mfe,100,0.001,32,adam,1e-5,3,16,3,2,64,0.25,,,,,,,,,,,,,,,,,,0.8116279069767441,0.8099955905062415,0.8130177202407972,0.8116279069767441,0.9935972060535506,0.9935908545552485,0.9936121196823628,0.9935972060535506,0.00010390531185061433,8.400250434875488,128975
1204,CNN,mfe,100,0.001,32,adam,1e-5,3,16,3,2,128,0.0,,,,,,,,,,,,,,,,,,0.8558139534883721,0.8581153398022222,0.8645134152071493,0.8558139534883721,0.9933061699650757,0.993316995813701,0.9934009066159104,0.9933061699650757,0.00010490611542102902,8.73244571685791,329809
1205,CNN,mfe,100,0.001,32,adam,1e-5,3,16,3,2,128,0.25,,,,,,,,,,,,,,,,,,0.8627906976744186,0.8633681073400452,0.8647602427477603,0.8627906976744186,0.9997089639115251,0.9997089656123913,0.9997099606104581,0.9997089639115251,0.00010510793952054755,8.51018762588501,329920
1206,CNN,mfe,100,0.001,32,adam,1e-5,3,16,5,0,32,0.0,,,,,,,,,,,,,,,,,,0.9569767441860465,0.9572591137862815,0.9581757230393976,0.9569767441860465,1.0,1.0,1.0,1.0,5.6157555691031524e-05,6.393716096878052,45301
1207,CNN,mfe,100,0.001,32,adam,1e-5,3,16,5,0,32,0.25,,,,,,,,,,,,,,,,,,0.9418604651162791,0.9423474005591399,0.9446014206935679,0.9418604651162791,0.9976717112922002,0.9976759819591362,0.9976931432948276,0.9976717112922002,5.652433217957962e-05,6.03343391418457,45233
1208,CNN,mfe,100,0.001,32,adam,1e-5,3,16,5,0,64,0.0,,,,,,,,,,,,,,,,,,0.9686046511627907,0.968595941411416,0.9690459433108596,0.9686046511627907,0.9994179278230501,0.9994184163022104,0.9994219010119713,0.9994179278230501,5.6738354438959165e-05,6.512375116348267,45297
1209,CNN,mfe,100,0.001,32,adam,1e-5,3,16,5,0,64,0.25,,,,,,,,,,,,,,,,,,0.9569767441860465,0.9570656258023763,0.9573932704577828,0.9569767441860465,1.0,1.0,1.0,1.0,5.6550946346549104e-05,6.263834238052368,45255
1210,CNN,mfe,100,0.001,32,adam,1e-5,3,16,5,0,128,0.0,,,,,,,,,,,,,,,,,,0.9616279069767442,0.9617855355637376,0.9625157206196234,0.9616279069767442,1.0,1.0,1.0,1.0,5.65725703572118e-05,6.053877830505371,45256
1211,CNN,mfe,100,0.001,32,adam,1e-5,3,16,5,0,128,0.25,,,,,,,,,,,,,,,,,,0.9441860465116279,0.9445537891016366,0.9457442647057218,0.9441860465116279,1.0,1.0,1.0,1.0,5.64212022825729e-05,6.085046052932739,45285
1212,CNN,mfe,100,0.001,32,adam,1e-5,3,16,5,1,32,0.0,,,,,,,,,,,,,,,,,,0.9476744186046512,0.9479860719078246,0.9487618156928759,0.9476744186046512,0.9994179278230501,0.999417881381881,0.9994219010119713,0.9994179278230501,6.819547608841298e-05,6.962817668914795,105814
1213,CNN,mfe,100,0.001,32,adam,1e-5,3,16,5,1,32,0.25,,,,,,,,,,,,,,,,,,0.9465116279069767,0.946536405702384,0.9472228170707054,0.9465116279069767,1.0,1.0,1.0,1.0,6.849765777587891e-05,7.150420665740967,105869
1214,CNN,mfe,100,0.001,32,adam,1e-5,3,16,5,1,64,0.0,,,,,,,,,,,,,,,,,,0.9430232558139535,0.9432310689347938,0.9444037343075029,0.9430232558139535,1.0,1.0,1.0,1.0,6.864653077236442e-05,6.877223253250122,198356
1215,CNN,mfe,100,0.001,32,adam,1e-5,3,16,5,1,64,0.25,,,,,,,,,,,,,,,,,,0.9476744186046512,0.9478829242151328,0.9484303095924822,0.9476744186046512,1.0,1.0,1.0,1.0,6.824288257332736e-05,6.836917877197266,198509
1216,CNN,mfe,100,0.001,32,adam,1e-5,3,16,5,1,128,0.0,,,,,,,,,,,,,,,,,,0.9476744186046512,0.9479877303598371,0.9487891885124211,0.9476744186046512,1.0,1.0,1.0,1.0,6.91169916197311e-05,7.046711683273315,383993
1217,CNN,mfe,100,0.001,32,adam,1e-5,3,16,5,1,128,0.25,,,,,,,,,,,,,,,,,,0.9441860465116279,0.9444875311078208,0.9452897999393208,0.9441860465116279,1.0,1.0,1.0,1.0,6.912863531778026e-05,6.979721546173096,384015
1218,CNN,mfe,100,0.001,32,adam,1e-5,3,16,5,2,32,0.0,,,,,,,,,,,,,,,,,,0.9313953488372093,0.9322579458974138,0.934648283169466,0.9313953488372093,0.9988358556461001,0.9988363662442946,0.9988410049460069,0.9988358556461001,7.77618829594102e-05,7.662137269973755,121286
1219,CNN,mfe,100,0.001,32,adam,1e-5,3,16,5,2,32,0.25,,,,,,,,,,,,,,,,,,0.9441860465116279,0.9444560860960302,0.9457027976820398,0.9441860465116279,0.9997089639115251,0.9997089515805696,0.9997099504745367,0.9997089639115251,7.878541946411133e-05,7.278081893920898,121410
1220,CNN,mfe,100,0.001,32,adam,1e-5,3,16,5,2,64,0.0,,,,,,,,,,,,,,,,,,0.9430232558139535,0.9434598237575447,0.9444141022680181,0.9430232558139535,0.9994179278230501,0.999417910813343,0.9994218607431645,0.9994179278230501,8.28801199447277e-05,7.472885370254517,257909
1221,CNN,mfe,100,0.001,32,adam,1e-5,3,16,5,2,64,0.25,,,,,,,,,,,,,,,,,,0.95,0.9500414487494754,0.9505273223561738,0.95,1.0,1.0,1.0,1.0,7.938617883726608e-05,7.450026512145996,257827
1222,CNN,mfe,100,0.001,32,adam,1e-5,3,16,5,2,128,0.0,,,,,,,,,,,,,,,,,,0.9348837209302325,0.9349138381604193,0.9356881528291303,0.9348837209302325,1.0,1.0,1.0,1.0,8.021204970603765e-05,7.432516098022461,617365
1223,CNN,mfe,100,0.001,32,adam,1e-5,3,16,5,2,128,0.25,,,,,,,,,,,,,,,,,,0.9488372093023256,0.9489152534613661,0.9496075137943252,0.9488372093023256,1.0,1.0,1.0,1.0,7.896062939666039e-05,7.43442177772522,617765
1224,CNN,mfe,100,0.001,32,adam,1e-5,3,32,3,0,32,0.0,,,,,,,,,,,,,,,,,,0.9011627906976745,0.9008054747972635,0.9018981262254038,0.9011627906976745,1.0,1.0,1.0,1.0,8.164976918420127e-05,7.2274768352508545,148380
1225,CNN,mfe,100,0.001,32,adam,1e-5,3,32,3,0,32,0.25,,,,,,,,,,,,,,,,,,0.8534883720930233,0.8554970060847171,0.8679409319145462,0.8534883720930233,0.9621653084982538,0.9620685199909547,0.9640235744616056,0.9621653084982538,8.17797904790834e-05,7.101616621017456,148492
1226,CNN,mfe,100,0.001,32,adam,1e-5,3,32,3,0,64,0.0,,,,,,,,,,,,,,,,,,0.8883720930232558,0.8890799767624027,0.8929581968165506,0.8883720930232558,0.9973806752037253,0.9973817157746441,0.9974017670767272,0.9973806752037253,8.13240228697311e-05,7.303192138671875,148394
1227,CNN,mfe,100,0.001,32,adam,1e-5,3,32,3,0,64,0.25,,,,,,,,,,,,,,,,,,0.872093023255814,0.8707976112820605,0.8767159850982886,0.872093023255814,0.9784633294528522,0.9784111183573065,0.9795935808777102,0.9784633294528522,8.12885373137718e-05,7.075121164321899,148527
1228,CNN,mfe,100,0.001,32,adam,1e-5,3,32,3,0,128,0.0,,,,,,,,,,,,,,,,,,0.8976744186046511,0.8983119216912107,0.8998525582232285,0.8976744186046511,1.0,1.0,1.0,1.0,8.226799410442973e-05,7.191222667694092,148341
1229,CNN,mfe,100,0.001,32,adam,1e-5,3,32,3,0,128,0.25,,,,,,,,,,,,,,,,,,0.8953488372093024,0.8952172876435481,0.8967606874119239,0.8953488372093024,1.0,1.0,1.0,1.0,8.170743321263513e-05,7.0683372020721436,148393
1230,CNN,mfe,100,0.001,32,adam,1e-5,3,32,3,1,32,0.0,,,,,,,,,,,,,,,,,,0.8732558139534884,0.8742766725967633,0.8771732222565674,0.8732558139534884,1.0,1.0,1.0,1.0,9.298490923504496e-05,7.793867588043213,163930
1231,CNN,mfe,100,0.001,32,adam,1e-5,3,32,3,1,32,0.25,,,,,,,,,,,,,,,,,,0.8872093023255814,0.8873759620182736,0.8898276762732397,0.8872093023255814,1.0,1.0,1.0,1.0,9.269520293834597e-05,7.784049034118652,163895
1232,CNN,mfe,100,0.001,32,adam,1e-5,3,32,3,1,64,0.0,,,,,,,,,,,,,,,,,,0.8744186046511628,0.875008551522242,0.8768941310197614,0.8744186046511628,1.0,1.0,1.0,1.0,9.30406326471373e-05,7.941054821014404,184400
1233,CNN,mfe,100,0.001,32,adam,1e-5,3,32,3,1,64,0.25,,,,,,,,,,,,,,,,,,0.9174418604651163,0.9180145959454907,0.91952088841648,0.9174418604651163,1.0,1.0,1.0,1.0,9.285766024922215e-05,7.871523857116699,184347
1234,CNN,mfe,100,0.001,32,adam,1e-5,3,32,3,1,128,0.0,,,,,,,,,,,,,,,,,,0.891860465116279,0.8920543605814903,0.894773652510639,0.891860465116279,0.9860302677532014,0.9860913075220638,0.986764825681956,0.9860302677532014,9.436413299205691e-05,7.904992580413818,225099
1235,CNN,mfe,100,0.001,32,adam,1e-5,3,32,3,1,128,0.25,,,,,,,,,,,,,,,,,,0.8941860465116279,0.894267924871813,0.8952221279057742,0.8941860465116279,1.0,1.0,1.0,1.0,9.370460066684457e-05,7.635026931762695,225031
1236,CNN,mfe,100,0.001,32,adam,1e-5,3,32,3,2,32,0.0,,,,,,,,,,,,,,,,,,0.8697674418604651,0.870260616368229,0.8723627373025533,0.8697674418604651,1.0,1.0,1.0,1.0,0.0001045174376909123,8.447284460067749,179453
1237,CNN,mfe,100,0.001,32,adam,1e-5,3,32,3,2,32,0.25,,,,,,,,,,,,,,,,,,0.8651162790697674,0.8658049612239274,0.867852518532816,0.8651162790697674,0.9988358556461001,0.9988358785642718,0.9988409067464601,0.9988358556461001,0.00010352217873861624,8.256242990493774,179520
1238,CNN,mfe,100,0.001,32,adam,1e-5,3,32,3,2,64,0.0,,,,,,,,,,,,,,,,,,0.8930232558139535,0.8932927196867811,0.8948864526337459,0.8930232558139535,0.9997089639115251,0.9997089754007104,0.9997099996271424,0.9997089639115251,0.0001030894212944563,8.811330556869507,243641
1239,CNN,mfe,100,0.001,32,adam,1e-5,3,32,3,2,64,0.25,,,,,,,,,,,,,,,,,,0.8639534883720931,0.862379183338217,0.8649264844254653,0.8639534883720931,0.9959254947613504,0.9959117726097917,0.9960173168004536,0.9959254947613504,0.00010387647983639739,8.755723476409912,243775
1240,CNN,mfe,100,0.001,32,adam,1e-5,3,32,3,2,128,0.0,,,,,,,,,,,,,,,,,,0.8988372093023256,0.8989111521365437,0.9002315875093865,0.8988372093023256,1.0,1.0,1.0,1.0,0.00010570842166279638,8.525055646896362,459089
1241,CNN,mfe,100,0.001,32,adam,1e-5,3,32,3,2,128,0.25,,,,,,,,,,,,,,,,,,0.9116279069767442,0.911249021429124,0.9120344852167418,0.9116279069767442,1.0,1.0,1.0,1.0,0.00010414483935333961,8.36286449432373,459207
1242,CNN,mfe,100,0.001,32,adam,1e-5,3,32,5,0,32,0.0,,,,,,,,,,,,,,,,,,0.9674418604651163,0.9675489919319452,0.9681155087962716,0.9674418604651163,1.0,1.0,1.0,1.0,5.837845247845317e-05,6.08311653137207,83732
1243,CNN,mfe,100,0.001,32,adam,1e-5,3,32,5,0,32,0.25,,,,,,,,,,,,,,,,,,0.958139534883721,0.9583570533864111,0.9590663308036863,0.958139534883721,1.0,1.0,1.0,1.0,5.707657614419627e-05,6.453151702880859,83735
1244,CNN,mfe,100,0.001,32,adam,1e-5,3,32,5,0,64,0.0,,,,,,,,,,,,,,,,,,0.9686046511627907,0.9686070578927232,0.9687734842913975,0.9686046511627907,1.0,1.0,1.0,1.0,5.6843979414119276e-05,6.3564863204956055,83738
1245,CNN,mfe,100,0.001,32,adam,1e-5,3,32,5,0,64,0.25,,,,,,,,,,,,,,,,,,0.9627906976744186,0.9628306697355945,0.9629694595405826,0.9627906976744186,1.0,1.0,1.0,1.0,5.6872256966524346e-05,6.000868082046509,83753
1246,CNN,mfe,100,0.001,32,adam,1e-5,3,32,5,0,128,0.0,,,,,,,,,,,,,,,,,,0.9686046511627907,0.9687586619859282,0.9693404069295705,0.9686046511627907,1.0,1.0,1.0,1.0,5.674694859704306e-05,6.2196080684661865,83762
1247,CNN,mfe,100,0.001,32,adam,1e-5,3,32,5,0,128,0.25,,,,,,,,,,,,,,,,,,0.9709302325581395,0.9710505050387858,0.9713667464666479,0.9709302325581395,1.0,1.0,1.0,1.0,6.0464615045591845e-05,6.115880012512207,83741
1248,CNN,mfe,100,0.001,32,adam,1e-5,3,32,5,1,32,0.0,,,,,,,,,,,,,,,,,,0.9523255813953488,0.9524184233735488,0.952893451422479,0.9523255813953488,1.0,1.0,1.0,1.0,6.914443747941837e-05,6.809979677200317,198345
1249,CNN,mfe,100,0.001,32,adam,1e-5,3,32,5,1,32,0.25,,,,,,,,,,,,,,,,,,0.9604651162790697,0.9606689023696363,0.9618002457454619,0.9604651162790697,0.9997089639115251,0.9997089754007104,0.9997099996271424,0.9997089639115251,6.808735603509947e-05,6.8590052127838135,198559
1250,CNN,mfe,100,0.001,32,adam,1e-5,3,32,5,1,64,0.0,,,,,,,,,,,,,,,,,,0.9523255813953488,0.9525871780175978,0.9535651305441656,0.9523255813953488,1.0,1.0,1.0,1.0,6.94136286890784e-05,6.810310125350952,378256
1251,CNN,mfe,100,0.001,32,adam,1e-5,3,32,5,1,64,0.25,,,,,,,,,,,,,,,,,,0.9720930232558139,0.9721611673985745,0.972463719742212,0.9720930232558139,1.0,1.0,1.0,1.0,6.926198338353357e-05,6.9319775104522705,377816
1252,CNN,mfe,100,0.001,32,adam,1e-5,3,32,5,1,128,0.0,,,,,,,,,,,,,,,,,,0.9662790697674418,0.9665395887914937,0.9672350280968215,0.9662790697674418,1.0,1.0,1.0,1.0,6.907817929290061e-05,7.198197841644287,736757
1253,CNN,mfe,100,0.001,32,adam,1e-5,3,32,5,1,128,0.25,,,,,,,,,,,,,,,,,,0.9627906976744186,0.9630103726322548,0.9635156050348,0.9627906976744186,1.0,1.0,1.0,1.0,6.803856339565543e-05,7.23521089553833,736589
1254,CNN,mfe,100,0.001,32,adam,1e-5,3,32,5,2,32,0.0,,,,,,,,,,,,,,,,,,0.9569767441860465,0.9569438703738461,0.9573957658671337,0.9569767441860465,1.0,1.0,1.0,1.0,7.93820203736771e-05,7.589094638824463,214223
1255,CNN,mfe,100,0.001,32,adam,1e-5,3,32,5,2,32,0.25,,,,,,,,,,,,,,,,,,0.9488372093023256,0.9489383189935072,0.9492496940846011,0.9488372093023256,1.0,1.0,1.0,1.0,7.850957471270894e-05,7.381692409515381,214103
1256,CNN,mfe,100,0.001,32,adam,1e-5,3,32,5,2,64,0.0,,,,,,,,,,,,,,,,,,0.963953488372093,0.9640126692253498,0.9645891764734146,0.963953488372093,1.0,1.0,1.0,1.0,7.964566696521847e-05,7.7228028774261475,437692
1257,CNN,mfe,100,0.001,32,adam,1e-5,3,32,5,2,64,0.25,,,,,,,,,,,,,,,,,,0.9593023255813954,0.9594623893241284,0.9603278888728735,0.9593023255813954,1.0,1.0,1.0,1.0,8.037866548050281e-05,7.397067546844482,437522
1258,CNN,mfe,100,0.001,32,adam,1e-5,3,32,5,2,128,0.0,,,,,,,,,,,,,,,,,,0.9616279069767442,0.9618385967607657,0.9627213565423508,0.9616279069767442,1.0,1.0,1.0,1.0,7.922150367914244e-05,7.614731550216675,971262
1259,CNN,mfe,100,0.001,32,adam,1e-5,3,32,5,2,128,0.25,,,,,,,,,,,,,,,,,,0.9546511627906977,0.9548099982384981,0.9556602025139008,0.9546511627906977,1.0,1.0,1.0,1.0,7.989656093508698e-05,7.6532533168792725,971035
1260,CNN,mfe,100,0.001,32,adam,1e-5,3,64,3,0,32,0.0,,,,,,,,,,,,,,,,,,0.9244186046511628,0.9249193621516043,0.9262820734509088,0.9244186046511628,1.0,1.0,1.0,1.0,8.113079292829647e-05,7.279961585998535,550005
1261,CNN,mfe,100,0.001,32,adam,1e-5,3,64,3,0,32,0.25,,,,,,,,,,,,,,,,,,0.9151162790697674,0.9161091154660225,0.9218773979430472,0.9151162790697674,0.9982537834691502,0.9982516593874109,0.998264043754318,0.9982537834691502,8.289758549180142e-05,7.824895143508911,549958
1262,CNN,mfe,100,0.001,32,adam,1e-5,3,64,3,0,64,0.0,,,,,,,,,,,,,,,,,,0.9267441860465117,0.9268659743594116,0.9281331172580445,0.9267441860465117,1.0,1.0,1.0,1.0,8.06536785391874e-05,7.404515981674194,549884
1263,CNN,mfe,100,0.001,32,adam,1e-5,3,64,3,0,64,0.25,,,,,,,,,,,,,,,,,,0.922093023255814,0.9221342769485665,0.923481628770512,0.922093023255814,1.0,1.0,1.0,1.0,8.170771044354106e-05,7.5059239864349365,549858
1264,CNN,mfe,100,0.001,32,adam,1e-5,3,64,3,0,128,0.0,,,,,,,,,,,,,,,,,,0.9337209302325581,0.9336971688631972,0.9343244818197204,0.9337209302325581,1.0,1.0,1.0,1.0,8.122227912725404e-05,7.335508584976196,549692
1265,CNN,mfe,100,0.001,32,adam,1e-5,3,64,3,0,128,0.25,,,,,,,,,,,,,,,,,,0.9104651162790698,0.9106161808700698,0.9116226531842374,0.9104651162790698,1.0,1.0,1.0,1.0,8.210331894630609e-05,7.41380763053894,550143
1266,CNN,mfe,100,0.001,32,adam,1e-5,3,64,3,1,32,0.0,,,,,,,,,,,,,,,,,,0.9186046511627907,0.9189944367410179,0.9204428412389104,0.9186046511627907,1.0,1.0,1.0,1.0,9.338938912679983e-05,7.87115478515625,574729
1267,CNN,mfe,100,0.001,32,adam,1e-5,3,64,3,1,32,0.25,,,,,,,,,,,,,,,,,,0.9255813953488372,0.9257828397484988,0.9264829790980462,0.9255813953488372,1.0,1.0,1.0,1.0,9.291476981584415e-05,8.108972787857056,574070
1268,CNN,mfe,100,0.001,32,adam,1e-5,3,64,3,1,64,0.0,,,,,,,,,,,,,,,,,,0.9174418604651163,0.9174718689053679,0.918380523339646,0.9174418604651163,1.0,1.0,1.0,1.0,9.495796159256337e-05,7.935225963592529,609229
1269,CNN,mfe,100,0.001,32,adam,1e-5,3,64,3,1,64,0.25,,,,,,,,,,,,,,,,,,0.9302325581395349,0.9302976837980127,0.931155897513559,0.9302325581395349,1.0,1.0,1.0,1.0,9.393109831699106e-05,7.8224005699157715,608944
1270,CNN,mfe,100,0.001,32,adam,1e-5,3,64,3,1,128,0.0,,,,,,,,,,,,,,,,,,0.9325581395348838,0.9330284677685626,0.935232332177868,0.9325581395348838,1.0,1.0,1.0,1.0,9.304035541623138e-05,8.155035972595215,679319
1271,CNN,mfe,100,0.001,32,adam,1e-5,3,64,3,1,128,0.25,,,,,,,,,,,,,,,,,,0.9255813953488372,0.9255108787289132,0.9260086795090219,0.9255813953488372,1.0,1.0,1.0,1.0,9.627175885577535e-05,8.161959886550903,679231
1272,CNN,mfe,100,0.001,32,adam,1e-5,3,64,3,2,32,0.0,,,,,,,,,,,,,,,,,,0.877906976744186,0.8794566336294486,0.8834006551668382,0.877906976744186,0.9991268917345751,0.9991273588910292,0.9991317658380159,0.9991268917345751,0.00010503641394681709,8.8798668384552,590280
1273,CNN,mfe,100,0.001,32,adam,1e-5,3,64,3,2,32,0.25,,,,,,,,,,,,,,,,,,0.8988372093023256,0.8986564314099791,0.8993910854305441,0.8988372093023256,1.0,1.0,1.0,1.0,0.00010805573574332303,9.375246524810791,590097
1274,CNN,mfe,100,0.001,32,adam,1e-5,3,64,3,2,64,0.0,,,,,,,,,,,,,,,,,,0.9162790697674419,0.9168841040271566,0.9188381251530547,0.9162790697674419,1.0,1.0,1.0,1.0,0.0001033636026604231,8.694257020950317,668923
1275,CNN,mfe,100,0.001,32,adam,1e-5,3,64,3,2,64,0.25,,,,,,,,,,,,,,,,,,0.8988372093023256,0.8986654912149482,0.9025263090460544,0.8988372093023256,0.9997089639115251,0.9997089531951544,0.9997099606104581,0.9997089639115251,0.00010601753412291061,8.604847192764282,668874
1276,CNN,mfe,100,0.001,32,adam,1e-5,3,64,3,2,128,0.0,,,,,,,,,,,,,,,,,,0.9348837209302325,0.9349506476091549,0.9358245231623177,0.9348837209302325,1.0,1.0,1.0,1.0,0.00010544532953306685,8.698044538497925,913834
1277,CNN,mfe,100,0.001,32,adam,1e-5,3,64,3,2,128,0.25,,,,,,,,,,,,,,,,,,0.9313953488372093,0.9311291231649008,0.9321882122892619,0.9313953488372093,1.0,1.0,1.0,1.0,0.00010502560194148574,8.804152488708496,913793
1278,CNN,mfe,100,0.001,32,adam,1e-5,3,64,5,0,32,0.0,,,,,,,,,,,,,,,,,,0.9720930232558139,0.9722094105726249,0.9726388765764216,0.9720930232558139,1.0,1.0,1.0,1.0,5.403563033702762e-05,6.351801872253418,160692
1279,CNN,mfe,100,0.001,32,adam,1e-5,3,64,5,0,32,0.25,,,,,,,,,,,,,,,,,,0.9709302325581395,0.9709231574448274,0.9713404912508001,0.9709302325581395,1.0,1.0,1.0,1.0,5.3962718608767485e-05,6.397254467010498,160695
1280,CNN,mfe,100,0.001,32,adam,1e-5,3,64,5,0,64,0.0,,,,,,,,,,,,,,,,,,0.977906976744186,0.9779772607628855,0.9783033097616097,0.977906976744186,1.0,1.0,1.0,1.0,5.464526109917219e-05,6.645799398422241,160664
1281,CNN,mfe,100,0.001,32,adam,1e-5,3,64,5,0,64,0.25,,,,,,,,,,,,,,,,,,0.9697674418604652,0.9699117231881159,0.9704208829659845,0.9697674418604652,1.0,1.0,1.0,1.0,5.405503650044286e-05,6.351682186126709,160654
1282,CNN,mfe,100,0.001,32,adam,1e-5,3,64,5,0,128,0.0,,,,,,,,,,,,,,,,,,0.9709302325581395,0.9709049902326573,0.9710703854359294,0.9709302325581395,1.0,1.0,1.0,1.0,5.48382138097009e-05,6.318798065185547,160654
1283,CNN,mfe,100,0.001,32,adam,1e-5,3,64,5,0,128,0.25,,,,,,,,,,,,,,,,,,0.9697674418604652,0.9698322201951814,0.9702637292497266,0.9697674418604652,1.0,1.0,1.0,1.0,5.4208345191423284e-05,5.9935362339019775,160646
1284,CNN,mfe,100,0.001,32,adam,1e-5,3,64,5,1,32,0.0,,,,,,,,,,,,,,,,,,0.9546511627906977,0.9549344333853362,0.955697143928152,0.9546511627906977,0.9985448195576252,0.9985444112611774,0.9985481498780456,0.9985448195576252,6.544645442519076e-05,7.116670846939087,384786
1285,CNN,mfe,100,0.001,32,adam,1e-5,3,64,5,1,32,0.25,,,,,,,,,,,,,,,,,,0.963953488372093,0.9639646118536285,0.9644011180998214,0.963953488372093,1.0,1.0,1.0,1.0,6.526708602905273e-05,7.276940584182739,384411
1286,CNN,mfe,100,0.001,32,adam,1e-5,3,64,5,1,64,0.0,,,,,,,,,,,,,,,,,,0.9627906976744186,0.9628477228629685,0.9632952065098902,0.9627906976744186,1.0,1.0,1.0,1.0,6.632222685703012e-05,7.310513496398926,737636
1287,CNN,mfe,100,0.001,32,adam,1e-5,3,64,5,1,64,0.25,,,,,,,,,,,,,,,,,,0.9686046511627907,0.9687487318018858,0.9695841193837369,0.9686046511627907,0.9994179278230501,0.9994179665686866,0.9994220414073395,0.9994179278230501,6.676191507383834e-05,7.457095146179199,737833
1288,CNN,mfe,100,0.001,32,adam,1e-5,3,64,5,1,128,0.0,,,,,,,,,,,,,,,,,,0.9686046511627907,0.9687077381789189,0.9692606552965816,0.9686046511627907,1.0,1.0,1.0,1.0,6.482240765593773e-05,7.558774948120117,1443672
1289,CNN,mfe,100,0.001,32,adam,1e-5,3,64,5,1,128,0.25,,,,,,,,,,,,,,,,,,0.9662790697674418,0.9662948131579602,0.967037455859768,0.9662790697674418,1.0,1.0,1.0,1.0,6.522882816403411e-05,7.589433908462524,1446137
1290,CNN,mfe,100,0.001,32,adam,1e-5,3,64,5,2,32,0.0,,,,,,,,,,,,,,,,,,0.9662790697674418,0.9662290311957571,0.9665749580641846,0.9662790697674418,0.9997089639115251,0.9997089656123913,0.9997099606104581,0.9997089639115251,7.597402084705442e-05,7.868408441543579,400263
1291,CNN,mfe,100,0.001,32,adam,1e-5,3,64,5,2,32,0.25,,,,,,,,,,,,,,,,,,0.9662790697674418,0.9663197760477696,0.9665606495716655,0.9662790697674418,1.0,1.0,1.0,1.0,7.595960483994595e-05,7.785748481750488,399808
1292,CNN,mfe,100,0.001,32,adam,1e-5,3,64,5,2,64,0.0,,,,,,,,,,,,,,,,,,0.9604651162790697,0.9606308017987077,0.9611497551656505,0.9604651162790697,1.0,1.0,1.0,1.0,7.682816926823105e-05,8.086481809616089,797025
1293,CNN,mfe,100,0.001,32,adam,1e-5,3,64,5,2,64,0.25,,,,,,,,,,,,,,,,,,0.9395348837209302,0.9400725856914224,0.9436110675350361,0.9395348837209302,0.9889406286379511,0.9889226905676731,0.9892720369139397,0.9889406286379511,8.188458376152571e-05,8.145251035690308,798324
1294,CNN,mfe,100,0.001,32,adam,1e-5,3,64,5,2,128,0.0,,,,,,,,,,,,,,,,,,0.9720930232558139,0.9720828917648247,0.9724164093966687,0.9720930232558139,1.0,1.0,1.0,1.0,7.582930631415789e-05,8.175028324127197,1679798
1295,CNN,mfe,100,0.001,32,adam,1e-5,3,64,5,2,128,0.25,,,,,,,,,,,,,,,,,,0.9662790697674418,0.9664176358041096,0.9670077858517486,0.9662790697674418,1.0,1.0,1.0,1.0,7.610653722008994e-05,8.307773351669312,1678933
1296,CNN,mfe,100,0.001,32,sgd,1e-5,1,16,3,0,32,0.0,,,,,,,,,,,,,,,,,,0.958139534883721,0.9581266101573314,0.9584521172838987,0.958139534883721,1.0,1.0,1.0,1.0,5.547085473703784e-05,6.038033723831177,63324
1297,CNN,mfe,100,0.001,32,sgd,1e-5,1,16,3,0,32,0.25,,,,,,,,,,,,,,,,,,0.9616279069767442,0.9614445843488559,0.9617695901253328,0.9616279069767442,0.9979627473806753,0.9979628648325856,0.9979801303430377,0.9979627473806753,5.345205928004065e-05,6.435014486312866,63339
1298,CNN,mfe,100,0.001,32,sgd,1e-5,1,16,3,0,64,0.0,,,,,,,,,,,,,,,,,,0.9662790697674418,0.9662628739588037,0.9664552464211831,0.9662790697674418,1.0,1.0,1.0,1.0,5.36513883014058e-05,6.1913251876831055,63324
1299,CNN,mfe,100,0.001,32,sgd,1e-5,1,16,3,0,64,0.25,,,,,,,,,,,,,,,,,,0.9662790697674418,0.9664035511662122,0.9670076171809814,0.9662790697674418,0.9988358556461001,0.9988329062897686,0.9988399980149564,0.9988358556461001,5.43347624845283e-05,6.554396152496338,63340
1300,CNN,mfe,100,0.001,32,sgd,1e-5,1,16,3,0,128,0.0,,,,,,,,,,,,,,,,,,0.9709302325581395,0.9710483273774945,0.9714225569089368,0.9709302325581395,1.0,1.0,1.0,1.0,5.350029745767283e-05,6.559086799621582,63378
1301,CNN,mfe,100,0.001,32,sgd,1e-5,1,16,3,0,128,0.25,,,,,,,,,,,,,,,,,,0.9674418604651163,0.9675939965149644,0.9681007388084896,0.9674418604651163,1.0,1.0,1.0,1.0,5.3395504175230515e-05,6.420036554336548,63363
1302,CNN,mfe,100,0.001,32,sgd,1e-5,1,16,3,1,32,0.0,,,,,,,,,,,,,,,,,,0.9674418604651163,0.9675678603536075,0.9680959458729661,0.9674418604651163,1.0,1.0,1.0,1.0,6.615588831347088e-05,6.674813508987427,160022
1303,CNN,mfe,100,0.001,32,sgd,1e-5,1,16,3,1,32,0.25,,,,,,,,,,,,,,,,,,0.9604651162790697,0.9604200146244457,0.9610435734485681,0.9604651162790697,0.9991268917345751,0.9991268404396222,0.9991318458339473,0.9991268917345751,6.640567335971567e-05,6.7419493198394775,160203
1304,CNN,mfe,100,0.001,32,sgd,1e-5,1,16,3,1,64,0.0,,,,,,,,,,,,,,,,,,0.9593023255813954,0.9592545013371467,0.9595976898777865,0.9593023255813954,1.0,1.0,1.0,1.0,6.696152132610942e-05,6.725575685501099,310500
1305,CNN,mfe,100,0.001,32,sgd,1e-5,1,16,3,1,64,0.25,,,,,,,,,,,,,,,,,,0.9627906976744186,0.9629255662119213,0.9633221212173493,0.9627906976744186,1.0,1.0,1.0,1.0,6.750378497811251e-05,6.7241692543029785,310609
1306,CNN,mfe,100,0.001,32,sgd,1e-5,1,16,3,1,128,0.0,,,,,,,,,,,,,,,,,,0.9604651162790697,0.9605766212025485,0.960957917547852,0.9604651162790697,1.0,1.0,1.0,1.0,6.555041601491529e-05,7.365948677062988,611167
1307,CNN,mfe,100,0.001,32,sgd,1e-5,1,16,3,1,128,0.25,,,,,,,,,,,,,,,,,,0.963953488372093,0.9639030969583572,0.9640360837078641,0.963953488372093,1.0,1.0,1.0,1.0,6.538823593494503e-05,7.3472349643707275,611453
1308,CNN,mfe,100,0.001,32,sgd,1e-5,1,16,3,2,32,0.0,,,,,,,,,,,,,,,,,,0.9534883720930233,0.9536557244943025,0.9542220700461274,0.9534883720930233,1.0,1.0,1.0,1.0,7.658947345822356e-05,7.755285739898682,175552
1309,CNN,mfe,100,0.001,32,sgd,1e-5,1,16,3,2,32,0.25,,,,,,,,,,,,,,,,,,0.9476744186046512,0.9475860207404116,0.9481701560828318,0.9476744186046512,1.0,1.0,1.0,1.0,7.646998693776685e-05,7.551822185516357,175351
1310,CNN,mfe,100,0.001,32,sgd,1e-5,1,16,3,2,64,0.0,,,,,,,,,,,,,,,,,,0.9558139534883721,0.9558694480906943,0.9567116439070816,0.9558139534883721,1.0,1.0,1.0,1.0,7.724706516709439e-05,7.515188932418823,369876
1311,CNN,mfe,100,0.001,32,sgd,1e-5,1,16,3,2,64,0.25,,,,,,,,,,,,,,,,,,0.8674418604651163,0.8702732217858257,0.8898816360345976,0.8674418604651163,0.8931897555296857,0.8953094449925333,0.9118465685094377,0.8931897555296857,7.727977841399437e-05,7.434884071350098,370122
1312,CNN,mfe,100,0.001,32,sgd,1e-5,1,16,3,2,128,0.0,,,,,,,,,,,,,,,,,,0.9674418604651163,0.9674476958423971,0.9678850380308383,0.9674418604651163,1.0,1.0,1.0,1.0,7.704829060754111e-05,7.641939640045166,845987
1313,CNN,mfe,100,0.001,32,sgd,1e-5,1,16,3,2,128,0.25,,,,,,,,,,,,,,,,,,0.9709302325581395,0.9710403919627969,0.9713546146247415,0.9709302325581395,1.0,1.0,1.0,1.0,7.673779199289722e-05,7.55590558052063,846143
1314,CNN,mfe,100,0.001,32,sgd,1e-5,1,16,5,0,32,0.0,,,,,,,,,,,,,,,,,,0.9511627906976744,0.9514251702218629,0.952327505467949,0.9511627906976744,1.0,1.0,1.0,1.0,5.632888439089753e-05,6.056658983230591,45247
1315,CNN,mfe,100,0.001,32,sgd,1e-5,1,16,5,0,32,0.25,,,,,,,,,,,,,,,,,,0.9511627906976744,0.9514395456726494,0.9522060312147795,0.9511627906976744,0.9988358556461001,0.9988339012649181,0.998843957006489,0.9988358556461001,5.682152371073878e-05,5.938766956329346,45248
1316,CNN,mfe,100,0.001,32,sgd,1e-5,1,16,5,0,64,0.0,,,,,,,,,,,,,,,,,,0.9523255813953488,0.9524261273133189,0.9527970458442231,0.9523255813953488,1.0,1.0,1.0,1.0,5.699562471966411e-05,6.425067186355591,45284
1317,CNN,mfe,100,0.001,32,sgd,1e-5,1,16,5,0,64,0.25,,,,,,,,,,,,,,,,,,0.9430232558139535,0.9429503302407357,0.9445666665526978,0.9430232558139535,0.9924330616996507,0.9924723763818325,0.9927232484566989,0.9924330616996507,5.696540655091751e-05,5.880849599838257,45260
1318,CNN,mfe,100,0.001,32,sgd,1e-5,1,16,5,0,128,0.0,,,,,,,,,,,,,,,,,,0.9488372093023256,0.9488305149219967,0.9499054683961264,0.9488372093023256,1.0,1.0,1.0,1.0,5.618805109068405e-05,5.8261048793792725,45269
1319,CNN,mfe,100,0.001,32,sgd,1e-5,1,16,5,0,128,0.25,,,,,,,,,,,,,,,,,,0.9523255813953488,0.952358063312553,0.9526676201342273,0.9523255813953488,1.0,1.0,1.0,1.0,5.6442549062329666e-05,6.501642227172852,45260
1320,CNN,mfe,100,0.001,32,sgd,1e-5,1,16,5,1,32,0.0,,,,,,,,,,,,,,,,,,0.9441860465116279,0.9445461895389332,0.9474344394212831,0.9441860465116279,0.9950523864959255,0.9950286998314835,0.9951542264917157,0.9950523864959255,7.302899693333826e-05,6.740561485290527,105905
1321,CNN,mfe,100,0.001,32,sgd,1e-5,1,16,5,1,32,0.25,,,,,,,,,,,,,,,,,,0.9558139534883721,0.9560255690671255,0.956735133838351,0.9558139534883721,1.0,1.0,1.0,1.0,6.94144603817962e-05,7.135385751724243,105920
1322,CNN,mfe,100,0.001,32,sgd,1e-5,1,16,5,1,64,0.0,,,,,,,,,,,,,,,,,,0.9372093023255814,0.9371588800019236,0.9375467942478036,0.9372093023255814,1.0,1.0,1.0,1.0,6.928000339241915e-05,6.759001731872559,198580
1323,CNN,mfe,100,0.001,32,sgd,1e-5,1,16,5,1,64,0.25,,,,,,,,,,,,,,,,,,0.9511627906976744,0.951176565577379,0.9516226720891073,0.9511627906976744,1.0,1.0,1.0,1.0,6.877793822177621e-05,7.220419883728027,198452
1324,CNN,mfe,100,0.001,32,sgd,1e-5,1,16,5,1,128,0.0,,,,,,,,,,,,,,,,,,0.9558139534883721,0.9557735952223906,0.9561931099347033,0.9558139534883721,1.0,1.0,1.0,1.0,6.963208664295285e-05,6.740919351577759,383494
1325,CNN,mfe,100,0.001,32,sgd,1e-5,1,16,5,1,128,0.25,,,,,,,,,,,,,,,,,,0.9558139534883721,0.9558556114506748,0.9563491497542292,0.9558139534883721,0.9997089639115251,0.9997089515805696,0.9997099504745367,0.9997089639115251,6.820407024649686e-05,7.183139085769653,384000
1326,CNN,mfe,100,0.001,32,sgd,1e-5,1,16,5,2,32,0.0,,,,,,,,,,,,,,,,,,0.9511627906976744,0.9510449471985181,0.952231947837389,0.9511627906976744,0.9988358556461001,0.9988358207407443,0.9988388127396236,0.9988358556461001,7.827198782632517e-05,7.649008750915527,121368
1327,CNN,mfe,100,0.001,32,sgd,1e-5,1,16,5,2,32,0.25,,,,,,,,,,,,,,,,,,0.9465116279069767,0.9467945741473912,0.9475624941990584,0.9465116279069767,1.0,1.0,1.0,1.0,7.95325567555982e-05,7.164662837982178,121266
1328,CNN,mfe,100,0.001,32,sgd,1e-5,1,16,5,2,64,0.0,,,,,,,,,,,,,,,,,,0.95,0.9500133789196019,0.950547488770803,0.95,1.0,1.0,1.0,1.0,7.943635763123978e-05,7.434627056121826,257677
1329,CNN,mfe,100,0.001,32,sgd,1e-5,1,16,5,2,64,0.25,,,,,,,,,,,,,,,,,,0.95,0.9501289360355086,0.950473194123648,0.95,1.0,1.0,1.0,1.0,8.180113725884016e-05,7.562276601791382,257618
1330,CNN,mfe,100,0.001,32,sgd,1e-5,1,16,5,2,128,0.0,,,,,,,,,,,,,,,,,,0.9511627906976744,0.9512562775611395,0.9518380279838806,0.9511627906976744,1.0,1.0,1.0,1.0,7.93914462244788e-05,7.323436498641968,617286
1331,CNN,mfe,100,0.001,32,sgd,1e-5,1,16,5,2,128,0.25,,,,,,,,,,,,,,,,,,0.9511627906976744,0.9514963654623602,0.9531772776299946,0.9511627906976744,1.0,1.0,1.0,1.0,8.114687232084052e-05,7.603140592575073,618089
1332,CNN,mfe,100,0.001,32,sgd,1e-5,1,32,3,0,32,0.0,,,,,,,,,,,,,,,,,,0.9732558139534884,0.9732448985068906,0.9735123028528807,0.9732558139534884,1.0,1.0,1.0,1.0,5.3554080253423647e-05,5.92219090461731,119889
1333,CNN,mfe,100,0.001,32,sgd,1e-5,1,32,3,0,32,0.25,,,,,,,,,,,,,,,,,,0.9720930232558139,0.9721248218235089,0.9725095405303501,0.9720930232558139,1.0,1.0,1.0,1.0,5.464470663736033e-05,6.06362247467041,119935
1334,CNN,mfe,100,0.001,32,sgd,1e-5,1,32,3,0,64,0.0,,,,,,,,,,,,,,,,,,0.9593023255813954,0.9596734820521324,0.9631155611188367,0.9593023255813954,0.9860302677532014,0.9858390607838274,0.9871388753978833,0.9860302677532014,5.391059919845226e-05,6.188196182250977,119869
1335,CNN,mfe,100,0.001,32,sgd,1e-5,1,32,3,0,64,0.25,,,,,,,,,,,,,,,,,,0.9720930232558139,0.9720646923026884,0.9730004032020242,0.9720930232558139,1.0,1.0,1.0,1.0,5.3311780441639034e-05,6.467979907989502,119878
1336,CNN,mfe,100,0.001,32,sgd,1e-5,1,32,3,0,128,0.0,,,,,,,,,,,,,,,,,,0.9720930232558139,0.9721277101812538,0.9726822073332706,0.9720930232558139,1.0,1.0,1.0,1.0,5.3593447042066e-05,6.347342014312744,119962
1337,CNN,mfe,100,0.001,32,sgd,1e-5,1,32,3,0,128,0.25,,,,,,,,,,,,,,,,,,0.9662790697674418,0.9663705362177055,0.9666653820112879,0.9662790697674418,1.0,1.0,1.0,1.0,5.3738716036774394e-05,6.312032699584961,119917
1338,CNN,mfe,100,0.001,32,sgd,1e-5,1,32,3,1,32,0.0,,,,,,,,,,,,,,,,,,0.9651162790697675,0.9651390414289521,0.9655861222518072,0.9651162790697675,0.9997089639115251,0.9997089656123913,0.9997099606104581,0.9997089639115251,6.62174335745878e-05,6.899795293807983,307121
1339,CNN,mfe,100,0.001,32,sgd,1e-5,1,32,3,1,32,0.25,,,,,,,,,,,,,,,,,,0.9697674418604652,0.9698386542754717,0.9700992828985556,0.9697674418604652,1.0,1.0,1.0,1.0,6.544035534526027e-05,7.033261299133301,307039
1340,CNN,mfe,100,0.001,32,sgd,1e-5,1,32,3,1,64,0.0,,,,,,,,,,,,,,,,,,0.9686046511627907,0.9687764173991802,0.9691525421265698,0.9686046511627907,1.0,1.0,1.0,1.0,6.665462671324264e-05,6.924746513366699,602788
1341,CNN,mfe,100,0.001,32,sgd,1e-5,1,32,3,1,64,0.25,,,,,,,,,,,,,,,,,,0.963953488372093,0.9641324375500943,0.9647097187743658,0.963953488372093,0.9991268917345751,0.999125794821496,0.999131860370307,0.9991268917345751,6.730778272761854e-05,7.042590618133545,602538
1342,CNN,mfe,100,0.001,32,sgd,1e-5,1,32,3,1,128,0.0,,,,,,,,,,,,,,,,,,0.9662790697674418,0.966363667055984,0.9669567157003962,0.9662790697674418,1.0,1.0,1.0,1.0,6.613731384277343e-05,7.611539363861084,1192333
1343,CNN,mfe,100,0.001,32,sgd,1e-5,1,32,3,1,128,0.25,,,,,,,,,,,,,,,,,,0.9732558139534884,0.9732720604928838,0.9737170882454778,0.9732558139534884,1.0,1.0,1.0,1.0,6.71378401822822e-05,7.556797742843628,1193066
1344,CNN,mfe,100,0.001,32,sgd,1e-5,1,32,3,2,32,0.0,,,,,,,,,,,,,,,,,,0.9651162790697675,0.9650146182128289,0.9652948898921514,0.9651162790697675,1.0,1.0,1.0,1.0,7.584871247757312e-05,7.732179641723633,322662
1345,CNN,mfe,100,0.001,32,sgd,1e-5,1,32,3,2,32,0.25,,,,,,,,,,,,,,,,,,0.9406976744186046,0.9411471275630293,0.9437585232327198,0.9406976744186046,0.9915599534342259,0.9916025797327794,0.9918306339430708,0.9915599534342259,7.562831390735715e-05,7.21218729019165,323195
1346,CNN,mfe,100,0.001,32,sgd,1e-5,1,32,3,2,64,0.0,,,,,,,,,,,,,,,,,,0.9593023255813954,0.959339491121655,0.9601144740716121,0.9593023255813954,1.0,1.0,1.0,1.0,7.70871029343716e-05,7.762487173080444,662130
1347,CNN,mfe,100,0.001,32,sgd,1e-5,1,32,3,2,64,0.25,,,,,,,,,,,,,,,,,,0.9651162790697675,0.9651701278808665,0.9659637360638232,0.9651162790697675,1.0,1.0,1.0,1.0,7.716999497524528e-05,7.53870964050293,662330
1348,CNN,mfe,100,0.001,32,sgd,1e-5,1,32,3,2,128,0.0,,,,,,,,,,,,,,,,,,0.9697674418604652,0.9697485792939802,0.970184105120929,0.9697674418604652,1.0,1.0,1.0,1.0,7.597790207973747e-05,7.882414102554321,1428049
1349,CNN,mfe,100,0.001,32,sgd,1e-5,1,32,3,2,128,0.25,,,,,,,,,,,,,,,,,,0.9593023255813954,0.9593073871537867,0.9599789508673904,0.9593023255813954,1.0,1.0,1.0,1.0,7.696567579757336e-05,8.062848329544067,1428746
1350,CNN,mfe,100,0.001,32,sgd,1e-5,1,32,5,0,32,0.0,,,,,,,,,,,,,,,,,,0.9406976744186046,0.9408572714514941,0.9446774938976682,0.9406976744186046,0.9912689173457508,0.9912856673137225,0.9914484554092359,0.9912689173457508,5.6280923444171285e-05,6.238785266876221,83687
1351,CNN,mfe,100,0.001,32,sgd,1e-5,1,32,5,0,32,0.25,,,,,,,,,,,,,,,,,,0.9686046511627907,0.9687543202395436,0.9693849629940071,0.9686046511627907,1.0,1.0,1.0,1.0,5.7311667952426647e-05,6.318298816680908,83791
1352,CNN,mfe,100,0.001,32,sgd,1e-5,1,32,5,0,64,0.0,,,,,,,,,,,,,,,,,,0.9616279069767442,0.9614566064178259,0.9618694549899658,0.9616279069767442,1.0,1.0,1.0,1.0,5.701641703760901e-05,6.39316201210022,83745
1353,CNN,mfe,100,0.001,32,sgd,1e-5,1,32,5,0,64,0.25,,,,,,,,,,,,,,,,,,0.9709302325581395,0.9710845971904095,0.971692014198275,0.9709302325581395,1.0,1.0,1.0,1.0,5.7166953419530114e-05,6.454705715179443,83728
1354,CNN,mfe,100,0.001,32,sgd,1e-5,1,32,5,0,128,0.0,,,,,,,,,,,,,,,,,,0.9523255813953488,0.9520666866078489,0.9539870834400154,0.9523255813953488,0.9988358556461001,0.9988357603850593,0.9988514817448102,0.9988358556461001,5.64497570658839e-05,6.019518852233887,83658
1355,CNN,mfe,100,0.001,32,sgd,1e-5,1,32,5,0,128,0.25,,,,,,,,,,,,,,,,,,0.9674418604651163,0.9673967635507569,0.96763344360561,0.9674418604651163,1.0,1.0,1.0,1.0,5.764240442320358e-05,6.472645282745361,83727
1356,CNN,mfe,100,0.001,32,sgd,1e-5,1,32,5,1,32,0.0,,,,,,,,,,,,,,,,,,0.958139534883721,0.9581065139691008,0.9585349103040459,0.958139534883721,0.9997089639115251,0.9997089605096732,0.9997099504745367,0.9997089639115251,6.849571715953738e-05,6.9974870681762695,198590
1357,CNN,mfe,100,0.001,32,sgd,1e-5,1,32,5,1,32,0.25,,,,,,,,,,,,,,,,,,0.9418604651162791,0.9421615071618266,0.9429506224337342,0.9418604651162791,1.0,1.0,1.0,1.0,6.909148637638535e-05,6.876643657684326,198386
1358,CNN,mfe,100,0.001,32,sgd,1e-5,1,32,5,1,64,0.0,,,,,,,,,,,,,,,,,,0.9604651162790697,0.9605792837333436,0.9608750789009907,0.9604651162790697,1.0,1.0,1.0,1.0,6.917326949363532e-05,7.233630895614624,378222
1359,CNN,mfe,100,0.001,32,sgd,1e-5,1,32,5,1,64,0.25,,,,,,,,,,,,,,,,,,0.9593023255813954,0.9593855403547106,0.9599373633090101,0.9593023255813954,1.0,1.0,1.0,1.0,6.831884384155274e-05,7.206131219863892,378280
1360,CNN,mfe,100,0.001,32,sgd,1e-5,1,32,5,1,128,0.0,,,,,,,,,,,,,,,,,,0.9697674418604652,0.9699207349732224,0.9705382903086416,0.9697674418604652,1.0,1.0,1.0,1.0,6.806046463722406e-05,7.219653606414795,736938
1361,CNN,mfe,100,0.001,32,sgd,1e-5,1,32,5,1,128,0.25,,,,,,,,,,,,,,,,,,0.9604651162790697,0.960474281429254,0.9606709395208901,0.9604651162790697,1.0,1.0,1.0,1.0,6.826090258221294e-05,7.256749153137207,736383
1362,CNN,mfe,100,0.001,32,sgd,1e-5,1,32,5,2,32,0.0,,,,,,,,,,,,,,,,,,0.9523255813953488,0.952350985982564,0.9527592996012626,0.9523255813953488,1.0,1.0,1.0,1.0,7.885749949965366e-05,7.506015062332153,214147
1363,CNN,mfe,100,0.001,32,sgd,1e-5,1,32,5,2,32,0.25,,,,,,,,,,,,,,,,,,0.95,0.9500794683999888,0.9511256030327854,0.95,1.0,1.0,1.0,1.0,7.818881855454556e-05,7.23995041847229,214035
1364,CNN,mfe,100,0.001,32,sgd,1e-5,1,32,5,2,64,0.0,,,,,,,,,,,,,,,,,,0.9593023255813954,0.9593082946842134,0.9595545349858793,0.9593023255813954,1.0,1.0,1.0,1.0,8.595294730607853e-05,7.940769195556641,437235
1365,CNN,mfe,100,0.001,32,sgd,1e-5,1,32,5,2,64,0.25,,,,,,,,,,,,,,,,,,0.95,0.9499222506445922,0.9501138447650442,0.95,1.0,1.0,1.0,1.0,8.031462514123251e-05,7.457144737243652,437457
1366,CNN,mfe,100,0.001,32,sgd,1e-5,1,32,5,2,128,0.0,,,,,,,,,,,,,,,,,,0.9674418604651163,0.9674024598991524,0.9680597549507073,0.9674418604651163,1.0,1.0,1.0,1.0,7.91164331657942e-05,8.13091254234314,971076
1367,CNN,mfe,100,0.001,32,sgd,1e-5,1,32,5,2,128,0.25,,,,,,,,,,,,,,,,,,0.9616279069767442,0.9617808594726317,0.9626143828773894,0.9616279069767442,1.0,1.0,1.0,1.0,7.956416107887445e-05,7.924808025360107,971730
1368,CNN,mfe,100,0.001,32,sgd,1e-5,1,64,3,0,32,0.0,,,,,,,,,,,,,,,,,,0.9720930232558139,0.9722990664192143,0.9732499927222993,0.9720930232558139,1.0,1.0,1.0,1.0,5.5933553119038426e-05,6.440283298492432,232998
1369,CNN,mfe,100,0.001,32,sgd,1e-5,1,64,3,0,32,0.25,,,,,,,,,,,,,,,,,,0.9546511627906977,0.9541145750772826,0.956438822689057,0.9546511627906977,0.9863213038416764,0.9860633079489554,0.9868356232534189,0.9863213038416764,5.50536222236101e-05,6.431547164916992,232825
1370,CNN,mfe,100,0.001,32,sgd,1e-5,1,64,3,0,64,0.0,,,,,,,,,,,,,,,,,,0.9732558139534884,0.9732673861285561,0.97396574516119,0.9732558139534884,0.9997089639115251,0.9997089531951544,0.9997099606104581,0.9997089639115251,5.5396279623342116e-05,6.006243705749512,232970
1371,CNN,mfe,100,0.001,32,sgd,1e-5,1,64,3,0,64,0.25,,,,,,,,,,,,,,,,,,0.9744186046511628,0.9744770582185671,0.9747152828618838,0.9744186046511628,1.0,1.0,1.0,1.0,5.592385003733081e-05,5.943905353546143,232979
1372,CNN,mfe,100,0.001,32,sgd,1e-5,1,64,3,0,128,0.0,,,,,,,,,,,,,,,,,,0.977906976744186,0.9780291107265774,0.9784351640929666,0.977906976744186,1.0,1.0,1.0,1.0,5.4788589477539065e-05,6.439439058303833,232960
1373,CNN,mfe,100,0.001,32,sgd,1e-5,1,64,3,0,128,0.25,,,,,,,,,,,,,,,,,,0.9755813953488373,0.9756362948047892,0.9760417373404919,0.9755813953488373,1.0,1.0,1.0,1.0,5.594963251158249e-05,6.644667863845825,232948
1374,CNN,mfe,100,0.001,32,sgd,1e-5,1,64,3,1,32,0.0,,,,,,,,,,,,,,,,,,0.9744186046511628,0.9744838906042588,0.974957720168823,0.9744186046511628,0.9965075669383003,0.9965150064712711,0.9965537735599821,0.9965075669383003,6.63765641145928e-05,7.32693338394165,602217
1375,CNN,mfe,100,0.001,32,sgd,1e-5,1,64,3,1,32,0.25,,,,,,,,,,,,,,,,,,0.9558139534883721,0.9562956004370634,0.9581269955049184,0.9558139534883721,0.9935972060535506,0.9936031307003975,0.9936740431983707,0.9935972060535506,6.571924963662791e-05,7.327073812484741,602071
1376,CNN,mfe,100,0.001,32,sgd,1e-5,1,64,3,1,64,0.0,,,,,,,,,,,,,,,,,,0.9709302325581395,0.9712242599348216,0.9723504774599165,0.9709302325581395,0.9994179278230501,0.9994179162301806,0.9994189635386674,0.9994179278230501,6.735158521075582e-05,7.352851152420044,1188078
1377,CNN,mfe,100,0.001,32,sgd,1e-5,1,64,3,1,64,0.25,,,,,,,,,,,,,,,,,,0.9616279069767442,0.9616664533801135,0.9620597824099021,0.9616279069767442,0.9988358556461001,0.9988353107315538,0.9988398981688476,0.9988358556461001,6.68212424877078e-05,7.803776741027832,1188458
1378,CNN,mfe,100,0.001,32,sgd,1e-5,1,64,3,1,128,0.0,,,,,,,,,,,,,,,,,,0.9697674418604652,0.9697108802387107,0.9700379828351013,0.9697674418604652,1.0,1.0,1.0,1.0,6.574142810910247e-05,7.705639839172363,2357789
1379,CNN,mfe,100,0.001,32,sgd,1e-5,1,64,3,1,128,0.25,,,,,,,,,,,,,,,,,,0.9651162790697675,0.96518206564257,0.9657074601801798,0.9651162790697675,1.0,1.0,1.0,1.0,6.598261899726335e-05,7.25174880027771,2358060
1380,CNN,mfe,100,0.001,32,sgd,1e-5,1,64,3,2,32,0.0,,,,,,,,,,,,,,,,,,0.9651162790697675,0.9650271224638766,0.9655209005888246,0.9651162790697675,0.9997089639115251,0.9997089754007104,0.9997099996271424,0.9997089639115251,7.690690284551575e-05,7.900106430053711,616539
1381,CNN,mfe,100,0.001,32,sgd,1e-5,1,64,3,2,32,0.25,,,,,,,,,,,,,,,,,,0.9674418604651163,0.9674498306255984,0.9676590777763717,0.9674418604651163,1.0,1.0,1.0,1.0,7.71156577176826e-05,7.777777671813965,616516
1382,CNN,mfe,100,0.001,32,sgd,1e-5,1,64,3,2,64,0.0,,,,,,,,,,,,,,,,,,0.9732558139534884,0.9733984538328555,0.974026228153147,0.9732558139534884,1.0,1.0,1.0,1.0,7.79634298280228e-05,8.058265447616577,1247031
1383,CNN,mfe,100,0.001,32,sgd,1e-5,1,64,3,2,64,0.25,,,,,,,,,,,,,,,,,,0.9697674418604652,0.9699059434316842,0.9702970892835064,0.9697674418604652,1.0,1.0,1.0,1.0,7.776520973028139e-05,7.817520618438721,1247707
1384,CNN,mfe,100,0.001,32,sgd,1e-5,1,64,3,2,128,0.0,,,,,,,,,,,,,,,,,,0.9709302325581395,0.9711037427373758,0.9718879423577952,0.9709302325581395,1.0,1.0,1.0,1.0,7.625873698744663e-05,8.194106817245483,2594904
1385,CNN,mfe,100,0.001,32,sgd,1e-5,1,64,3,2,128,0.25,,,,,,,,,,,,,,,,,,0.9662790697674418,0.9663809476073816,0.9667679977380184,0.9662790697674418,1.0,1.0,1.0,1.0,7.675442584725314e-05,8.109619379043579,2594608
1386,CNN,mfe,100,0.001,32,sgd,1e-5,1,64,5,0,32,0.0,,,,,,,,,,,,,,,,,,0.9709302325581395,0.9709938326507668,0.9715080867972637,0.9709302325581395,1.0,1.0,1.0,1.0,5.410077959992165e-05,6.198158025741577,160721
1387,CNN,mfe,100,0.001,32,sgd,1e-5,1,64,5,0,32,0.25,,,,,,,,,,,,,,,,,,0.9720930232558139,0.9721226200066453,0.9723527652153711,0.9720930232558139,1.0,1.0,1.0,1.0,5.505639453266942e-05,6.057597637176514,160568
1388,CNN,mfe,100,0.001,32,sgd,1e-5,1,64,5,0,64,0.0,,,,,,,,,,,,,,,,,,0.9720930232558139,0.9721352603639399,0.9725261385974011,0.9720930232558139,1.0,1.0,1.0,1.0,5.395107491071834e-05,6.0033323764801025,160646
1389,CNN,mfe,100,0.001,32,sgd,1e-5,1,64,5,0,64,0.25,,,,,,,,,,,,,,,,,,0.9709302325581395,0.9710854247033085,0.9718976236515773,0.9709302325581395,1.0,1.0,1.0,1.0,5.4449536079584166e-05,6.063522577285767,160650
1390,CNN,mfe,100,0.001,32,sgd,1e-5,1,64,5,0,128,0.0,,,,,,,,,,,,,,,,,,0.9662790697674418,0.9664440754162245,0.9671444414045509,0.9662790697674418,1.0,1.0,1.0,1.0,5.403147187343864e-05,6.302745580673218,160682
1391,CNN,mfe,100,0.001,32,sgd,1e-5,1,64,5,0,128,0.25,,,,,,,,,,,,,,,,,,0.9697674418604652,0.9697905030538441,0.9700048429678844,0.9697674418604652,1.0,1.0,1.0,1.0,5.417119625002839e-05,6.2277138233184814,160682
1392,CNN,mfe,100,0.001,32,sgd,1e-5,1,64,5,1,32,0.0,,,,,,,,,,,,,,,,,,0.977906976744186,0.9779162963464585,0.9781580452418034,0.977906976744186,1.0,1.0,1.0,1.0,6.609406582144803e-05,7.051602602005005,384067
1393,CNN,mfe,100,0.001,32,sgd,1e-5,1,64,5,1,32,0.25,,,,,,,,,,,,,,,,,,0.9627906976744186,0.9631839589129815,0.9646259348621855,0.9627906976744186,1.0,1.0,1.0,1.0,6.605359010918196e-05,7.002342462539673,383926
1394,CNN,mfe,100,0.001,32,sgd,1e-5,1,64,5,1,64,0.0,,,,,,,,,,,,,,,,,,0.9662790697674418,0.9663234776060428,0.9672960714092737,0.9662790697674418,1.0,1.0,1.0,1.0,6.703249243802802e-05,7.16573429107666,736856
1395,CNN,mfe,100,0.001,32,sgd,1e-5,1,64,5,1,64,0.25,,,,,,,,,,,,,,,,,,0.9744186046511628,0.9743855593162889,0.9746435141308362,0.9744186046511628,1.0,1.0,1.0,1.0,7.72861547248308e-05,7.226041078567505,737910
1396,CNN,mfe,100,0.001,32,sgd,1e-5,1,64,5,1,128,0.0,,,,,,,,,,,,,,,,,,0.9627906976744186,0.9630644038357694,0.9638049231094604,0.9627906976744186,1.0,1.0,1.0,1.0,6.532974021379337e-05,7.5739147663116455,1445976
1397,CNN,mfe,100,0.001,32,sgd,1e-5,1,64,5,1,128,0.25,,,,,,,,,,,,,,,,,,0.9686046511627907,0.968586545952374,0.9690345939515591,0.9686046511627907,1.0,1.0,1.0,1.0,6.578190382136855e-05,7.72033429145813,1444938
1398,CNN,mfe,100,0.001,32,sgd,1e-5,1,64,5,2,32,0.0,,,,,,,,,,,,,,,,,,0.963953488372093,0.9637112882732053,0.9639411046964539,0.963953488372093,1.0,1.0,1.0,1.0,7.807376772858376e-05,7.289719581604004,399215
1399,CNN,mfe,100,0.001,32,sgd,1e-5,1,64,5,2,32,0.25,,,,,,,,,,,,,,,,,,0.9616279069767442,0.9619562697576929,0.9628702046282173,0.9616279069767442,1.0,1.0,1.0,1.0,7.703969644945722e-05,7.410519123077393,399516
1400,CNN,mfe,100,0.001,32,sgd,1e-5,1,64,5,2,64,0.0,,,,,,,,,,,,,,,,,,0.9627906976744186,0.9629182890645149,0.9632703329896861,0.9627906976744186,1.0,1.0,1.0,1.0,7.788136947986692e-05,7.71213698387146,796792
1401,CNN,mfe,100,0.001,32,sgd,1e-5,1,64,5,2,64,0.25,,,,,,,,,,,,,,,,,,0.9662790697674418,0.9662534802893873,0.9666382257927004,0.9662790697674418,1.0,1.0,1.0,1.0,7.735906645309093e-05,7.898298501968384,797293
1402,CNN,mfe,100,0.001,32,sgd,1e-5,1,64,5,2,128,0.0,,,,,,,,,,,,,,,,,,0.9697674418604652,0.969715275733283,0.9700327623903214,0.9697674418604652,1.0,1.0,1.0,1.0,7.621493450430937e-05,8.136250019073486,1679734
1403,CNN,mfe,100,0.001,32,sgd,1e-5,1,64,5,2,128,0.25,,,,,,,,,,,,,,,,,,0.9662790697674418,0.9663775683661373,0.9669008478294898,0.9662790697674418,1.0,1.0,1.0,1.0,7.691826931265898e-05,7.762714624404907,1679610
1404,CNN,mfe,100,0.001,32,sgd,1e-5,2,16,3,0,32,0.0,,,,,,,,,,,,,,,,,,0.85,0.8503403475002828,0.8523791789997112,0.85,0.9551804423748544,0.9548257459903424,0.9560249205326095,0.9551804423748544,8.106425751087277e-05,6.967804908752441,45576
1405,CNN,mfe,100,0.001,32,sgd,1e-5,2,16,3,0,32,0.25,,,,,,,,,,,,,,,,,,0.8662790697674418,0.866645678478878,0.8707701687667605,0.8662790697674418,0.9659487776484285,0.9661640563361104,0.9687814226219614,0.9659487776484285,8.132263671520144e-05,7.045551538467407,45553
1406,CNN,mfe,100,0.001,32,sgd,1e-5,2,16,3,0,64,0.0,,,,,,,,,,,,,,,,,,0.8372093023255814,0.8372299229662405,0.8434093371567276,0.8372093023255814,0.9621653084982538,0.9620047123159492,0.9629646355356224,0.9621653084982538,8.119206095850745e-05,7.524454593658447,45575
1407,CNN,mfe,100,0.001,32,sgd,1e-5,2,16,3,0,64,0.25,,,,,,,,,,,,,,,,,,0.8441860465116279,0.8425596003645959,0.845459820340136,0.8441860465116279,0.9435389988358557,0.9428210312229997,0.944848068285857,0.9435389988358557,8.14424004665641e-05,7.509522438049316,45573
1408,CNN,mfe,100,0.001,32,sgd,1e-5,2,16,3,0,128,0.0,,,,,,,,,,,,,,,,,,0.8174418604651162,0.817671590366141,0.819430639553494,0.8174418604651162,0.9534342258440046,0.9531751340736673,0.9533302777019395,0.9534342258440046,8.097027623376181e-05,7.524227619171143,45637
1409,CNN,mfe,100,0.001,32,sgd,1e-5,2,16,3,0,128,0.25,,,,,,,,,,,,,,,,,,0.8162790697674419,0.81653143827724,0.818614267038433,0.8162790697674419,0.9513969732246799,0.951199919168849,0.9518062117157123,0.9513969732246799,8.042163627092228e-05,7.552067995071411,45588
1410,CNN,mfe,100,0.001,32,sgd,1e-5,2,16,3,1,32,0.0,,,,,,,,,,,,,,,,,,0.8523255813953489,0.8526152832069472,0.8541992167966013,0.8523255813953489,0.9950523864959255,0.9950655092432397,0.9950924587879896,0.9950523864959255,9.31911690290584e-05,7.751086235046387,56556
1411,CNN,mfe,100,0.001,32,sgd,1e-5,2,16,3,1,32,0.25,,,,,,,,,,,,,,,,,,0.8383720930232558,0.8385586332144257,0.8418513321308579,0.8383720930232558,0.9775902211874272,0.977564366026797,0.9779956486239701,0.9775902211874272,9.388258290845294e-05,7.907920598983765,56649
1412,CNN,mfe,100,0.001,32,sgd,1e-5,2,16,3,1,64,0.0,,,,,,,,,,,,,,,,,,0.8813953488372093,0.8811673236604881,0.8828204235987963,0.8813953488372093,0.9962165308498254,0.9962357291601792,0.9963360901683695,0.9962165308498254,9.277948113374932e-05,7.9603564739227295,69705
1413,CNN,mfe,100,0.001,32,sgd,1e-5,2,16,3,1,64,0.25,,,,,,,,,,,,,,,,,,0.8639534883720931,0.8644546610687466,0.8658089846025111,0.8639534883720931,0.9982537834691502,0.9982538120354476,0.9982618658385118,0.9982537834691502,9.66632088949514e-05,7.970763683319092,69682
1414,CNN,mfe,100,0.001,32,sgd,1e-5,2,16,3,1,128,0.0,,,,,,,,,,,,,,,,,,0.8674418604651163,0.8665825016751293,0.8678603821340425,0.8674418604651163,0.9953434225844005,0.9953439444722919,0.9953795772845133,0.9953434225844005,9.413791257281636e-05,7.989585638046265,95922
1415,CNN,mfe,100,0.001,32,sgd,1e-5,2,16,3,1,128,0.25,,,,,,,,,,,,,,,,,,0.8593023255813953,0.8599769850655719,0.8647625767442144,0.8593023255813953,0.9941792782305006,0.9941972804678317,0.9943073348196342,0.9941792782305006,9.389062260472498e-05,8.069324970245361,95916
1416,CNN,mfe,100,0.001,32,sgd,1e-5,2,16,3,2,32,0.0,,,,,,,,,,,,,,,,,,0.8127906976744186,0.8134567071281704,0.816690556800951,0.8127906976744186,0.9860302677532014,0.98602994220172,0.986159033131303,0.9860302677532014,0.00010306807451469954,8.443640947341919,72068
1417,CNN,mfe,100,0.001,32,sgd,1e-5,2,16,3,2,32,0.25,,,,,,,,,,,,,,,,,,0.8593023255813953,0.8598431264091558,0.8626935557497662,0.8593023255813953,0.9956344586728755,0.9956354470509683,0.995653638921224,0.9956344586728755,0.00010455458663230719,8.239256381988525,72028
1418,CNN,mfe,100,0.001,32,sgd,1e-5,2,16,3,2,64,0.0,,,,,,,,,,,,,,,,,,0.858139534883721,0.8583956888529454,0.8633349502136496,0.858139534883721,0.9886495925494762,0.9886464185882227,0.9889792587004761,0.9886495925494762,0.00010277836821800055,8.530200958251953,129017
1419,CNN,mfe,100,0.001,32,sgd,1e-5,2,16,3,2,64,0.25,,,,,,,,,,,,,,,,,,0.8186046511627907,0.8203731673502387,0.8274301701073045,0.8186046511627907,0.9828288707799767,0.9828270018614543,0.9835966893886418,0.9828288707799767,0.00010252691978632017,8.781132698059082,128966
1420,CNN,mfe,100,0.001,32,sgd,1e-5,2,16,3,2,128,0.0,,,,,,,,,,,,,,,,,,0.8465116279069768,0.8467586104781182,0.8482504948876496,0.8465116279069768,1.0,1.0,1.0,1.0,0.00010469985562701558,8.688124656677246,329727
1421,CNN,mfe,100,0.001,32,sgd,1e-5,2,16,3,2,128,0.25,,,,,,,,,,,,,,,,,,0.8639534883720931,0.8633493125070298,0.8641581717306841,0.8639534883720931,1.0,1.0,1.0,1.0,0.00010507300842640012,8.396204948425293,329698
1422,CNN,mfe,100,0.001,32,sgd,1e-5,2,16,5,0,32,0.0,,,,,,,,,,,,,,,,,,0.9523255813953488,0.9523655994464837,0.9527255531174827,0.9523255813953488,1.0,1.0,1.0,1.0,5.631945854009584e-05,5.871573209762573,45233
1423,CNN,mfe,100,0.001,32,sgd,1e-5,2,16,5,0,32,0.25,,,,,,,,,,,,,,,,,,0.9476744186046512,0.9479839445973436,0.9485982082588819,0.9476744186046512,1.0,1.0,1.0,1.0,5.699590195057004e-05,6.243591547012329,45263
1424,CNN,mfe,100,0.001,32,sgd,1e-5,2,16,5,0,64,0.0,,,,,,,,,,,,,,,,,,0.9534883720930233,0.9533955807443492,0.9534991649056894,0.9534883720930233,1.0,1.0,1.0,1.0,6.10135322393373e-05,5.906087875366211,45243
1425,CNN,mfe,100,0.001,32,sgd,1e-5,2,16,5,0,64,0.25,,,,,,,,,,,,,,,,,,0.9488372093023256,0.9488983054775223,0.9492364095717766,0.9488372093023256,0.9997089639115251,0.9997089754007104,0.9997099996271424,0.9997089639115251,5.646500476571017e-05,6.237844705581665,45250
1426,CNN,mfe,100,0.001,32,sgd,1e-5,2,16,5,0,128,0.0,,,,,,,,,,,,,,,,,,0.9476744186046512,0.9476290718425159,0.9477267432298399,0.9476744186046512,0.9994179278230501,0.999417931224753,0.9994219010119713,0.9994179278230501,5.645946014759152e-05,6.363484144210815,45280
1427,CNN,mfe,100,0.001,32,sgd,1e-5,2,16,5,0,128,0.25,,,,,,,,,,,,,,,,,,0.9593023255813954,0.9592685385805149,0.96052546404402,0.9593023255813954,1.0,1.0,1.0,1.0,5.676330522049305e-05,6.321999549865723,45289
1428,CNN,mfe,100,0.001,32,sgd,1e-5,2,16,5,1,32,0.0,,,,,,,,,,,,,,,,,,0.9558139534883721,0.9557524085956982,0.9561427498926582,0.9558139534883721,0.9994179278230501,0.999417452385268,0.9994199955815344,0.9994179278230501,6.902522818986759e-05,7.196603298187256,105921
1429,CNN,mfe,100,0.001,32,sgd,1e-5,2,16,5,1,32,0.25,,,,,,,,,,,,,,,,,,0.9569767441860465,0.9570316642912147,0.9577809079596908,0.9569767441860465,1.0,1.0,1.0,1.0,6.856668827145599e-05,7.019031047821045,105694
1430,CNN,mfe,100,0.001,32,sgd,1e-5,2,16,5,1,64,0.0,,,,,,,,,,,,,,,,,,0.9453488372093023,0.9461033004028291,0.9480905853866971,0.9453488372093023,1.0,1.0,1.0,1.0,6.82622887367426e-05,6.8635170459747314,198599
1431,CNN,mfe,100,0.001,32,sgd,1e-5,2,16,5,1,64,0.25,,,,,,,,,,,,,,,,,,0.9488372093023256,0.9490333659931353,0.9505315356055968,0.9488372093023256,1.0,1.0,1.0,1.0,6.881037423777026e-05,6.773073434829712,198447
1432,CNN,mfe,100,0.001,32,sgd,1e-5,2,16,5,1,128,0.0,,,,,,,,,,,,,,,,,,0.9511627906976744,0.951287875603082,0.9519396864663758,0.9511627906976744,1.0,1.0,1.0,1.0,6.908261498739554e-05,6.752450466156006,383695
1433,CNN,mfe,100,0.001,32,sgd,1e-5,2,16,5,1,128,0.25,,,,,,,,,,,,,,,,,,0.9569767441860465,0.9570075888112325,0.9573042797352933,0.9569767441860465,1.0,1.0,1.0,1.0,6.824870442235193e-05,7.129760265350342,383302
1434,CNN,mfe,100,0.001,32,sgd,1e-5,2,16,5,2,32,0.0,,,,,,,,,,,,,,,,,,0.9290697674418604,0.9289086378563657,0.9309221123584513,0.9290697674418604,0.9973806752037253,0.9973801954457279,0.9973899911496888,0.9973806752037253,7.96830931375193e-05,7.3849101066589355,121371
1435,CNN,mfe,100,0.001,32,sgd,1e-5,2,16,5,2,32,0.25,,,,,,,,,,,,,,,,,,0.9418604651162791,0.9422004311937685,0.9436312019911159,0.9418604651162791,1.0,1.0,1.0,1.0,7.896839186202648e-05,7.254034996032715,121195
1436,CNN,mfe,100,0.001,32,sgd,1e-5,2,16,5,2,64,0.0,,,,,,,,,,,,,,,,,,0.9546511627906977,0.9544120645955793,0.9550359418055483,0.9546511627906977,1.0,1.0,1.0,1.0,8.044436920520871e-05,7.720169544219971,257746
1437,CNN,mfe,100,0.001,32,sgd,1e-5,2,16,5,2,64,0.25,,,,,,,,,,,,,,,,,,0.9441860465116279,0.9441078141009506,0.9444102055585347,0.9441860465116279,1.0,1.0,1.0,1.0,8.5175869076751e-05,7.452728986740112,257601
1438,CNN,mfe,100,0.001,32,sgd,1e-5,2,16,5,2,128,0.0,,,,,,,,,,,,,,,,,,0.9453488372093023,0.9453847613672299,0.9457194588055879,0.9453488372093023,0.9991268917345751,0.99912691593535,0.999129959864743,0.9991268917345751,7.958578508953715e-05,7.418835878372192,618128
1439,CNN,mfe,100,0.001,32,sgd,1e-5,2,16,5,2,128,0.25,,,,,,,,,,,,,,,,,,0.9453488372093023,0.945030695844846,0.9461245684695384,0.9453488372093023,1.0,1.0,1.0,1.0,7.916411688161451e-05,7.460789680480957,617767
1440,CNN,mfe,100,0.001,32,sgd,1e-5,2,32,3,0,32,0.0,,,,,,,,,,,,,,,,,,0.8813953488372093,0.8810107917930636,0.8821973939825867,0.8813953488372093,1.0,1.0,1.0,1.0,8.117071417875068e-05,7.4618377685546875,148436
1441,CNN,mfe,100,0.001,32,sgd,1e-5,2,32,3,0,32,0.25,,,,,,,,,,,,,,,,,,0.8837209302325582,0.8828363309904816,0.8844780814977917,0.8837209302325582,0.9976717112922002,0.9976727431363054,0.9976878827269997,0.9976717112922002,8.311465729114621e-05,6.989485263824463,148437
1442,CNN,mfe,100,0.001,32,sgd,1e-5,2,32,3,0,64,0.0,,,,,,,,,,,,,,,,,,0.891860465116279,0.8920435691116999,0.8937278410575936,0.891860465116279,1.0,1.0,1.0,1.0,8.185824682546217e-05,6.9432196617126465,148488
1443,CNN,mfe,100,0.001,32,sgd,1e-5,2,32,3,0,64,0.25,,,,,,,,,,,,,,,,,,0.9104651162790698,0.9109154513690642,0.913004957912586,0.9104651162790698,1.0,1.0,1.0,1.0,8.092647375062455e-05,7.440550327301025,148390
1444,CNN,mfe,100,0.001,32,sgd,1e-5,2,32,3,0,128,0.0,,,,,,,,,,,,,,,,,,0.8488372093023255,0.8478337837118187,0.865975709304355,0.8488372093023255,0.9618742724097789,0.9614868981891707,0.9649701629354576,0.9618742724097789,8.32485598187114e-05,7.084805488586426,148542
1445,CNN,mfe,100,0.001,32,sgd,1e-5,2,32,3,0,128,0.25,,,,,,,,,,,,,,,,,,0.8930232558139535,0.8935604790143238,0.8947886378878227,0.8930232558139535,1.0,1.0,1.0,1.0,8.228795472965684e-05,6.978262662887573,148447
1446,CNN,mfe,100,0.001,32,sgd,1e-5,2,32,3,1,32,0.0,,,,,,,,,,,,,,,,,,0.8906976744186047,0.8909509221284011,0.8950229962932877,0.8906976744186047,0.9924330616996507,0.9924624148540144,0.9926379923872691,0.9924330616996507,9.273041126339934e-05,7.823919773101807,164052
1447,CNN,mfe,100,0.001,32,sgd,1e-5,2,32,3,1,32,0.25,,,,,,,,,,,,,,,,,,0.8848837209302326,0.8859527516678105,0.8918819010558247,0.8848837209302326,0.9979627473806753,0.9979617976915885,0.9979680398152315,0.9979627473806753,9.380911671838095e-05,8.16039752960205,164058
1448,CNN,mfe,100,0.001,32,sgd,1e-5,2,32,3,1,64,0.0,,,,,,,,,,,,,,,,,,0.9069767441860465,0.9069844381210599,0.9090675197826751,0.9069767441860465,1.0,1.0,1.0,1.0,9.682400282039198e-05,7.729543924331665,184264
1449,CNN,mfe,100,0.001,32,sgd,1e-5,2,32,3,1,64,0.25,,,,,,,,,,,,,,,,,,0.8965116279069767,0.8972634870760925,0.8997469745622643,0.8965116279069767,1.0,1.0,1.0,1.0,9.409632793692656e-05,7.928213357925415,184184
1450,CNN,mfe,100,0.001,32,sgd,1e-5,2,32,3,1,128,0.0,,,,,,,,,,,,,,,,,,0.8941860465116279,0.894362871861097,0.8961442407054838,0.8941860465116279,1.0,1.0,1.0,1.0,9.330483370049055e-05,8.174857378005981,225102
1451,CNN,mfe,100,0.001,32,sgd,1e-5,2,32,3,1,128,0.25,,,,,,,,,,,,,,,,,,0.8813953488372093,0.8819912830884643,0.8842840850026294,0.8813953488372093,1.0,1.0,1.0,1.0,9.57003859586494e-05,7.794858455657959,225049
1452,CNN,mfe,100,0.001,32,sgd,1e-5,2,32,3,2,32,0.0,,,,,,,,,,,,,,,,,,0.8627906976744186,0.863824541223884,0.8692573082547715,0.8627906976744186,0.9921420256111758,0.992163275864938,0.9922710617432202,0.9921420256111758,0.00011195859243703444,8.446760177612305,179368
1453,CNN,mfe,100,0.001,32,sgd,1e-5,2,32,3,2,32,0.25,,,,,,,,,,,,,,,,,,0.8523255813953489,0.8519254499259481,0.8548674542928895,0.8523255813953489,0.9991268917345751,0.9991268883327232,0.9991278782975868,0.9991268917345751,0.00010394467863925668,8.292409896850586,179381
1454,CNN,mfe,100,0.001,32,sgd,1e-5,2,32,3,2,64,0.0,,,,,,,,,,,,,,,,,,0.8883720930232558,0.8883690769434636,0.8892994009548164,0.8883720930232558,1.0,1.0,1.0,1.0,0.00010259151458740235,8.372318029403687,243672
1455,CNN,mfe,100,0.001,32,sgd,1e-5,2,32,3,2,64,0.25,,,,,,,,,,,,,,,,,,0.8825581395348837,0.883441359306715,0.8872521284374312,0.8825581395348837,0.9991268917345751,0.9991273824517188,0.9991288648605986,0.9991268917345751,0.00010522132696107376,8.56506609916687,243885
1456,CNN,mfe,100,0.001,32,sgd,1e-5,2,32,3,2,128,0.0,,,,,,,,,,,,,,,,,,0.9081395348837209,0.9085094447260829,0.9098154089263848,0.9081395348837209,0.9997089639115251,0.9997089656123913,0.9997099606104581,0.9997089639115251,0.00010518306909605514,8.855729579925537,459128
1457,CNN,mfe,100,0.001,32,sgd,1e-5,2,32,3,2,128,0.25,,,,,,,,,,,,,,,,,,0.8930232558139535,0.8948549658998268,0.8992904880642661,0.8930232558139535,0.9985448195576252,0.9985431052723193,0.9985557474315183,0.9985448195576252,0.000104265712028326,8.756808042526245,459312
1458,CNN,mfe,100,0.001,32,sgd,1e-5,2,32,5,0,32,0.0,,,,,,,,,,,,,,,,,,0.9593023255813954,0.9595470724911086,0.9607454295702142,0.9593023255813954,1.0,1.0,1.0,1.0,5.7701177375261176e-05,5.998823642730713,83773
1459,CNN,mfe,100,0.001,32,sgd,1e-5,2,32,5,0,32,0.25,,,,,,,,,,,,,,,,,,0.9686046511627907,0.9686848745872988,0.9689324539709357,0.9686046511627907,1.0,1.0,1.0,1.0,5.679296892742778e-05,6.612540006637573,83739
1460,CNN,mfe,100,0.001,32,sgd,1e-5,2,32,5,0,64,0.0,,,,,,,,,,,,,,,,,,0.9651162790697675,0.9650978360573902,0.965758130022717,0.9651162790697675,1.0,1.0,1.0,1.0,5.8478810066400574e-05,6.098977327346802,83724
1461,CNN,mfe,100,0.001,32,sgd,1e-5,2,32,5,0,64,0.25,,,,,,,,,,,,,,,,,,0.9523255813953488,0.9518541325251848,0.9544612040485012,0.9523255813953488,0.9953434225844005,0.9953390999412686,0.9954009278387991,0.9953434225844005,5.776854448540266e-05,6.188853740692139,83692
1462,CNN,mfe,100,0.001,32,sgd,1e-5,2,32,5,0,128,0.0,,,,,,,,,,,,,,,,,,0.958139534883721,0.9581656724694874,0.9590407773428714,0.958139534883721,0.9950523864959255,0.9950663277566113,0.9951978758845247,0.9950523864959255,5.658837251884993e-05,6.283100605010986,83758
1463,CNN,mfe,100,0.001,32,sgd,1e-5,2,32,5,0,128,0.25,,,,,,,,,,,,,,,,,,0.9651162790697675,0.9651685983906352,0.9656249607682503,0.9651162790697675,1.0,1.0,1.0,1.0,5.661914514940838e-05,6.13870096206665,83774
1464,CNN,mfe,100,0.001,32,sgd,1e-5,2,32,5,1,32,0.0,,,,,,,,,,,,,,,,,,0.958139534883721,0.9581504139131046,0.9584802673023997,0.958139534883721,1.0,1.0,1.0,1.0,6.81741293086562e-05,7.176837921142578,198666
1465,CNN,mfe,100,0.001,32,sgd,1e-5,2,32,5,1,32,0.25,,,,,,,,,,,,,,,,,,0.9534883720930233,0.9536931204056858,0.9544316959140109,0.9534883720930233,1.0,1.0,1.0,1.0,6.887191949888717e-05,7.3108673095703125,198694
1466,CNN,mfe,100,0.001,32,sgd,1e-5,2,32,5,1,64,0.0,,,,,,,,,,,,,,,,,,0.9627906976744186,0.9627875764072827,0.9632028190445256,0.9627906976744186,1.0,1.0,1.0,1.0,6.871528403703556e-05,6.963086366653442,378345
1467,CNN,mfe,100,0.001,32,sgd,1e-5,2,32,5,1,64,0.25,,,,,,,,,,,,,,,,,,0.9593023255813954,0.9595763133556374,0.9602946219593013,0.9593023255813954,0.9997089639115251,0.9997089515805696,0.9997099504745367,0.9997089639115251,6.857500519863395e-05,7.115109205245972,378096
1468,CNN,mfe,100,0.001,32,sgd,1e-5,2,32,5,1,128,0.0,,,,,,,,,,,,,,,,,,0.9662790697674418,0.9664665468167445,0.9671945034238175,0.9662790697674418,1.0,1.0,1.0,1.0,6.855948026790175e-05,7.4166178703308105,736490
1469,CNN,mfe,100,0.001,32,sgd,1e-5,2,32,5,1,128,0.25,,,,,,,,,,,,,,,,,,0.9534883720930233,0.9535386412762467,0.9540838643296223,0.9534883720930233,1.0,1.0,1.0,1.0,6.886776103529819e-05,7.057736873626709,736765
1470,CNN,mfe,100,0.001,32,sgd,1e-5,2,32,5,2,32,0.0,,,,,,,,,,,,,,,,,,0.9453488372093023,0.9460490141958258,0.949574556734152,0.9453488372093023,0.9970896391152503,0.9970976500518626,0.9971354866453076,0.9970896391152503,7.847298023312591e-05,7.878528594970703,214089
1471,CNN,mfe,100,0.001,32,sgd,1e-5,2,32,5,2,32,0.25,,,,,,,,,,,,,,,,,,0.9523255813953488,0.9523664755288177,0.952701059532085,0.9523255813953488,1.0,1.0,1.0,1.0,7.924395938252294e-05,7.376102685928345,214156
1472,CNN,mfe,100,0.001,32,sgd,1e-5,2,32,5,2,64,0.0,,,,,,,,,,,,,,,,,,0.9627906976744186,0.9628486970495674,0.9632331585066258,0.9627906976744186,1.0,1.0,1.0,1.0,7.995367050170899e-05,7.596017599105835,437627
1473,CNN,mfe,100,0.001,32,sgd,1e-5,2,32,5,2,64,0.25,,,,,,,,,,,,,,,,,,0.9546511627906977,0.954686581051412,0.9552378006550198,0.9546511627906977,1.0,1.0,1.0,1.0,8.098413777905841e-05,7.455810546875,437703
1474,CNN,mfe,100,0.001,32,sgd,1e-5,2,32,5,2,128,0.0,,,,,,,,,,,,,,,,,,0.9511627906976744,0.9509073018960165,0.9510612351242291,0.9511627906976744,1.0,1.0,1.0,1.0,7.905183836471203e-05,7.703304052352905,971275
1475,CNN,mfe,100,0.001,32,sgd,1e-5,2,32,5,2,128,0.25,,,,,,,,,,,,,,,,,,0.9616279069767442,0.9616384647466486,0.9620175785440307,0.9616279069767442,1.0,1.0,1.0,1.0,7.938091145005337e-05,7.592524528503418,971641
1476,CNN,mfe,100,0.001,32,sgd,1e-5,2,64,3,0,32,0.0,,,,,,,,,,,,,,,,,,0.9151162790697674,0.9150800604711964,0.9154961993063465,0.9151162790697674,1.0,1.0,1.0,1.0,8.157408514688182e-05,7.235321283340454,549891
1477,CNN,mfe,100,0.001,32,sgd,1e-5,2,64,3,0,32,0.25,,,,,,,,,,,,,,,,,,0.9244186046511628,0.9251862849139495,0.9277993897586584,0.9244186046511628,1.0,1.0,1.0,1.0,8.137641951095226e-05,7.320894002914429,549809
1478,CNN,mfe,100,0.001,32,sgd,1e-5,2,64,3,0,64,0.0,,,,,,,,,,,,,,,,,,0.9279069767441861,0.9285484214892675,0.930132241135934,0.9279069767441861,1.0,1.0,1.0,1.0,8.163119471350382e-05,7.193867444992065,550149
1479,CNN,mfe,100,0.001,32,sgd,1e-5,2,64,3,0,64,0.25,,,,,,,,,,,,,,,,,,0.9244186046511628,0.9250464279390699,0.9268013053072407,0.9244186046511628,1.0,1.0,1.0,1.0,8.13126564025879e-05,7.6700825691223145,549720
1480,CNN,mfe,100,0.001,32,sgd,1e-5,2,64,3,0,128,0.0,,,,,,,,,,,,,,,,,,0.9232558139534883,0.923466146361901,0.9242732475914484,0.9232558139534883,1.0,1.0,1.0,1.0,8.096639500107876e-05,7.595563650131226,549640
1481,CNN,mfe,100,0.001,32,sgd,1e-5,2,64,3,0,128,0.25,,,,,,,,,,,,,,,,,,0.9255813953488372,0.925507213716903,0.9277391011822981,0.9255813953488372,0.9967986030267754,0.9967981798892867,0.9968781794695967,0.9967986030267754,8.161178855008858e-05,7.552261829376221,550213
1482,CNN,mfe,100,0.001,32,sgd,1e-5,2,64,3,1,32,0.0,,,,,,,,,,,,,,,,,,0.8988372093023256,0.8990824196106657,0.9018696270975866,0.8988372093023256,0.9997089639115251,0.9997089744988904,0.9997100418229639,0.9997089639115251,9.254217147827148e-05,7.974293231964111,574758
1483,CNN,mfe,100,0.001,32,sgd,1e-5,2,64,3,1,32,0.25,,,,,,,,,,,,,,,,,,0.9174418604651163,0.9178887031184441,0.9200298362226219,0.9174418604651163,0.9997089639115251,0.9997089656123913,0.9997099606104581,0.9997089639115251,9.619025296943132e-05,8.17204213142395,574454
1484,CNN,mfe,100,0.001,32,sgd,1e-5,2,64,3,1,64,0.0,,,,,,,,,,,,,,,,,,0.913953488372093,0.913866862251953,0.9152596528818929,0.913953488372093,1.0,1.0,1.0,1.0,9.498291237409725e-05,8.210504055023193,609271
1485,CNN,mfe,100,0.001,32,sgd,1e-5,2,64,3,1,64,0.25,,,,,,,,,,,,,,,,,,0.936046511627907,0.9364418782956289,0.9384503353426192,0.936046511627907,1.0,1.0,1.0,1.0,9.40223072850427e-05,8.26217794418335,609386
1486,CNN,mfe,100,0.001,32,sgd,1e-5,2,64,3,1,128,0.0,,,,,,,,,,,,,,,,,,0.9279069767441861,0.9280991493125589,0.9311025201803211,0.9279069767441861,0.9973806752037253,0.997382072502708,0.9974024712309508,0.9973806752037253,9.419807167940362e-05,7.907554388046265,679112
1487,CNN,mfe,100,0.001,32,sgd,1e-5,2,64,3,1,128,0.25,,,,,,,,,,,,,,,,,,0.913953488372093,0.9160601766822262,0.9274351571822987,0.913953488372093,0.9967986030267754,0.9968095879100327,0.9968962564528229,0.9967986030267754,9.455653124077375e-05,8.030437707901001,679038
1488,CNN,mfe,100,0.001,32,sgd,1e-5,2,64,3,2,32,0.0,,,,,,,,,,,,,,,,,,0.8860465116279069,0.8869867544877943,0.8930416648990211,0.8860465116279069,0.9979627473806753,0.9979641433830796,0.9979777443261068,0.9979627473806753,0.00010553875634836596,8.476480484008789,589921
1489,CNN,mfe,100,0.001,32,sgd,1e-5,2,64,3,2,32,0.25,,,,,,,,,,,,,,,,,,0.891860465116279,0.8919391654875136,0.895238244179185,0.891860465116279,0.9982537834691502,0.9982544502591618,0.9982683213324364,0.9982537834691502,0.00010441014933031658,8.94650387763977,589732
1490,CNN,mfe,100,0.001,32,sgd,1e-5,2,64,3,2,64,0.0,,,,,,,,,,,,,,,,,,0.9151162790697674,0.9151414735748847,0.9168057977408001,0.9151162790697674,0.9997089639115251,0.9997089754007104,0.9997099996271424,0.9997089639115251,0.00010622351668601812,8.56275749206543,669095
1491,CNN,mfe,100,0.001,32,sgd,1e-5,2,64,3,2,64,0.25,,,,,,,,,,,,,,,,,,0.913953488372093,0.9145041281804206,0.9162863156109673,0.913953488372093,1.0,1.0,1.0,1.0,0.00010348586148993914,8.888109922409058,668727
1492,CNN,mfe,100,0.001,32,sgd,1e-5,2,64,3,2,128,0.0,,,,,,,,,,,,,,,,,,0.9069767441860465,0.9073734811882905,0.9128901391304776,0.9069767441860465,0.9871944121071012,0.9871851818994399,0.9874857618841218,0.9871944121071012,0.00010485205539437228,8.588523149490356,913937
1493,CNN,mfe,100,0.001,32,sgd,1e-5,2,64,3,2,128,0.25,,,,,,,,,,,,,,,,,,0.9313953488372093,0.9310059489585845,0.934438948561334,0.9313953488372093,0.9967986030267754,0.996804724939992,0.9968547660429748,0.9967986030267754,0.00010529479315114575,8.808966398239136,913693
1494,CNN,mfe,100,0.001,32,sgd,1e-5,2,64,5,0,32,0.0,,,,,,,,,,,,,,,,,,0.9686046511627907,0.9687268175596881,0.9690974163258285,0.9686046511627907,1.0,1.0,1.0,1.0,5.445175392683162e-05,6.633942604064941,160649
1495,CNN,mfe,100,0.001,32,sgd,1e-5,2,64,5,0,32,0.25,,,,,,,,,,,,,,,,,,0.9686046511627907,0.968612543160258,0.9690165737770589,0.9686046511627907,1.0,1.0,1.0,1.0,5.397519399953443e-05,6.456932544708252,160738
1496,CNN,mfe,100,0.001,32,sgd,1e-5,2,64,5,0,64,0.0,,,,,,,,,,,,,,,,,,0.9720930232558139,0.972122748510957,0.972721244428566,0.9720930232558139,1.0,1.0,1.0,1.0,5.465912264446879e-05,5.957597255706787,160731
1497,CNN,mfe,100,0.001,32,sgd,1e-5,2,64,5,0,64,0.25,,,,,,,,,,,,,,,,,,0.9674418604651163,0.9675700674045973,0.9681397894928562,0.9674418604651163,1.0,1.0,1.0,1.0,5.3896460422249724e-05,5.980216026306152,160668
1498,CNN,mfe,100,0.001,32,sgd,1e-5,2,64,5,0,128,0.0,,,,,,,,,,,,,,,,,,0.9744186046511628,0.9745014953913509,0.9748203544387501,0.9744186046511628,1.0,1.0,1.0,1.0,5.809567695440248e-05,6.634028434753418,160745
1499,CNN,mfe,100,0.001,32,sgd,1e-5,2,64,5,0,128,0.25,,,,,,,,,,,,,,,,,,0.9697674418604652,0.9698590651849727,0.9704250284905124,0.9697674418604652,1.0,1.0,1.0,1.0,5.4516071497007856e-05,6.3004279136657715,160688
1500,CNN,mfe,100,0.001,32,sgd,1e-5,2,64,5,1,32,0.0,,,,,,,,,,,,,,,,,,0.958139534883721,0.958281389013447,0.9588915332201043,0.958139534883721,0.9962165308498254,0.9962417282308516,0.9963412964439118,0.9962165308498254,6.480106087618096e-05,7.16336989402771,384738
1501,CNN,mfe,100,0.001,32,sgd,1e-5,2,64,5,1,32,0.25,,,,,,,,,,,,,,,,,,0.9686046511627907,0.9687824362579254,0.9692425755400024,0.9686046511627907,0.9994179278230501,0.9994179384530197,0.9994199602376006,0.9994179278230501,6.496268649433934e-05,7.118366479873657,384375
1502,CNN,mfe,100,0.001,32,sgd,1e-5,2,64,5,1,64,0.0,,,,,,,,,,,,,,,,,,0.963953488372093,0.9641830987018862,0.9648040832737274,0.963953488372093,1.0,1.0,1.0,1.0,6.598483684451081e-05,7.339219808578491,737355
1503,CNN,mfe,100,0.001,32,sgd,1e-5,2,64,5,1,64,0.25,,,,,,,,,,,,,,,,,,0.963953488372093,0.9640770025002178,0.9645010904392953,0.963953488372093,1.0,1.0,1.0,1.0,6.669482519460279e-05,7.049588680267334,737472
1504,CNN,mfe,100,0.001,32,sgd,1e-5,2,64,5,1,128,0.0,,,,,,,,,,,,,,,,,,0.9651162790697675,0.9651951620961989,0.9657974460753801,0.9651162790697675,1.0,1.0,1.0,1.0,6.489781446235124e-05,7.1286890506744385,1443415
1505,CNN,mfe,100,0.001,32,sgd,1e-5,2,64,5,1,128,0.25,,,,,,,,,,,,,,,,,,0.9674418604651163,0.9674952093828214,0.967903448467679,0.9674418604651163,1.0,1.0,1.0,1.0,6.596709406653116e-05,7.138052701950073,1443414
1506,CNN,mfe,100,0.001,32,sgd,1e-5,2,64,5,2,32,0.0,,,,,,,,,,,,,,,,,,0.9616279069767442,0.9615996917919364,0.9617461298511515,0.9616279069767442,0.9994179278230501,0.9994179269638345,0.9994189245219832,0.9994179278230501,7.63588173444881e-05,7.48901891708374,399783
1507,CNN,mfe,100,0.001,32,sgd,1e-5,2,64,5,2,32,0.25,,,,,,,,,,,,,,,,,,0.958139534883721,0.9582445283307125,0.9587781790226959,0.958139534883721,1.0,1.0,1.0,1.0,7.55456990973894e-05,7.904832363128662,399482
1508,CNN,mfe,100,0.001,32,sgd,1e-5,2,64,5,2,64,0.0,,,,,,,,,,,,,,,,,,0.9593023255813954,0.9592953710154407,0.9602084849162646,0.9593023255813954,1.0,1.0,1.0,1.0,7.715058881183003e-05,7.777807235717773,797129
1509,CNN,mfe,100,0.001,32,sgd,1e-5,2,64,5,2,64,0.25,,,,,,,,,,,,,,,,,,0.9511627906976744,0.9510872156370498,0.9512471925613708,0.9511627906976744,1.0,1.0,1.0,1.0,7.745886957922647e-05,7.687113046646118,796864
1510,CNN,mfe,100,0.001,32,sgd,1e-5,2,64,5,2,128,0.0,,,,,,,,,,,,,,,,,,0.9662790697674418,0.9663416609517926,0.9668847660186287,0.9662790697674418,1.0,1.0,1.0,1.0,7.733439290246298e-05,7.81071400642395,1678003
1511,CNN,mfe,100,0.001,32,sgd,1e-5,2,64,5,2,128,0.25,,,,,,,,,,,,,,,,,,0.963953488372093,0.9639639875544946,0.9646756763977319,0.963953488372093,1.0,1.0,1.0,1.0,7.600728855576626e-05,7.908793687820435,1679534
1512,CNN,mfe,100,0.001,32,sgd,1e-5,3,16,3,0,32,0.0,,,,,,,,,,,,,,,,,,0.8813953488372093,0.8815993037506672,0.8834151506371863,0.8813953488372093,0.9912689173457508,0.9912403340538568,0.9912635170446672,0.9912689173457508,8.06398169938908e-05,7.38919734954834,45612
1513,CNN,mfe,100,0.001,32,sgd,1e-5,3,16,3,0,32,0.25,,,,,,,,,,,,,,,,,,0.8441860465116279,0.8441305448552043,0.8467442947583853,0.8441860465116279,0.9729336437718277,0.9730067955401127,0.9735888926033252,0.9729336437718277,8.116766463878543e-05,7.475194692611694,45599
1514,CNN,mfe,100,0.001,32,sgd,1e-5,3,16,3,0,64,0.0,,,,,,,,,,,,,,,,,,0.8616279069767442,0.8620734167906251,0.8649931272739183,0.8616279069767442,0.9708963911525029,0.9709554955480401,0.9714641121973688,0.9708963911525029,8.122893266899641e-05,7.59155535697937,45551
1515,CNN,mfe,100,0.001,32,sgd,1e-5,3,16,3,0,64,0.25,,,,,,,,,,,,,,,,,,0.8430232558139535,0.8410410888332704,0.8428449699467475,0.8430232558139535,0.9333527357392316,0.9321738287361332,0.9330016982765409,0.9333527357392316,8.131293363349382e-05,7.408505439758301,45602
1516,CNN,mfe,100,0.001,32,sgd,1e-5,3,16,3,0,128,0.0,,,,,,,,,,,,,,,,,,0.8651162790697674,0.8651918011773768,0.8679974942840205,0.8651162790697674,0.9732246798603027,0.9731715365931473,0.973523909639002,0.9732246798603027,8.063399514486624e-05,6.962165832519531,45610
1517,CNN,mfe,100,0.001,32,sgd,1e-5,3,16,3,0,128,0.25,,,,,,,,,,,,,,,,,,0.836046511627907,0.8356912226705289,0.8387590650211564,0.836046511627907,0.9647846332945286,0.9646155431121816,0.9652655675884799,0.9647846332945286,8.059684620347133e-05,7.125445365905762,45570
1518,CNN,mfe,100,0.001,32,sgd,1e-5,3,16,3,1,32,0.0,,,,,,,,,,,,,,,,,,0.8302325581395349,0.831140071525804,0.8341801528527956,0.8302325581395349,0.989522700814901,0.9895343952447249,0.9895829476478175,0.989522700814901,9.395521740580715e-05,8.176547527313232,56534
1519,CNN,mfe,100,0.001,32,sgd,1e-5,3,16,3,1,32,0.25,,,,,,,,,,,,,,,,,,0.8430232558139535,0.8398707880867193,0.8461019805121606,0.8430232558139535,0.969441210710128,0.9691878083596817,0.9713665572006428,0.969441210710128,9.301096894020257e-05,7.94021201133728,56630
1520,CNN,mfe,100,0.001,32,sgd,1e-5,3,16,3,1,64,0.0,,,,,,,,,,,,,,,,,,0.8604651162790697,0.8612393358126934,0.866623796128583,0.8604651162790697,0.9962165308498254,0.9962211397056892,0.9963334909269819,0.9962165308498254,9.293833444284839e-05,7.741710186004639,69681
1521,CNN,mfe,100,0.001,32,sgd,1e-5,3,16,3,1,64,0.25,,,,,,,,,,,,,,,,,,0.85,0.8510027623262253,0.8537918395296415,0.85,0.9953434225844005,0.9953450133804277,0.9953732383429217,0.9953434225844005,9.251666623492574e-05,8.191297054290771,69655
1522,CNN,mfe,100,0.001,32,sgd,1e-5,3,16,3,1,128,0.0,,,,,,,,,,,,,,,,,,0.8651162790697674,0.8652761846514555,0.868029093561845,0.8651162790697674,0.9988358556461001,0.9988358085972134,0.9988397722579309,0.9988358556461001,9.377751239510469e-05,7.723102569580078,95867
1523,CNN,mfe,100,0.001,32,sgd,1e-5,3,16,3,1,128,0.25,,,,,,,,,,,,,,,,,,0.8476744186046512,0.8493230008087604,0.8537615626068672,0.8476744186046512,0.9877764842840512,0.987769303628737,0.987926776437956,0.9877764842840512,9.636601736379224e-05,7.714982986450195,95957
1524,CNN,mfe,100,0.001,32,sgd,1e-5,3,16,3,2,32,0.0,,,,,,,,,,,,,,,,,,0.8081395348837209,0.8096137629965806,0.8159297117564365,0.8081395348837209,0.9778812572759022,0.9779101000736025,0.9781832110678471,0.9778812572759022,0.00010609072308207667,8.545655965805054,72083
1525,CNN,mfe,100,0.001,32,sgd,1e-5,3,16,3,2,32,0.25,,,,,,,,,,,,,,,,,,0.8372093023255814,0.8379445586607608,0.8431736602566047,0.8372093023255814,0.980791618160652,0.9806520512032709,0.9810722396897069,0.980791618160652,0.00010366495265517124,8.395450115203857,72071
1526,CNN,mfe,100,0.001,32,sgd,1e-5,3,16,3,2,64,0.0,,,,,,,,,,,,,,,,,,0.8011627906976744,0.8031848310680306,0.8091561135372912,0.8011627906976744,0.9828288707799767,0.9828570062695904,0.9831608679406164,0.9828288707799767,0.00010258901950924896,8.515713691711426,129021
1527,CNN,mfe,100,0.001,32,sgd,1e-5,3,16,3,2,64,0.25,,,,,,,,,,,,,,,,,,0.8406976744186047,0.8406334038730496,0.8423839070716845,0.8406976744186047,0.990395809080326,0.9904586480133045,0.9908503063782946,0.990395809080326,0.00010328819585400958,8.46017861366272,129002
1528,CNN,mfe,100,0.001,32,sgd,1e-5,3,16,3,2,128,0.0,,,,,,,,,,,,,,,,,,0.8465116279069768,0.8452629610175239,0.8459615059099966,0.8465116279069768,0.9994179278230501,0.9994179380381557,0.9994199355653196,0.9994179278230501,0.00010485260985618414,8.72928762435913,330193
1529,CNN,mfe,100,0.001,32,sgd,1e-5,3,16,3,2,128,0.25,,,,,,,,,,,,,,,,,,0.8488372093023255,0.8484467160605877,0.8500812877926873,0.8488372093023255,0.9947613504074505,0.9947634341714784,0.9947899899933067,0.9947613504074505,0.00010589305744614712,8.473486423492432,329984
1530,CNN,mfe,100,0.001,32,sgd,1e-5,3,16,5,0,32,0.0,,,,,,,,,,,,,,,,,,0.9558139534883721,0.9557476293365915,0.9561440818694558,0.9558139534883721,0.9991268917345751,0.9991254062238333,0.9991299919246429,0.9991268917345751,5.659253098243891e-05,6.03471827507019,45280
1531,CNN,mfe,100,0.001,32,sgd,1e-5,3,16,5,0,32,0.25,,,,,,,,,,,,,,,,,,0.9558139534883721,0.9559228904570208,0.9565401361115062,0.9558139534883721,1.0,1.0,1.0,1.0,5.62922899113145e-05,6.348705768585205,45266
1532,CNN,mfe,100,0.001,32,sgd,1e-5,3,16,5,0,64,0.0,,,,,,,,,,,,,,,,,,0.9476744186046512,0.9475592724286604,0.9482568683174583,0.9476744186046512,1.0,1.0,1.0,1.0,5.629533945127975e-05,5.896381139755249,45282
1533,CNN,mfe,100,0.001,32,sgd,1e-5,3,16,5,0,64,0.25,,,,,,,,,,,,,,,,,,0.9523255813953488,0.9526056082148264,0.9533778060321284,0.9523255813953488,0.9982537834691502,0.9982537410388109,0.9982639701394421,0.9982537834691502,5.697899086530818e-05,6.219640731811523,45269
1534,CNN,mfe,100,0.001,32,sgd,1e-5,3,16,5,0,128,0.0,,,,,,,,,,,,,,,,,,0.9546511627906977,0.9546483416376716,0.9551722536392762,0.9546511627906977,0.9997089639115251,0.9997089515805696,0.9997099504745367,0.9997089639115251,5.700366441593614e-05,6.047533988952637,45266
1535,CNN,mfe,100,0.001,32,sgd,1e-5,3,16,5,0,128,0.25,,,,,,,,,,,,,,,,,,0.9523255813953488,0.9527031399349122,0.9540327311810755,0.9523255813953488,1.0,1.0,1.0,1.0,5.6762750758681185e-05,6.054015398025513,45274
1536,CNN,mfe,100,0.001,32,sgd,1e-5,3,16,5,1,32,0.0,,,,,,,,,,,,,,,,,,0.9465116279069767,0.9468802603883983,0.9482891243191576,0.9465116279069767,1.0,1.0,1.0,1.0,6.793515626774278e-05,7.148052930831909,105854
1537,CNN,mfe,100,0.001,32,sgd,1e-5,3,16,5,1,32,0.25,,,,,,,,,,,,,,,,,,0.9465116279069767,0.9464812634972306,0.946974111222321,0.9465116279069767,1.0,1.0,1.0,1.0,6.928249847057254e-05,6.6808857917785645,105819
1538,CNN,mfe,100,0.001,32,sgd,1e-5,3,16,5,1,64,0.0,,,,,,,,,,,,,,,,,,0.9534883720930233,0.953686642776361,0.954229530535907,0.9534883720930233,1.0,1.0,1.0,1.0,6.963984910831895e-05,6.949904441833496,198276
1539,CNN,mfe,100,0.001,32,sgd,1e-5,3,16,5,1,64,0.25,,,,,,,,,,,,,,,,,,0.9593023255813954,0.9592995877158761,0.9599529367733474,0.9593023255813954,1.0,1.0,1.0,1.0,6.892708844916765e-05,6.699723243713379,198457
1540,CNN,mfe,100,0.001,32,sgd,1e-5,3,16,5,1,128,0.0,,,,,,,,,,,,,,,,,,0.9348837209302325,0.9352389400020854,0.9364720799015048,0.9348837209302325,1.0,1.0,1.0,1.0,6.830609121987985e-05,7.2413623332977295,383755
1541,CNN,mfe,100,0.001,32,sgd,1e-5,3,16,5,1,128,0.25,,,,,,,,,,,,,,,,,,0.9476744186046512,0.9479088824482357,0.9488013451655961,0.9476744186046512,1.0,1.0,1.0,1.0,6.940752960914789e-05,6.97961688041687,383527
1542,CNN,mfe,100,0.001,32,sgd,1e-5,3,16,5,2,32,0.0,,,,,,,,,,,,,,,,,,0.9534883720930233,0.9534059467681852,0.9540530816627407,0.9534883720930233,0.9994179278230501,0.9994184163022104,0.9994219010119713,0.9994179278230501,7.858414982640467e-05,7.3129048347473145,121324
1543,CNN,mfe,100,0.001,32,sgd,1e-5,3,16,5,2,32,0.25,,,,,,,,,,,,,,,,,,0.9430232558139535,0.9432098369908727,0.9441590060195715,0.9430232558139535,0.9997089639115251,0.9997089728406285,0.9997099996271424,0.9997089639115251,7.804188617440157e-05,7.5572168827056885,121390
1544,CNN,mfe,100,0.001,32,sgd,1e-5,3,16,5,2,64,0.0,,,,,,,,,,,,,,,,,,0.9430232558139535,0.9432145367177391,0.9440647232707059,0.9430232558139535,1.0,1.0,1.0,1.0,7.989129354787428e-05,7.570087432861328,257806
1545,CNN,mfe,100,0.001,32,sgd,1e-5,3,16,5,2,64,0.25,,,,,,,,,,,,,,,,,,0.9406976744186046,0.9409523170812827,0.9419882222416137,0.9406976744186046,1.0,1.0,1.0,1.0,7.87039135777673e-05,7.253625869750977,257817
1546,CNN,mfe,100,0.001,32,sgd,1e-5,3,16,5,2,128,0.0,,,,,,,,,,,,,,,,,,0.9534883720930233,0.953524848153484,0.9541055269181115,0.9534883720930233,1.0,1.0,1.0,1.0,8.010836534721907e-05,7.633336067199707,617115
1547,CNN,mfe,100,0.001,32,sgd,1e-5,3,16,5,2,128,0.25,,,,,,,,,,,,,,,,,,0.9383720930232559,0.9385511126295712,0.9394265722022658,0.9383720930232559,1.0,1.0,1.0,1.0,7.876545883888421e-05,7.625142335891724,617513
1548,CNN,mfe,100,0.001,32,sgd,1e-5,3,32,3,0,32,0.0,,,,,,,,,,,,,,,,,,0.8965116279069767,0.8964697338540966,0.897510360628632,0.8965116279069767,1.0,1.0,1.0,1.0,8.198799088943836e-05,7.3272600173950195,148439
1549,CNN,mfe,100,0.001,32,sgd,1e-5,3,32,3,0,32,0.25,,,,,,,,,,,,,,,,,,0.9058139534883721,0.905460513369809,0.9062172257200816,0.9058139534883721,1.0,1.0,1.0,1.0,8.208668509195017e-05,7.54564356803894,148366
1550,CNN,mfe,100,0.001,32,sgd,1e-5,3,32,3,0,64,0.0,,,,,,,,,,,,,,,,,,0.8767441860465116,0.8773751560108368,0.8803121359194114,0.8767441860465116,1.0,1.0,1.0,1.0,8.199686227842819e-05,6.992503881454468,148540
1551,CNN,mfe,100,0.001,32,sgd,1e-5,3,32,3,0,64,0.25,,,,,,,,,,,,,,,,,,0.8976744186046511,0.8976056693960974,0.8981976484958555,0.8976744186046511,1.0,1.0,1.0,1.0,8.154164913088777e-05,7.0871498584747314,148447
1552,CNN,mfe,100,0.001,32,sgd,1e-5,3,32,3,0,128,0.0,,,,,,,,,,,,,,,,,,0.8906976744186047,0.8910014089054199,0.8924187060231922,0.8906976744186047,1.0,1.0,1.0,1.0,8.179309756256813e-05,7.105569124221802,148487
1553,CNN,mfe,100,0.001,32,sgd,1e-5,3,32,3,0,128,0.25,,,,,,,,,,,,,,,,,,0.858139534883721,0.8565666557667485,0.867587911308685,0.858139534883721,0.9708963911525029,0.9702330724262221,0.9720861887157858,0.9708963911525029,8.123974467432776e-05,7.001201152801514,148720
1554,CNN,mfe,100,0.001,32,sgd,1e-5,3,32,3,1,32,0.0,,,,,,,,,,,,,,,,,,0.8872093023255814,0.8869614602948059,0.8876320774323643,0.8872093023255814,1.0,1.0,1.0,1.0,9.728420612423919e-05,7.9506752490997314,163894
1555,CNN,mfe,100,0.001,32,sgd,1e-5,3,32,3,1,32,0.25,,,,,,,,,,,,,,,,,,0.8883720930232558,0.8883281824050192,0.8937415448440715,0.8883720930232558,0.9839930151338766,0.9840886190861847,0.9847777569954835,0.9839930151338766,9.334530941275663e-05,7.75559663772583,163976
1556,CNN,mfe,100,0.001,32,sgd,1e-5,3,32,3,1,64,0.0,,,,,,,,,,,,,,,,,,0.9093023255813953,0.9093463690396352,0.9104379656386552,0.9093023255813953,1.0,1.0,1.0,1.0,9.37497893045115e-05,7.649473667144775,184315
1557,CNN,mfe,100,0.001,32,sgd,1e-5,3,32,3,1,64,0.25,,,,,,,,,,,,,,,,,,0.8895348837209303,0.889556309646705,0.8899464593274959,0.8895348837209303,1.0,1.0,1.0,1.0,9.350166764370231e-05,8.19158124923706,184301
1558,CNN,mfe,100,0.001,32,sgd,1e-5,3,32,3,1,128,0.0,,,,,,,,,,,,,,,,,,0.8941860465116279,0.8949444130607864,0.8982936588293593,0.8941860465116279,0.9994179278230501,0.9994179588287042,0.9994200414501062,0.9994179278230501,9.462278942729151e-05,8.111970901489258,225125
1559,CNN,mfe,100,0.001,32,sgd,1e-5,3,32,3,1,128,0.25,,,,,,,,,,,,,,,,,,0.9069767441860465,0.9069721913368485,0.9078984141287105,0.9069767441860465,1.0,1.0,1.0,1.0,9.29868498513865e-05,7.841651678085327,224875
1560,CNN,mfe,100,0.001,32,sgd,1e-5,3,32,3,2,32,0.0,,,,,,,,,,,,,,,,,,0.8476744186046512,0.8490775627651763,0.8534560962593118,0.8476744186046512,0.9982537834691502,0.9982581480495142,0.9982791955016989,0.9982537834691502,0.00010360812031945517,8.228700399398804,179489
1561,CNN,mfe,100,0.001,32,sgd,1e-5,3,32,3,2,32,0.25,,,,,,,,,,,,,,,,,,0.8674418604651163,0.869140365610228,0.8738919446607473,0.8674418604651163,0.9985448195576252,0.9985457690600155,0.9985517968492358,0.9985448195576252,0.00010464357775311138,8.215139389038086,179397
1562,CNN,mfe,100,0.001,32,sgd,1e-5,3,32,3,2,64,0.0,,,,,,,,,,,,,,,,,,0.8651162790697674,0.8656735455027915,0.8683356753854595,0.8651162790697674,0.9997089639115251,0.999708950652518,0.9997099504745367,0.9997089639115251,0.00010453628939251566,8.245376586914062,243716
1563,CNN,mfe,100,0.001,32,sgd,1e-5,3,32,3,2,64,0.25,,,,,,,,,,,,,,,,,,0.8965116279069767,0.8974996638329042,0.8996058954606885,0.8965116279069767,1.0,1.0,1.0,1.0,0.00010412293811177098,8.462063312530518,243576
1564,CNN,mfe,100,0.001,32,sgd,1e-5,3,32,3,2,128,0.0,,,,,,,,,,,,,,,,,,0.8767441860465116,0.8775632946395477,0.8819271627707337,0.8767441860465116,0.9863213038416764,0.9863236766197255,0.9865757105401759,0.9863213038416764,0.00011402340822441634,8.543703079223633,459424
1565,CNN,mfe,100,0.001,32,sgd,1e-5,3,32,3,2,128,0.25,,,,,,,,,,,,,,,,,,0.8790697674418605,0.8787941329639305,0.8806872040279343,0.8790697674418605,0.9994179278230501,0.9994179383907774,0.999418959865917,0.9994179278230501,0.00010491914527360783,8.791810989379883,459281
1566,CNN,mfe,100,0.001,32,sgd,1e-5,3,32,5,0,32,0.0,,,,,,,,,,,,,,,,,,0.9616279069767442,0.9618713847213531,0.9626681913971581,0.9616279069767442,1.0,1.0,1.0,1.0,5.6670432867005814e-05,6.589877605438232,83691
1567,CNN,mfe,100,0.001,32,sgd,1e-5,3,32,5,0,32,0.25,,,,,,,,,,,,,,,,,,0.963953488372093,0.96399707912044,0.9642787049916975,0.963953488372093,1.0,1.0,1.0,1.0,5.687558373739553e-05,5.953078508377075,83726
1568,CNN,mfe,100,0.001,32,sgd,1e-5,3,32,5,0,64,0.0,,,,,,,,,,,,,,,,,,0.9686046511627907,0.9685854087540109,0.9687575750260573,0.9686046511627907,1.0,1.0,1.0,1.0,5.7314440261485966e-05,6.225426197052002,83765
1569,CNN,mfe,100,0.001,32,sgd,1e-5,3,32,5,0,64,0.25,,,,,,,,,,,,,,,,,,0.9662790697674418,0.9666090051659713,0.9673804635428479,0.9662790697674418,1.0,1.0,1.0,1.0,5.666960117428802e-05,6.054285526275635,83776
1570,CNN,mfe,100,0.001,32,sgd,1e-5,3,32,5,0,128,0.0,,,,,,,,,,,,,,,,,,0.9674418604651163,0.967514773590334,0.967908109332528,0.9674418604651163,1.0,1.0,1.0,1.0,5.675110706063204e-05,5.988386869430542,83731
1571,CNN,mfe,100,0.001,32,sgd,1e-5,3,32,5,0,128,0.25,,,,,,,,,,,,,,,,,,0.9395348837209302,0.9403164606570469,0.9434399784621027,0.9395348837209302,0.9947613504074505,0.9947854219729861,0.9949124476982152,0.9947613504074505,5.978567655696425e-05,6.184393405914307,83708
1572,CNN,mfe,100,0.001,32,sgd,1e-5,3,32,5,1,32,0.0,,,,,,,,,,,,,,,,,,0.9616279069767442,0.9618252612430629,0.962481080448968,0.9616279069767442,0.9994179278230501,0.9994179137048274,0.9994199110849948,0.9994179278230501,6.854728210804074e-05,6.974276781082153,198640
1573,CNN,mfe,100,0.001,32,sgd,1e-5,3,32,5,1,32,0.25,,,,,,,,,,,,,,,,,,0.9662790697674418,0.966330396552406,0.9665531333743509,0.9662790697674418,1.0,1.0,1.0,1.0,6.841199342594591e-05,6.729373931884766,198311
1574,CNN,mfe,100,0.001,32,sgd,1e-5,3,32,5,1,64,0.0,,,,,,,,,,,,,,,,,,0.9709302325581395,0.9709188534198505,0.971190637152414,0.9709302325581395,1.0,1.0,1.0,1.0,7.348920023718546e-05,6.941538095474243,378080
1575,CNN,mfe,100,0.001,32,sgd,1e-5,3,32,5,1,64,0.25,,,,,,,,,,,,,,,,,,0.9651162790697675,0.9652628608735356,0.9657337978414179,0.9651162790697675,1.0,1.0,1.0,1.0,6.846134052720181e-05,6.857861518859863,377751
1576,CNN,mfe,100,0.001,32,sgd,1e-5,3,32,5,1,128,0.0,,,,,,,,,,,,,,,,,,0.9616279069767442,0.9617027671672623,0.9626206983365306,0.9616279069767442,0.9982537834691502,0.9982538220972778,0.9982719157117994,0.9982537834691502,7.361755814663199e-05,7.552323579788208,737934
1577,CNN,mfe,100,0.001,32,sgd,1e-5,3,32,5,1,128,0.25,,,,,,,,,,,,,,,,,,0.9558139534883721,0.955540897424632,0.9561652651772905,0.9558139534883721,0.9994179278230501,0.9994184984427678,0.9994222235586733,0.9994179278230501,6.857056950413904e-05,7.267766237258911,737350
1578,CNN,mfe,100,0.001,32,sgd,1e-5,3,32,5,2,32,0.0,,,,,,,,,,,,,,,,,,0.9418604651162791,0.9419096303364312,0.9431551904749791,0.9418604651162791,0.9982537834691502,0.9982528295279124,0.9982630490926276,0.9982537834691502,7.943497147671012e-05,7.347439289093018,213921
1579,CNN,mfe,100,0.001,32,sgd,1e-5,3,32,5,2,32,0.25,,,,,,,,,,,,,,,,,,0.9604651162790697,0.960700191168364,0.9615835484285589,0.9604651162790697,1.0,1.0,1.0,1.0,7.84313955972361e-05,7.588839292526245,214070
1580,CNN,mfe,100,0.001,32,sgd,1e-5,3,32,5,2,64,0.0,,,,,,,,,,,,,,,,,,0.9511627906976744,0.9512308190161143,0.9515815045868965,0.9511627906976744,1.0,1.0,1.0,1.0,8.006095886230469e-05,7.391164064407349,437102
1581,CNN,mfe,100,0.001,32,sgd,1e-5,3,32,5,2,64,0.25,,,,,,,,,,,,,,,,,,0.9488372093023256,0.9488008769879602,0.9491653468059146,0.9488372093023256,1.0,1.0,1.0,1.0,7.938007975733557e-05,7.454129457473755,437674
1582,CNN,mfe,100,0.001,32,sgd,1e-5,3,32,5,2,128,0.0,,,,,,,,,,,,,,,,,,0.963953488372093,0.9638493091607028,0.9645119300159253,0.963953488372093,1.0,1.0,1.0,1.0,7.91164331657942e-05,7.748427391052246,970819
1583,CNN,mfe,100,0.001,32,sgd,1e-5,3,32,5,2,128,0.25,,,,,,,,,,,,,,,,,,0.9593023255813954,0.9592619444646968,0.959544144016798,0.9593023255813954,1.0,1.0,1.0,1.0,7.960630017657612e-05,7.62451434135437,971026
1584,CNN,mfe,100,0.001,32,sgd,1e-5,3,64,3,0,32,0.0,,,,,,,,,,,,,,,,,,0.9244186046511628,0.9243695227711497,0.9257360155147658,0.9244186046511628,1.0,1.0,1.0,1.0,8.217456728913063e-05,7.434290647506714,550073
1585,CNN,mfe,100,0.001,32,sgd,1e-5,3,64,3,0,32,0.25,,,,,,,,,,,,,,,,,,0.9279069767441861,0.928151441366122,0.9293441371572221,0.9279069767441861,1.0,1.0,1.0,1.0,8.227242979892464e-05,7.2038493156433105,549857
1586,CNN,mfe,100,0.001,32,sgd,1e-5,3,64,3,0,64,0.0,,,,,,,,,,,,,,,,,,0.9290697674418604,0.9289592314161891,0.9293942074663686,0.9290697674418604,1.0,1.0,1.0,1.0,8.102516795313636e-05,7.441257953643799,549795
1587,CNN,mfe,100,0.001,32,sgd,1e-5,3,64,3,0,64,0.25,,,,,,,,,,,,,,,,,,0.922093023255814,0.9224228359909654,0.9242869750391711,0.922093023255814,1.0,1.0,1.0,1.0,8.156382760336232e-05,7.283285140991211,549467
1588,CNN,mfe,100,0.001,32,sgd,1e-5,3,64,3,0,128,0.0,,,,,,,,,,,,,,,,,,0.9267441860465117,0.9268353873533982,0.9276525105605703,0.9267441860465117,1.0,1.0,1.0,1.0,8.155024328897165e-05,7.455316543579102,549593
1589,CNN,mfe,100,0.001,32,sgd,1e-5,3,64,3,0,128,0.25,,,,,,,,,,,,,,,,,,0.9174418604651163,0.9172972356409558,0.9173832224076865,0.9174418604651163,1.0,1.0,1.0,1.0,8.348503778147142e-05,7.541266441345215,550334
1590,CNN,mfe,100,0.001,32,sgd,1e-5,3,64,3,1,32,0.0,,,,,,,,,,,,,,,,,,0.9174418604651163,0.9173342674566127,0.9181749801461819,0.9174418604651163,1.0,1.0,1.0,1.0,9.404781252838845e-05,8.04169750213623,574623
1591,CNN,mfe,100,0.001,32,sgd,1e-5,3,64,3,1,32,0.25,,,,,,,,,,,,,,,,,,0.9046511627906977,0.9050732417298293,0.907346952331268,0.9046511627906977,1.0,1.0,1.0,1.0,9.399791096532068e-05,7.933208465576172,574593
1592,CNN,mfe,100,0.001,32,sgd,1e-5,3,64,3,1,64,0.0,,,,,,,,,,,,,,,,,,0.9290697674418604,0.9291877343976261,0.930289966990482,0.9290697674418604,1.0,1.0,1.0,1.0,9.350554887638536e-05,7.951780557632446,609659
1593,CNN,mfe,100,0.001,32,sgd,1e-5,3,64,3,1,64,0.25,,,,,,,,,,,,,,,,,,0.9267441860465117,0.9268355870069431,0.9275714416254813,0.9267441860465117,1.0,1.0,1.0,1.0,9.341045867565066e-05,8.33974003791809,608947
1594,CNN,mfe,100,0.001,32,sgd,1e-5,3,64,3,1,128,0.0,,,,,,,,,,,,,,,,,,0.9116279069767442,0.9122066369113759,0.9135037577107801,0.9116279069767442,1.0,1.0,1.0,1.0,9.980451229006744e-05,8.261474609375,679232
1595,CNN,mfe,100,0.001,32,sgd,1e-5,3,64,3,1,128,0.25,,,,,,,,,,,,,,,,,,0.9302325581395349,0.93015833725313,0.9311730822565076,0.9302325581395349,1.0,1.0,1.0,1.0,9.388064229211141e-05,7.840644836425781,679235
1596,CNN,mfe,100,0.001,32,sgd,1e-5,3,64,3,2,32,0.0,,,,,,,,,,,,,,,,,,0.8872093023255814,0.8876465011564668,0.8928652309781261,0.8872093023255814,0.9956344586728755,0.9956436428633036,0.9957056885299806,0.9956344586728755,0.00010494686836420104,8.721149206161499,590046
1597,CNN,mfe,100,0.001,32,sgd,1e-5,3,64,3,2,32,0.25,,,,,,,,,,,,,,,,,,0.9093023255813953,0.909261296613605,0.910273652618541,0.9093023255813953,0.9991268917345751,0.9991268934354414,0.9991278884335082,0.9991268917345751,0.00010761965152829193,8.501519918441772,589874
1598,CNN,mfe,100,0.001,32,sgd,1e-5,3,64,3,2,64,0.0,,,,,,,,,,,,,,,,,,0.8930232558139535,0.8924341064778668,0.8948728836055924,0.8930232558139535,0.9973806752037253,0.9973859205049588,0.9974323828978802,0.9973806752037253,0.00010383655858594318,8.617308855056763,668919
1599,CNN,mfe,100,0.001,32,sgd,1e-5,3,64,3,2,64,0.25,,,,,,,,,,,,,,,,,,0.9197674418604651,0.9197960082023389,0.9214799316068149,0.9197674418604651,0.9997089639115251,0.9997089744988904,0.9997100418229639,0.9997089639115251,0.0001071661017661871,8.63950777053833,668484
1600,CNN,mfe,100,0.001,32,sgd,1e-5,3,64,3,2,128,0.0,,,,,,,,,,,,,,,,,,0.922093023255814,0.9217011555026949,0.9229482753223549,0.922093023255814,0.9985448195576252,0.9985466932505913,0.9985614776992021,0.9985448195576252,0.000104277910188187,9.0819730758667,913819
1601,CNN,mfe,100,0.001,32,sgd,1e-5,3,64,3,2,128,0.25,,,,,,,,,,,,,,,,,,0.9244186046511628,0.9246902199559603,0.9258034236661242,0.9244186046511628,1.0,1.0,1.0,1.0,0.0001048470652380655,9.097111463546753,913646
1602,CNN,mfe,100,0.001,32,sgd,1e-5,3,64,5,0,32,0.0,,,,,,,,,,,,,,,,,,0.9697674418604652,0.969781730143894,0.9700146635485426,0.9697674418604652,1.0,1.0,1.0,1.0,5.6438390598740686e-05,6.454795837402344,160693
1603,CNN,mfe,100,0.001,32,sgd,1e-5,3,64,5,0,32,0.25,,,,,,,,,,,,,,,,,,0.9662790697674418,0.966489804925024,0.9669911483533702,0.9662790697674418,1.0,1.0,1.0,1.0,5.362394244171852e-05,6.431298494338989,160675
1604,CNN,mfe,100,0.001,32,sgd,1e-5,3,64,5,0,64,0.0,,,,,,,,,,,,,,,,,,0.977906976744186,0.9779669013885279,0.9782158604108419,0.977906976744186,1.0,1.0,1.0,1.0,5.3920302280159886e-05,6.49741792678833,160697
1605,CNN,mfe,100,0.001,32,sgd,1e-5,3,64,5,0,64,0.25,,,,,,,,,,,,,,,,,,0.9755813953488373,0.9755785287339848,0.975799946845945,0.9755813953488373,1.0,1.0,1.0,1.0,5.4326445557350334e-05,5.980740070343018,160709
1606,CNN,mfe,100,0.001,32,sgd,1e-5,3,64,5,0,128,0.0,,,,,,,,,,,,,,,,,,0.963953488372093,0.9639212056818787,0.9644548863658656,0.963953488372093,1.0,1.0,1.0,1.0,5.406279896580896e-05,6.222865343093872,160658
1607,CNN,mfe,100,0.001,32,sgd,1e-5,3,64,5,0,128,0.25,,,,,,,,,,,,,,,,,,0.9709302325581395,0.9710442991029606,0.9715616200318995,0.9709302325581395,1.0,1.0,1.0,1.0,5.414236423581146e-05,6.634846210479736,160600
1608,CNN,mfe,100,0.001,32,sgd,1e-5,3,64,5,1,32,0.0,,,,,,,,,,,,,,,,,,0.9674418604651163,0.9674905881097716,0.9679315225028524,0.9674418604651163,1.0,1.0,1.0,1.0,6.636131641476654e-05,7.130556106567383,383964
1609,CNN,mfe,100,0.001,32,sgd,1e-5,3,64,5,1,32,0.25,,,,,,,,,,,,,,,,,,0.9348837209302325,0.936531324406073,0.9465685083037235,0.9348837209302325,0.9764260768335273,0.976576433700379,0.9809291363143218,0.9764260768335273,6.527568018713662e-05,7.14352560043335,384537
1610,CNN,mfe,100,0.001,32,sgd,1e-5,3,64,5,1,64,0.0,,,,,,,,,,,,,,,,,,0.9709302325581395,0.9709687298959038,0.9714009868763335,0.9709302325581395,1.0,1.0,1.0,1.0,6.65426254272461e-05,7.142428636550903,738006
1611,CNN,mfe,100,0.001,32,sgd,1e-5,3,64,5,1,64,0.25,,,,,,,,,,,,,,,,,,0.9662790697674418,0.9663855604951455,0.9667796125824882,0.9662790697674418,1.0,1.0,1.0,1.0,6.667930026387059e-05,7.029752016067505,737963
1612,CNN,mfe,100,0.001,32,sgd,1e-5,3,64,5,1,128,0.0,,,,,,,,,,,,,,,,,,0.9651162790697675,0.9650409596299029,0.9654171017387958,0.9651162790697675,1.0,1.0,1.0,1.0,6.584178569704987e-05,7.570211172103882,1445081
1613,CNN,mfe,100,0.001,32,sgd,1e-5,3,64,5,1,128,0.25,,,,,,,,,,,,,,,,,,0.9662790697674418,0.9661737200879288,0.9667823895904533,0.9662790697674418,1.0,1.0,1.0,1.0,6.693573885185774e-05,7.501114130020142,1443833
1614,CNN,mfe,100,0.001,32,sgd,1e-5,3,64,5,2,32,0.0,,,,,,,,,,,,,,,,,,0.9593023255813954,0.9594255444403544,0.9604854659648819,0.9593023255813954,1.0,1.0,1.0,1.0,7.614534954692042e-05,7.366393089294434,399839
1615,CNN,mfe,100,0.001,32,sgd,1e-5,3,64,5,2,32,0.25,,,,,,,,,,,,,,,,,,0.9604651162790697,0.9604645384491936,0.9606575075893434,0.9604651162790697,0.9997089639115251,0.9997089656123913,0.9997099606104581,0.9997089639115251,7.679102032683617e-05,7.474792957305908,400151
1616,CNN,mfe,100,0.001,32,sgd,1e-5,3,64,5,2,64,0.0,,,,,,,,,,,,,,,,,,0.9406976744186046,0.9404623482562835,0.9421988291617357,0.9406976744186046,0.9834109429569267,0.9833900076395923,0.983813282781054,0.9834109429569267,7.781206175338391e-05,7.968684434890747,797212
1617,CNN,mfe,100,0.001,32,sgd,1e-5,3,64,5,2,64,0.25,,,,,,,,,,,,,,,,,,0.9674418604651163,0.9674484025377702,0.9676694486666274,0.9674418604651163,1.0,1.0,1.0,1.0,7.795982582624569e-05,7.813320159912109,797313
1618,CNN,mfe,100,0.001,32,sgd,1e-5,3,64,5,2,128,0.0,,,,,,,,,,,,,,,,,,0.9686046511627907,0.9686991218639889,0.9691124998272741,0.9686046511627907,1.0,1.0,1.0,1.0,7.707407308179279e-05,7.9118592739105225,1678882
1619,CNN,mfe,100,0.001,32,sgd,1e-5,3,64,5,2,128,0.25,,,,,,,,,,,,,,,,,,0.9627906976744186,0.9626767989197181,0.9629889200012423,0.9627906976744186,1.0,1.0,1.0,1.0,7.651489834452784e-05,8.151862621307373,1678975
1620,CNN,mfe,100,0.001,32,adamw,1e-5,1,16,3,0,32,0.0,,,,,,,,,,,,,,,,,,0.958139534883721,0.9581680621299354,0.9587028845565743,0.958139534883721,1.0,1.0,1.0,1.0,5.414070085037586e-05,5.898379802703857,63329
1621,CNN,mfe,100,0.001,32,adamw,1e-5,1,16,3,0,32,0.25,,,,,,,,,,,,,,,,,,0.9372093023255814,0.9375466244011295,0.9434120353911412,0.9372093023255814,0.9796274738067521,0.9794872962262829,0.9809316550529814,0.9796274738067521,5.3869291793468384e-05,5.908418655395508,63354
1622,CNN,mfe,100,0.001,32,adamw,1e-5,1,16,3,0,64,0.0,,,,,,,,,,,,,,,,,,0.9616279069767442,0.9617146111532566,0.9619962788532721,0.9616279069767442,0.9979627473806753,0.9979636733325535,0.9979800829477332,0.9979627473806753,5.387677702792855e-05,6.568968296051025,63348
1623,CNN,mfe,100,0.001,32,adamw,1e-5,1,16,3,0,64,0.25,,,,,,,,,,,,,,,,,,0.9627906976744186,0.9628584509795377,0.9634497119109382,0.9627906976744186,1.0,1.0,1.0,1.0,5.357764488042787e-05,6.127590894699097,63324
1624,CNN,mfe,100,0.001,32,adamw,1e-5,1,16,3,0,128,0.0,,,,,,,,,,,,,,,,,,0.9604651162790697,0.9605664467027019,0.9608312641464816,0.9604651162790697,1.0,1.0,1.0,1.0,5.548804305320562e-05,6.006154537200928,63392
1625,CNN,mfe,100,0.001,32,adamw,1e-5,1,16,3,0,128,0.25,,,,,,,,,,,,,,,,,,0.9616279069767442,0.9616750041158385,0.962363813648312,0.9616279069767442,1.0,1.0,1.0,1.0,5.34922577614008e-05,6.084129810333252,63337
1626,CNN,mfe,100,0.001,32,adamw,1e-5,1,16,3,1,32,0.0,,,,,,,,,,,,,,,,,,0.9593023255813954,0.95945067436427,0.9604314189422203,0.9593023255813954,1.0,1.0,1.0,1.0,6.581129029739735e-05,6.848134756088257,160005
1627,CNN,mfe,100,0.001,32,adamw,1e-5,1,16,3,1,32,0.25,,,,,,,,,,,,,,,,,,0.9674418604651163,0.9674124565097411,0.9675949328291578,0.9674418604651163,1.0,1.0,1.0,1.0,6.623545358347339e-05,7.111612558364868,159921
1628,CNN,mfe,100,0.001,32,adamw,1e-5,1,16,3,1,64,0.0,,,,,,,,,,,,,,,,,,0.9651162790697675,0.9651076653412168,0.9655519189108843,0.9651162790697675,1.0,1.0,1.0,1.0,6.700837334921193e-05,6.850535869598389,310451
1629,CNN,mfe,100,0.001,32,adamw,1e-5,1,16,3,1,64,0.25,,,,,,,,,,,,,,,,,,0.958139534883721,0.9580429009886795,0.9584751374080338,0.958139534883721,1.0,1.0,1.0,1.0,6.632915762967842e-05,7.165965795516968,310677
1630,CNN,mfe,100,0.001,32,adamw,1e-5,1,16,3,1,128,0.0,,,,,,,,,,,,,,,,,,0.9697674418604652,0.9698725043531293,0.9704149500115427,0.9697674418604652,1.0,1.0,1.0,1.0,6.60436097965684e-05,6.88827109336853,611672
1631,CNN,mfe,100,0.001,32,adamw,1e-5,1,16,3,1,128,0.25,,,,,,,,,,,,,,,,,,0.9616279069767442,0.9616620108501911,0.962447826445994,0.9616279069767442,1.0,1.0,1.0,1.0,6.555263386216275e-05,7.090346097946167,611782
1632,CNN,mfe,100,0.001,32,adamw,1e-5,1,16,3,2,32,0.0,,,,,,,,,,,,,,,,,,0.9651162790697675,0.9651100711112383,0.9654048108733564,0.9651162790697675,0.9994179278230501,0.999417881381881,0.9994219010119713,0.9994179278230501,7.668789042982944e-05,7.419092416763306,175504
1633,CNN,mfe,100,0.001,32,adamw,1e-5,1,16,3,2,32,0.25,,,,,,,,,,,,,,,,,,0.9046511627906977,0.9046467468254608,0.9133624912931496,0.9046511627906977,0.9575087310826542,0.9570011982772201,0.9613237287082822,0.9575087310826542,7.668179134989893e-05,7.781387090682983,175644
1634,CNN,mfe,100,0.001,32,adamw,1e-5,1,16,3,2,64,0.0,,,,,,,,,,,,,,,,,,0.9534883720930233,0.9535826208667214,0.954096586986835,0.9534883720930233,1.0,1.0,1.0,1.0,7.636131242264149e-05,7.585762023925781,370376
1635,CNN,mfe,100,0.001,32,adamw,1e-5,1,16,3,2,64,0.25,,,,,,,,,,,,,,,,,,0.963953488372093,0.963926613324509,0.9642397684115033,0.963953488372093,1.0,1.0,1.0,1.0,7.770366446916448e-05,7.348779201507568,370041
1636,CNN,mfe,100,0.001,32,adamw,1e-5,1,16,3,2,128,0.0,,,,,,,,,,,,,,,,,,0.9593023255813954,0.9592847978009802,0.9596604593568895,0.9593023255813954,1.0,1.0,1.0,1.0,7.726924363956895e-05,7.6631574630737305,846960
1637,CNN,mfe,100,0.001,32,adamw,1e-5,1,16,3,2,128,0.25,,,,,,,,,,,,,,,,,,0.9593023255813954,0.95926365333728,0.9594830450845141,0.9593023255813954,0.9997089639115251,0.9997089728406285,0.9997099996271424,0.9997089639115251,7.632083671037541e-05,7.5622758865356445,846337
1638,CNN,mfe,100,0.001,32,adamw,1e-5,1,16,5,0,32,0.0,,,,,,,,,,,,,,,,,,0.9488372093023256,0.9490595260888709,0.9522681254024511,0.9488372093023256,0.9997089639115251,0.9997089656123913,0.9997099606104581,0.9997089639115251,5.660722422045331e-05,6.353597164154053,45238
1639,CNN,mfe,100,0.001,32,adamw,1e-5,1,16,5,0,32,0.25,,,,,,,,,,,,,,,,,,0.9523255813953488,0.9526298216668989,0.954232822272726,0.9523255813953488,1.0,1.0,1.0,1.0,5.6788533232932865e-05,6.161719560623169,45254
1640,CNN,mfe,100,0.001,32,adamw,1e-5,1,16,5,0,64,0.0,,,,,,,,,,,,,,,,,,0.9511627906976744,0.9512544866477648,0.9518232753127077,0.9511627906976744,1.0,1.0,1.0,1.0,5.697871363440225e-05,6.232407331466675,45278
1641,CNN,mfe,100,0.001,32,adamw,1e-5,1,16,5,0,64,0.25,,,,,,,,,,,,,,,,,,0.9453488372093023,0.9454026963940039,0.9459013827711806,0.9453488372093023,1.0,1.0,1.0,1.0,5.7184696197509764e-05,6.295993328094482,45286
1642,CNN,mfe,100,0.001,32,adamw,1e-5,1,16,5,0,128,0.0,,,,,,,,,,,,,,,,,,0.9534883720930233,0.9537541151992562,0.9549104112712886,0.9534883720930233,1.0,1.0,1.0,1.0,5.741895631302235e-05,6.424129247665405,45289
1643,CNN,mfe,100,0.001,32,adamw,1e-5,1,16,5,0,128,0.25,,,,,,,,,,,,,,,,,,0.9616279069767442,0.9617472549522847,0.9624912626308695,0.9616279069767442,1.0,1.0,1.0,1.0,5.603668301604515e-05,6.228120565414429,45237
1644,CNN,mfe,100,0.001,32,adamw,1e-5,1,16,5,1,32,0.0,,,,,,,,,,,,,,,,,,0.9395348837209302,0.9398369853010782,0.9414257857694702,0.9395348837209302,1.0,1.0,1.0,1.0,6.803107816119526e-05,6.87804651260376,105845
1645,CNN,mfe,100,0.001,32,adamw,1e-5,1,16,5,1,32,0.25,,,,,,,,,,,,,,,,,,0.9476744186046512,0.9478664067037678,0.9493484062591058,0.9476744186046512,1.0,1.0,1.0,1.0,6.931410279384879e-05,6.855043411254883,105781
1646,CNN,mfe,100,0.001,32,adamw,1e-5,1,16,5,1,64,0.0,,,,,,,,,,,,,,,,,,0.9546511627906977,0.9547439285662096,0.9553162750086243,0.9546511627906977,1.0,1.0,1.0,1.0,7.339937742366347e-05,6.843534708023071,198441
1647,CNN,mfe,100,0.001,32,adamw,1e-5,1,16,5,1,64,0.25,,,,,,,,,,,,,,,,,,0.9465116279069767,0.9464767575501924,0.9466978353200277,0.9465116279069767,1.0,1.0,1.0,1.0,6.846217221991961e-05,6.799400329589844,198451
1648,CNN,mfe,100,0.001,32,adamw,1e-5,1,16,5,1,128,0.0,,,,,,,,,,,,,,,,,,0.9488372093023256,0.9488332553915596,0.9495061140601061,0.9488372093023256,0.9994179278230501,0.9994184199751346,0.9994219010119713,0.9994179278230501,6.890269212944563e-05,7.186414480209351,384302
1649,CNN,mfe,100,0.001,32,adamw,1e-5,1,16,5,1,128,0.25,,,,,,,,,,,,,,,,,,0.9430232558139535,0.9429581811510592,0.9437101130486514,0.9430232558139535,1.0,1.0,1.0,1.0,6.83108041452807e-05,6.9424803256988525,383711
1650,CNN,mfe,100,0.001,32,adamw,1e-5,1,16,5,2,32,0.0,,,,,,,,,,,,,,,,,,0.9441860465116279,0.9442611801267234,0.9449314466498105,0.9441860465116279,0.9997089639115251,0.9997089605096732,0.9997099504745367,0.9997089639115251,8.007371148397756e-05,7.18305230140686,121353
1651,CNN,mfe,100,0.001,32,adamw,1e-5,1,16,5,2,32,0.25,,,,,,,,,,,,,,,,,,0.9465116279069767,0.9466413022060776,0.9475345227323886,0.9465116279069767,0.9967986030267754,0.9968049079876685,0.9968300933255007,0.9967986030267754,7.849016854929369e-05,7.260550498962402,121390
1652,CNN,mfe,100,0.001,32,adamw,1e-5,1,16,5,2,64,0.0,,,,,,,,,,,,,,,,,,0.9430232558139535,0.9429428938557206,0.9433696269443178,0.9430232558139535,1.0,1.0,1.0,1.0,7.974103439685911e-05,7.206388473510742,257870
1653,CNN,mfe,100,0.001,32,adamw,1e-5,1,16,5,2,64,0.25,,,,,,,,,,,,,,,,,,0.9488372093023256,0.9488283960687184,0.9497682346039887,0.9488372093023256,1.0,1.0,1.0,1.0,7.897643155829851e-05,7.289227724075317,257940
1654,CNN,mfe,100,0.001,32,adamw,1e-5,1,16,5,2,128,0.0,,,,,,,,,,,,,,,,,,0.9476744186046512,0.9475987323062578,0.9488723588760969,0.9476744186046512,1.0,1.0,1.0,1.0,7.899556049080782e-05,7.629558324813843,617354
1655,CNN,mfe,100,0.001,32,adamw,1e-5,1,16,5,2,128,0.25,,,,,,,,,,,,,,,,,,0.958139534883721,0.9581519261983511,0.9583672672747735,0.958139534883721,1.0,1.0,1.0,1.0,8.084884909696357e-05,7.588576555252075,617757
1656,CNN,mfe,100,0.001,32,adamw,1e-5,1,32,3,0,32,0.0,,,,,,,,,,,,,,,,,,0.9651162790697675,0.9651388552747274,0.9652768659806075,0.9651162790697675,1.0,1.0,1.0,1.0,5.4023709408072536e-05,6.055343151092529,119836
1657,CNN,mfe,100,0.001,32,adamw,1e-5,1,32,3,0,32,0.25,,,,,,,,,,,,,,,,,,0.9616279069767442,0.9615713394032702,0.96229441026762,0.9616279069767442,0.9991268917345751,0.9991269709819783,0.9991361147092098,0.9991268917345751,5.524685216504474e-05,5.969050645828247,119843
1658,CNN,mfe,100,0.001,32,adamw,1e-5,1,32,3,0,64,0.0,,,,,,,,,,,,,,,,,,0.9697674418604652,0.969959046657551,0.970433887319121,0.9697674418604652,1.0,1.0,1.0,1.0,5.378445913625318e-05,5.9086761474609375,119969
1659,CNN,mfe,100,0.001,32,adamw,1e-5,1,32,3,0,64,0.25,,,,,,,,,,,,,,,,,,0.9744186046511628,0.9744578416312588,0.9748682347773273,0.9744186046511628,1.0,1.0,1.0,1.0,5.403230356615643e-05,5.9534008502960205,119900
1660,CNN,mfe,100,0.001,32,adamw,1e-5,1,32,3,0,128,0.0,,,,,,,,,,,,,,,,,,0.9732558139534884,0.9733934906373617,0.9738721557135065,0.9732558139534884,1.0,1.0,1.0,1.0,5.468130111694336e-05,6.494074821472168,119916
1661,CNN,mfe,100,0.001,32,adamw,1e-5,1,32,3,0,128,0.25,,,,,,,,,,,,,,,,,,0.9523255813953488,0.9523411361908084,0.9537659789152932,0.9523255813953488,0.990104772991851,0.9900767976321615,0.9904498335289458,0.990104772991851,5.362782367440157e-05,5.938312292098999,119842
1662,CNN,mfe,100,0.001,32,adamw,1e-5,1,32,3,1,32,0.0,,,,,,,,,,,,,,,,,,0.9720930232558139,0.9720584964540978,0.9722771378691536,0.9720930232558139,1.0,1.0,1.0,1.0,6.616420524064884e-05,7.162852764129639,307175
1663,CNN,mfe,100,0.001,32,adamw,1e-5,1,32,3,1,32,0.25,,,,,,,,,,,,,,,,,,0.9558139534883721,0.9557159109686806,0.9567111485646109,0.9558139534883721,0.9982537834691502,0.9982540691846328,0.998267581882878,0.9982537834691502,6.570261578227199e-05,7.287251234054565,307211
1664,CNN,mfe,100,0.001,32,adamw,1e-5,1,32,3,1,64,0.0,,,,,,,,,,,,,,,,,,0.9686046511627907,0.9687155796515307,0.9694759235236414,0.9686046511627907,1.0,1.0,1.0,1.0,6.674805352854174e-05,7.443856954574585,602968
1665,CNN,mfe,100,0.001,32,adamw,1e-5,1,32,3,1,64,0.25,,,,,,,,,,,,,,,,,,0.9651162790697675,0.9650489163037838,0.9652569738705364,0.9651162790697675,1.0,1.0,1.0,1.0,6.74638637276583e-05,7.244560956954956,602497
1666,CNN,mfe,100,0.001,32,adamw,1e-5,1,32,3,1,128,0.0,,,,,,,,,,,,,,,,,,0.9697674418604652,0.9698216600164478,0.9703922611398865,0.9697674418604652,1.0,1.0,1.0,1.0,6.607022396353788e-05,7.093062877655029,1192761
1667,CNN,mfe,100,0.001,32,adamw,1e-5,1,32,3,1,128,0.25,,,,,,,,,,,,,,,,,,0.9686046511627907,0.968642383035724,0.9690227762942404,0.9686046511627907,1.0,1.0,1.0,1.0,6.53618989988815e-05,7.233370780944824,1193757
1668,CNN,mfe,100,0.001,32,adamw,1e-5,1,32,3,2,32,0.0,,,,,,,,,,,,,,,,,,0.9430232558139535,0.9425921451397525,0.9442964549370777,0.9430232558139535,0.9959254947613504,0.9959245227274701,0.9959783012796866,0.9959254947613504,7.570372071377066e-05,7.471647500991821,322962
1669,CNN,mfe,100,0.001,32,adamw,1e-5,1,32,3,2,32,0.25,,,,,,,,,,,,,,,,,,0.963953488372093,0.9640473011633826,0.9647825409203249,0.963953488372093,0.9973806752037253,0.9973819595330363,0.9974085060879735,0.9973806752037253,7.532530052717342e-05,7.843623161315918,323406
1670,CNN,mfe,100,0.001,32,adamw,1e-5,1,32,3,2,64,0.0,,,,,,,,,,,,,,,,,,0.9674418604651163,0.9673702126589483,0.9681414744297606,0.9674418604651163,1.0,1.0,1.0,1.0,7.713894511378089e-05,7.891852378845215,662410
1671,CNN,mfe,100,0.001,32,adamw,1e-5,1,32,3,2,64,0.25,,,,,,,,,,,,,,,,,,0.9686046511627907,0.9686845413533626,0.9689519452731767,0.9686046511627907,0.9991268917345751,0.9991268908753594,0.9991289241491256,0.9991268917345751,7.718330205873002e-05,7.796408653259277,662324
1672,CNN,mfe,100,0.001,32,adamw,1e-5,1,32,3,2,128,0.0,,,,,,,,,,,,,,,,,,0.9627906976744186,0.9629250793258805,0.9635074903948118,0.9627906976744186,0.9997089639115251,0.9997089656123913,0.9997099606104581,0.9997089639115251,7.628285607626272e-05,8.100577116012573,1428991
1673,CNN,mfe,100,0.001,32,adamw,1e-5,1,32,3,2,128,0.25,,,,,,,,,,,,,,,,,,0.9674418604651163,0.9674582899144741,0.9684162327250604,0.9674418604651163,1.0,1.0,1.0,1.0,7.668317750442859e-05,7.81941819190979,1428881
1674,CNN,mfe,100,0.001,32,adamw,1e-5,1,32,5,0,32,0.0,,,,,,,,,,,,,,,,,,0.9616279069767442,0.9618229121969186,0.962428371754316,0.9616279069767442,1.0,1.0,1.0,1.0,5.78605851461721e-05,6.574160814285278,83725
1675,CNN,mfe,100,0.001,32,adamw,1e-5,1,32,5,0,32,0.25,,,,,,,,,,,,,,,,,,0.9709302325581395,0.9710624384544192,0.9716849045580032,0.9709302325581395,1.0,1.0,1.0,1.0,5.72135282117267e-05,6.589521646499634,83759
1676,CNN,mfe,100,0.001,32,adamw,1e-5,1,32,5,0,64,0.0,,,,,,,,,,,,,,,,,,0.9593023255813954,0.95938042028619,0.9599462546138418,0.9593023255813954,1.0,1.0,1.0,1.0,5.6718116582826124e-05,6.565382242202759,83712
1677,CNN,mfe,100,0.001,32,adamw,1e-5,1,32,5,0,64,0.25,,,,,,,,,,,,,,,,,,0.9651162790697675,0.9652689017503594,0.9659679255532989,0.9651162790697675,1.0,1.0,1.0,1.0,5.7097922923953034e-05,6.513402700424194,83689
1678,CNN,mfe,100,0.001,32,adamw,1e-5,1,32,5,0,128,0.0,,,,,,,,,,,,,,,,,,0.9627906976744186,0.9627797538929928,0.963076837779889,0.9627906976744186,1.0,1.0,1.0,1.0,5.652433217957962e-05,6.418145179748535,83731
1679,CNN,mfe,100,0.001,32,adamw,1e-5,1,32,5,0,128,0.25,,,,,,,,,,,,,,,,,,0.9651162790697675,0.9651457985353549,0.9654535559768803,0.9651162790697675,1.0,1.0,1.0,1.0,5.653126295222792e-05,6.0052924156188965,83753
1680,CNN,mfe,100,0.001,32,adamw,1e-5,1,32,5,1,32,0.0,,,,,,,,,,,,,,,,,,0.9558139534883721,0.9560404627142037,0.956734604915255,0.9558139534883721,0.9979627473806753,0.9979628810594002,0.9979841533825371,0.9979627473806753,6.840423096057981e-05,7.014880657196045,198802
1681,CNN,mfe,100,0.001,32,adamw,1e-5,1,32,5,1,32,0.25,,,,,,,,,,,,,,,,,,0.9476744186046512,0.9478579227340114,0.9486942398152144,0.9476744186046512,0.9956344586728755,0.9956394389455032,0.9957168280683218,0.9956344586728755,6.884170133014058e-05,6.739905595779419,198720
1682,CNN,mfe,100,0.001,32,adamw,1e-5,1,32,5,1,64,0.0,,,,,,,,,,,,,,,,,,0.9593023255813954,0.9595642931859786,0.9602437760118655,0.9593023255813954,1.0,1.0,1.0,1.0,6.930828094482422e-05,6.778790712356567,377950
1683,CNN,mfe,100,0.001,32,adamw,1e-5,1,32,5,1,64,0.25,,,,,,,,,,,,,,,,,,0.9523255813953488,0.9525817809104373,0.9534115501956413,0.9523255813953488,0.9997089639115251,0.9997089515805696,0.9997099504745367,0.9997089639115251,6.916661595189295e-05,7.100734710693359,378577
1684,CNN,mfe,100,0.001,32,adamw,1e-5,1,32,5,1,128,0.0,,,,,,,,,,,,,,,,,,0.9558139534883721,0.9561196555880216,0.9575245769627544,0.9558139534883721,1.0,1.0,1.0,1.0,6.830581398897393e-05,7.383960962295532,737610
1685,CNN,mfe,100,0.001,32,adamw,1e-5,1,32,5,1,128,0.25,,,,,,,,,,,,,,,,,,0.9569767441860465,0.9571040649357325,0.9575970190765534,0.9569767441860465,1.0,1.0,1.0,1.0,6.858637166577716e-05,7.242154598236084,737576
1686,CNN,mfe,100,0.001,32,adamw,1e-5,1,32,5,2,32,0.0,,,,,,,,,,,,,,,,,,0.9523255813953488,0.9523099086503936,0.9528962789914414,0.9523255813953488,0.9994179278230501,0.9994179267979079,0.9994199955815344,0.9994179278230501,7.934376250865847e-05,7.477790117263794,214051
1687,CNN,mfe,100,0.001,32,adamw,1e-5,1,32,5,2,32,0.25,,,,,,,,,,,,,,,,,,0.9476744186046512,0.9478971117040408,0.9485131541546781,0.9476744186046512,1.0,1.0,1.0,1.0,7.944273394207621e-05,7.4089367389678955,214034
1688,CNN,mfe,100,0.001,32,adamw,1e-5,1,32,5,2,64,0.0,,,,,,,,,,,,,,,,,,0.9616279069767442,0.9616539863041387,0.9620072536217666,0.9616279069767442,1.0,1.0,1.0,1.0,7.93914462244788e-05,7.469746351242065,437203
1689,CNN,mfe,100,0.001,32,adamw,1e-5,1,32,5,2,64,0.25,,,,,,,,,,,,,,,,,,0.9593023255813954,0.9593450387318508,0.9599459877426254,0.9593023255813954,1.0,1.0,1.0,1.0,7.90013823398324e-05,7.709987640380859,437085
1690,CNN,mfe,100,0.001,32,adamw,1e-5,1,32,5,2,128,0.0,,,,,,,,,,,,,,,,,,0.9546511627906977,0.9546164476288463,0.9548215395108666,0.9546511627906977,1.0,1.0,1.0,1.0,7.927279139673987e-05,7.803236722946167,971726
1691,CNN,mfe,100,0.001,32,adamw,1e-5,1,32,5,2,128,0.25,,,,,,,,,,,,,,,,,,0.9534883720930233,0.9536684026406174,0.9542861650793382,0.9534883720930233,1.0,1.0,1.0,1.0,8.000606714293014e-05,7.725322008132935,970925
1692,CNN,mfe,100,0.001,32,adamw,1e-5,1,64,3,0,32,0.0,,,,,,,,,,,,,,,,,,0.977906976744186,0.9779541843822864,0.978110456788144,0.977906976744186,1.0,1.0,1.0,1.0,5.450830903164176e-05,6.107722520828247,232947
1693,CNN,mfe,100,0.001,32,adamw,1e-5,1,64,3,0,32,0.25,,,,,,,,,,,,,,,,,,0.9755813953488373,0.9756593304707585,0.9760812073127828,0.9755813953488373,1.0,1.0,1.0,1.0,5.610183227893918e-05,6.629247188568115,233024
1694,CNN,mfe,100,0.001,32,adamw,1e-5,1,64,3,0,64,0.0,,,,,,,,,,,,,,,,,,0.9813953488372092,0.9814503232404385,0.98170873711332,0.9813953488372092,1.0,1.0,1.0,1.0,5.5312555889750635e-05,6.592074394226074,232989
1695,CNN,mfe,100,0.001,32,adamw,1e-5,1,64,3,0,64,0.25,,,,,,,,,,,,,,,,,,0.9755813953488373,0.9756817030973219,0.9759993639984111,0.9755813953488373,1.0,1.0,1.0,1.0,5.4902808610783065e-05,6.055414915084839,232935
1696,CNN,mfe,100,0.001,32,adamw,1e-5,1,64,3,0,128,0.0,,,,,,,,,,,,,,,,,,0.9709302325581395,0.9710804829752433,0.9714707640279865,0.9709302325581395,1.0,1.0,1.0,1.0,5.6312250536541605e-05,6.338876724243164,232952
1697,CNN,mfe,100,0.001,32,adamw,1e-5,1,64,3,0,128,0.25,,,,,,,,,,,,,,,,,,0.9825581395348837,0.9826243686007913,0.9830844999054389,0.9825581395348837,1.0,1.0,1.0,1.0,5.551160768020985e-05,6.466965675354004,233010
1698,CNN,mfe,100,0.001,32,adamw,1e-5,1,64,3,1,32,0.0,,,,,,,,,,,,,,,,,,0.9523255813953488,0.9525659997963022,0.9537567365732338,0.9523255813953488,0.9965075669383003,0.9965099012522585,0.99657844888491,0.9965075669383003,6.687946097795353e-05,7.309328556060791,601832
1699,CNN,mfe,100,0.001,32,adamw,1e-5,1,64,3,1,32,0.25,,,,,,,,,,,,,,,,,,0.9755813953488373,0.9756132927499812,0.9759660036232538,0.9755813953488373,1.0,1.0,1.0,1.0,6.715724634569744e-05,7.6011269092559814,600419
1700,CNN,mfe,100,0.001,32,adamw,1e-5,1,64,3,1,64,0.0,,,,,,,,,,,,,,,,,,0.9720930232558139,0.9721314676049665,0.9722987353616426,0.9720930232558139,1.0,1.0,1.0,1.0,6.678353908450104e-05,7.648295164108276,1187463
1701,CNN,mfe,100,0.001,32,adamw,1e-5,1,64,3,1,64,0.25,,,,,,,,,,,,,,,,,,0.9697674418604652,0.9698398294403788,0.9701950279491599,0.9697674418604652,1.0,1.0,1.0,1.0,7.174680399340252e-05,7.190033912658691,1187251
1702,CNN,mfe,100,0.001,32,adamw,1e-5,1,64,3,1,128,0.0,,,,,,,,,,,,,,,,,,0.9720930232558139,0.9721998006055437,0.9726843079305243,0.9720930232558139,1.0,1.0,1.0,1.0,6.56915265460347e-05,7.710852384567261,2359212
1703,CNN,mfe,100,0.001,32,adamw,1e-5,1,64,3,1,128,0.25,,,,,,,,,,,,,,,,,,0.9744186046511628,0.9744879595246814,0.9750007344865558,0.9744186046511628,1.0,1.0,1.0,1.0,6.578911182492278e-05,7.400625228881836,2359542
1704,CNN,mfe,100,0.001,32,adamw,1e-5,1,64,3,2,32,0.0,,,,,,,,,,,,,,,,,,0.9709302325581395,0.9708893953453549,0.9715470497480909,0.9709302325581395,0.9982537834691502,0.9982557159627192,0.9982675320400062,0.9982537834691502,7.670452428418536e-05,7.9191083908081055,617493
1705,CNN,mfe,100,0.001,32,adamw,1e-5,1,64,3,2,32,0.25,,,,,,,,,,,,,,,,,,0.9720930232558139,0.9721000948695366,0.9725254915496304,0.9720930232558139,0.9994179278230501,0.9994179702414372,0.9994220559945178,0.9994179278230501,7.997169051059457e-05,7.668331146240234,618034
1706,CNN,mfe,100,0.001,32,adamw,1e-5,1,64,3,2,64,0.0,,,,,,,,,,,,,,,,,,0.9627906976744186,0.9627913734970707,0.9632639146845762,0.9627906976744186,1.0,1.0,1.0,1.0,7.86839529525402e-05,7.982427358627319,1247665
1707,CNN,mfe,100,0.001,32,adamw,1e-5,1,64,3,2,64,0.25,,,,,,,,,,,,,,,,,,0.9674418604651163,0.9674560749512344,0.9680270622653614,0.9674418604651163,1.0,1.0,1.0,1.0,7.855642673581145e-05,8.304980039596558,1247099
1708,CNN,mfe,100,0.001,32,adamw,1e-5,1,64,3,2,128,0.0,,,,,,,,,,,,,,,,,,0.9674418604651163,0.9674250505729939,0.9674882357841788,0.9674418604651163,1.0,1.0,1.0,1.0,7.684397142986919e-05,8.396451950073242,2596201
1709,CNN,mfe,100,0.001,32,adamw,1e-5,1,64,3,2,128,0.25,,,,,,,,,,,,,,,,,,0.9709302325581395,0.9710028619762695,0.9713627421749856,0.9709302325581395,1.0,1.0,1.0,1.0,7.641287737114485e-05,8.059337139129639,2596124
1710,CNN,mfe,100,0.001,32,adamw,1e-5,1,64,5,0,32,0.0,,,,,,,,,,,,,,,,,,0.9686046511627907,0.9686671359791982,0.9690771321117114,0.9686046511627907,1.0,1.0,1.0,1.0,5.415733470473179e-05,6.102218866348267,160648
1711,CNN,mfe,100,0.001,32,adamw,1e-5,1,64,5,0,32,0.25,,,,,,,,,,,,,,,,,,0.9720930232558139,0.9722866623255104,0.9728846993648829,0.9720930232558139,1.0,1.0,1.0,1.0,5.415788916654365e-05,6.616329193115234,160773
1712,CNN,mfe,100,0.001,32,adamw,1e-5,1,64,5,0,64,0.0,,,,,,,,,,,,,,,,,,0.9720930232558139,0.9721072742419483,0.9724971043390777,0.9720930232558139,1.0,1.0,1.0,1.0,5.45424084330714e-05,6.4556567668914795,160604
1713,CNN,mfe,100,0.001,32,adamw,1e-5,1,64,5,0,64,0.25,,,,,,,,,,,,,,,,,,0.963953488372093,0.964111963348306,0.9644369261455077,0.963953488372093,1.0,1.0,1.0,1.0,5.5510498756586116e-05,6.444173336029053,160696
1714,CNN,mfe,100,0.001,32,adamw,1e-5,1,64,5,0,128,0.0,,,,,,,,,,,,,,,,,,0.9651162790697675,0.9650810679860773,0.965450244957238,0.9651162790697675,1.0,1.0,1.0,1.0,5.455959674923919e-05,6.415518283843994,160685
1715,CNN,mfe,100,0.001,32,adamw,1e-5,1,64,5,0,128,0.25,,,,,,,,,,,,,,,,,,0.9709302325581395,0.9709046841518795,0.971287605577899,0.9709302325581395,1.0,1.0,1.0,1.0,5.476225254147552e-05,6.277159214019775,160687
1716,CNN,mfe,100,0.001,32,adamw,1e-5,1,64,5,1,32,0.0,,,,,,,,,,,,,,,,,,0.9534883720930233,0.953539987938331,0.9540565066447937,0.9534883720930233,0.9982537834691502,0.9982538592572618,0.998262052681224,0.9982537834691502,6.645807000093682e-05,7.350409030914307,384742
1717,CNN,mfe,100,0.001,32,adamw,1e-5,1,64,5,1,32,0.25,,,,,,,,,,,,,,,,,,0.9709302325581395,0.970898124890392,0.9710985619728534,0.9709302325581395,1.0,1.0,1.0,1.0,6.653985311818678e-05,6.978713274002075,384354
1718,CNN,mfe,100,0.001,32,adamw,1e-5,1,64,5,1,64,0.0,,,,,,,,,,,,,,,,,,0.9651162790697675,0.9654998603749985,0.9663987213002392,0.9651162790697675,1.0,1.0,1.0,1.0,6.99162483215332e-05,7.292727947235107,738111
1719,CNN,mfe,100,0.001,32,adamw,1e-5,1,64,5,1,64,0.25,,,,,,,,,,,,,,,,,,0.9720930232558139,0.9721197905043236,0.9723960195225477,0.9720930232558139,1.0,1.0,1.0,1.0,6.690468899039335e-05,7.239382028579712,737175
1720,CNN,mfe,100,0.001,32,adamw,1e-5,1,64,5,1,128,0.0,,,,,,,,,,,,,,,,,,0.9662790697674418,0.9662181763798934,0.9664051203033,0.9662790697674418,1.0,1.0,1.0,1.0,6.670646889265194e-05,7.377874374389648,1445592
1721,CNN,mfe,100,0.001,32,adamw,1e-5,1,64,5,1,128,0.25,,,,,,,,,,,,,,,,,,0.9697674418604652,0.9698916428052159,0.9703662103679586,0.9697674418604652,1.0,1.0,1.0,1.0,6.596543068109557e-05,7.5418381690979,1446142
1722,CNN,mfe,100,0.001,32,adamw,1e-5,1,64,5,2,32,0.0,,,,,,,,,,,,,,,,,,0.963953488372093,0.9640666530623011,0.9647371589422361,0.963953488372093,1.0,1.0,1.0,1.0,7.661359254703965e-05,7.620352506637573,399497
1723,CNN,mfe,100,0.001,32,adamw,1e-5,1,64,5,2,32,0.25,,,,,,,,,,,,,,,,,,0.9627906976744186,0.9628580992221283,0.9631044681424957,0.9627906976744186,1.0,1.0,1.0,1.0,8.249975914178892e-05,7.730510473251343,399595
1724,CNN,mfe,100,0.001,32,adamw,1e-5,1,64,5,2,64,0.0,,,,,,,,,,,,,,,,,,0.963953488372093,0.9638572624819447,0.9643963907647375,0.963953488372093,1.0,1.0,1.0,1.0,7.866815079090208e-05,7.829950571060181,796891
1725,CNN,mfe,100,0.001,32,adamw,1e-5,1,64,5,2,64,0.25,,,,,,,,,,,,,,,,,,0.963953488372093,0.9639305326588917,0.9643134305557305,0.963953488372093,1.0,1.0,1.0,1.0,7.888854936111805e-05,7.628677606582642,796615
1726,CNN,mfe,100,0.001,32,adamw,1e-5,1,64,5,2,128,0.0,,,,,,,,,,,,,,,,,,0.9651162790697675,0.965024850946569,0.9651870676594541,0.9651162790697675,1.0,1.0,1.0,1.0,7.663355317226676e-05,8.14306902885437,1680237
1727,CNN,mfe,100,0.001,32,adamw,1e-5,1,64,5,2,128,0.25,,,,,,,,,,,,,,,,,,0.9593023255813954,0.959270967605016,0.9594552355192085,0.9593023255813954,1.0,1.0,1.0,1.0,7.709763770879701e-05,7.973812580108643,1679033
1728,CNN,mfe,100,0.001,32,adamw,1e-5,2,16,3,0,32,0.0,,,,,,,,,,,,,,,,,,0.8418604651162791,0.8422279072407041,0.8466571768660404,0.8418604651162791,0.9805005820721769,0.9804601991837244,0.9808287227740157,0.9805005820721769,8.089681004368982e-05,7.26166296005249,45580
1729,CNN,mfe,100,0.001,32,adamw,1e-5,2,16,3,0,32,0.25,,,,,,,,,,,,,,,,,,0.8348837209302326,0.8356667414762394,0.8461552016281635,0.8348837209302326,0.9557625145518044,0.9556987662294347,0.9600395671300171,0.9557625145518044,8.079007614490598e-05,7.597956418991089,45574
1730,CNN,mfe,100,0.001,32,adamw,1e-5,2,16,3,0,64,0.0,,,,,,,,,,,,,,,,,,0.8523255813953489,0.8522263597736133,0.8524983549535826,0.8523255813953489,0.9717694994179278,0.9714548848931143,0.9721726842599476,0.9717694994179278,8.24243523353754e-05,7.172723293304443,45566
1731,CNN,mfe,100,0.001,32,adamw,1e-5,2,16,3,0,64,0.25,,,,,,,,,,,,,,,,,,0.8465116279069768,0.8467141632543457,0.8531530863471207,0.8465116279069768,0.9575087310826542,0.957464336921289,0.9597092117214144,0.9575087310826542,8.079173953034157e-05,7.28648567199707,45640
1732,CNN,mfe,100,0.001,32,adamw,1e-5,2,16,3,0,128,0.0,,,,,,,,,,,,,,,,,,0.8441860465116279,0.8415916212770997,0.8441523162327873,0.8441860465116279,0.9790454016298021,0.978988021000785,0.9794531775068526,0.9790454016298021,8.09511473012525e-05,7.511747121810913,45563
1733,CNN,mfe,100,0.001,32,adamw,1e-5,2,16,3,0,128,0.25,,,,,,,,,,,,,,,,,,0.8523255813953489,0.8551964256449466,0.865210515496192,0.8523255813953489,0.9621653084982538,0.9621879441412005,0.9634392622552843,0.9621653084982538,8.123281390167946e-05,7.276478052139282,45586
1734,CNN,mfe,100,0.001,32,adamw,1e-5,2,16,3,1,32,0.0,,,,,,,,,,,,,,,,,,0.8372093023255814,0.8371358108265524,0.8406980416478815,0.8372093023255814,0.9714784633294529,0.971366711477002,0.9720022185773642,0.9714784633294529,9.31340594624364e-05,8.061147451400757,56585
1735,CNN,mfe,100,0.001,32,adamw,1e-5,2,16,3,1,32,0.25,,,,,,,,,,,,,,,,,,0.8267441860465117,0.8260089588854088,0.827441959886585,0.8267441860465117,0.9563445867287543,0.9561674384947331,0.956622301514686,0.9563445867287543,9.682732959126318e-05,8.12203598022461,56665
1736,CNN,mfe,100,0.001,32,adamw,1e-5,2,16,3,1,64,0.0,,,,,,,,,,,,,,,,,,0.8162790697674419,0.8147486670541026,0.819282285826314,0.8162790697674419,0.980791618160652,0.98078882352619,0.981380221055638,0.980791618160652,9.393830632054528e-05,7.822486400604248,69730
1737,CNN,mfe,100,0.001,32,adamw,1e-5,2,16,3,1,64,0.25,,,,,,,,,,,,,,,,,,0.8453488372093023,0.846400608976863,0.8500107640548874,0.8453488372093023,0.9869033760186263,0.9869567562684123,0.987112027766678,0.9869033760186263,9.437744007554165e-05,7.848205804824829,69676
1738,CNN,mfe,100,0.001,32,adamw,1e-5,2,16,3,1,128,0.0,,,,,,,,,,,,,,,,,,0.8569767441860465,0.8581766468878255,0.8612035547480424,0.8569767441860465,1.0,1.0,1.0,1.0,9.423494338989258e-05,8.037726402282715,95932
1739,CNN,mfe,100,0.001,32,adamw,1e-5,2,16,3,1,128,0.25,,,,,,,,,,,,,,,,,,0.8476744186046512,0.8470235891561871,0.8487510398985776,0.8476744186046512,0.9959254947613504,0.9959186671037918,0.9959678545883337,0.9959254947613504,9.466964145039403e-05,8.104553461074829,95958
1740,CNN,mfe,100,0.001,32,adamw,1e-5,2,16,3,2,32,0.0,,,,,,,,,,,,,,,,,,0.8313953488372093,0.8315720696565401,0.8392993583663574,0.8313953488372093,0.9714784633294529,0.9714068236955974,0.972197083022243,0.9714784633294529,0.00010442983272463777,8.469865083694458,72046
1741,CNN,mfe,100,0.001,32,adamw,1e-5,2,16,3,2,32,0.25,,,,,,,,,,,,,,,,,,0.8127906976744186,0.8125770324547377,0.8197492488663288,0.8127906976744186,0.9752619324796274,0.975000520801308,0.9770611156163321,0.9752619324796274,0.0001045859137246775,8.804652214050293,72022
1742,CNN,mfe,100,0.001,32,adamw,1e-5,2,16,3,2,64,0.0,,,,,,,,,,,,,,,,,,0.8267441860465117,0.826015436004403,0.8269425450447442,0.8267441860465117,0.979336437718277,0.9792962131228374,0.9797716123629513,0.979336437718277,0.00010367936866227971,8.753527641296387,129098
1743,CNN,mfe,100,0.001,32,adamw,1e-5,2,16,3,2,64,0.25,,,,,,,,,,,,,,,,,,0.8244186046511628,0.8247904440328959,0.8279020569345696,0.8244186046511628,0.9997089639115251,0.9997089717537445,0.9997099850907828,0.9997089639115251,0.00010430036589156749,8.509607791900635,128948
1744,CNN,mfe,100,0.001,32,adamw,1e-5,2,16,3,2,128,0.0,,,,,,,,,,,,,,,,,,0.85,0.8531286691037616,0.8594323580944291,0.85,0.9752619324796274,0.9754612755467311,0.9765285436847815,0.9752619324796274,0.00010599202887956486,8.843330383300781,329883
1745,CNN,mfe,100,0.001,32,adamw,1e-5,2,16,3,2,128,0.25,,,,,,,,,,,,,,,,,,0.8348837209302326,0.8353235116880026,0.8363883005534208,0.8348837209302326,0.9985448195576252,0.9985433506509958,0.9985488935792717,0.9985448195576252,0.00010522382203922715,8.524178981781006,329922
1746,CNN,mfe,100,0.001,32,adamw,1e-5,2,16,5,0,32,0.0,,,,,,,,,,,,,,,,,,0.9627906976744186,0.9626530594311068,0.9628458589749183,0.9627906976744186,1.0,1.0,1.0,1.0,5.660472914229992e-05,6.503467559814453,45238
1747,CNN,mfe,100,0.001,32,adamw,1e-5,2,16,5,0,32,0.25,,,,,,,,,,,,,,,,,,0.9593023255813954,0.9593855136537985,0.9599067765782308,0.9593023255813954,1.0,1.0,1.0,1.0,5.6805721549100656e-05,6.497493267059326,45219
1748,CNN,mfe,100,0.001,32,adamw,1e-5,2,16,5,0,64,0.0,,,,,,,,,,,,,,,,,,0.9453488372093023,0.9453904510655354,0.9460617480935327,0.9453488372093023,1.0,1.0,1.0,1.0,5.7249568229497865e-05,6.045445442199707,45248
1749,CNN,mfe,100,0.001,32,adamw,1e-5,2,16,5,0,64,0.25,,,,,,,,,,,,,,,,,,0.9372093023255814,0.9375948354821556,0.9386490816491619,0.9372093023255814,0.9988358556461001,0.9988367786411513,0.998842751725205,0.9988358556461001,5.702251611753952e-05,6.124988555908203,45266
1750,CNN,mfe,100,0.001,32,adamw,1e-5,2,16,5,0,128,0.0,,,,,,,,,,,,,,,,,,0.9488372093023256,0.9486958390734778,0.9487770151881942,0.9488372093023256,1.0,1.0,1.0,1.0,5.695570346920989e-05,6.540148496627808,45284
1751,CNN,mfe,100,0.001,32,adamw,1e-5,2,16,5,0,128,0.25,,,,,,,,,,,,,,,,,,0.9383720930232559,0.9385263677270691,0.9390899085205462,0.9383720930232559,1.0,1.0,1.0,1.0,5.6359379790550056e-05,6.3005921840667725,45267
1752,CNN,mfe,100,0.001,32,adamw,1e-5,2,16,5,1,32,0.0,,,,,,,,,,,,,,,,,,0.9627906976744186,0.9626902330636248,0.9631620864488599,0.9627906976744186,0.9997089639115251,0.9997089605096732,0.9997099504745367,0.9997089639115251,6.975905839786973e-05,6.742835283279419,105821
1753,CNN,mfe,100,0.001,32,adamw,1e-5,2,16,5,1,32,0.25,,,,,,,,,,,,,,,,,,0.9453488372093023,0.9457357606915889,0.9470009490718415,0.9453488372093023,1.0,1.0,1.0,1.0,7.146319677663404e-05,7.022624492645264,105838
1754,CNN,mfe,100,0.001,32,adamw,1e-5,2,16,5,1,64,0.0,,,,,,,,,,,,,,,,,,0.9441860465116279,0.9443441983803419,0.9450519090060312,0.9441860465116279,1.0,1.0,1.0,1.0,6.811147512391557e-05,7.218371629714966,198459
1755,CNN,mfe,100,0.001,32,adamw,1e-5,2,16,5,1,64,0.25,,,,,,,,,,,,,,,,,,0.9593023255813954,0.9594527094685948,0.9600717792235083,0.9593023255813954,1.0,1.0,1.0,1.0,6.86498575432356e-05,7.296437740325928,198369
1756,CNN,mfe,100,0.001,32,adamw,1e-5,2,16,5,1,128,0.0,,,,,,,,,,,,,,,,,,0.9558139534883721,0.955795209013539,0.9564029972096183,0.9558139534883721,1.0,1.0,1.0,1.0,6.915386333022006e-05,7.157676696777344,383737
1757,CNN,mfe,100,0.001,32,adamw,1e-5,2,16,5,1,128,0.25,,,,,,,,,,,,,,,,,,0.9546511627906977,0.9552235396927017,0.9565637356262511,0.9546511627906977,1.0,1.0,1.0,1.0,7.224554239317428e-05,7.162367105484009,384003
1758,CNN,mfe,100,0.001,32,adamw,1e-5,2,16,5,2,32,0.0,,,,,,,,,,,,,,,,,,0.9313953488372093,0.9317348772341945,0.9333661929555673,0.9313953488372093,1.0,1.0,1.0,1.0,7.875076560086983e-05,7.3941404819488525,121396
1759,CNN,mfe,100,0.001,32,adamw,1e-5,2,16,5,2,32,0.25,,,,,,,,,,,,,,,,,,0.936046511627907,0.9361118754212183,0.9389745710113574,0.936046511627907,0.9976717112922002,0.9976681888953841,0.9976858426855666,0.9976717112922002,7.851179255995639e-05,7.744863271713257,121384
1760,CNN,mfe,100,0.001,32,adamw,1e-5,2,16,5,2,64,0.0,,,,,,,,,,,,,,,,,,0.9186046511627907,0.9179243751246348,0.9223585317942709,0.9186046511627907,0.969732246798603,0.9696966021971709,0.9713227406375284,0.969732246798603,8.05766083473383e-05,7.657329320907593,258022
1761,CNN,mfe,100,0.001,32,adamw,1e-5,2,16,5,2,64,0.25,,,,,,,,,,,,,,,,,,0.9383720930232559,0.9385203702766379,0.9394390121516207,0.9383720930232559,1.0,1.0,1.0,1.0,8.105621781460074e-05,7.542460918426514,257900
1762,CNN,mfe,100,0.001,32,adamw,1e-5,2,16,5,2,128,0.0,,,,,,,,,,,,,,,,,,0.9406976744186046,0.9405710859374917,0.9410695127977736,0.9406976744186046,1.0,1.0,1.0,1.0,7.893346076787904e-05,7.636054515838623,617841
1763,CNN,mfe,100,0.001,32,adamw,1e-5,2,16,5,2,128,0.25,,,,,,,,,,,,,,,,,,0.9488372093023256,0.9488367133926959,0.9493252153807641,0.9488372093023256,1.0,1.0,1.0,1.0,8.013581120690634e-05,7.434931993484497,617784
1764,CNN,mfe,100,0.001,32,adamw,1e-5,2,32,3,0,32,0.0,,,,,,,,,,,,,,,,,,0.891860465116279,0.89205997092234,0.8950904262484506,0.891860465116279,1.0,1.0,1.0,1.0,8.32322031952614e-05,7.382328748703003,148390
1765,CNN,mfe,100,0.001,32,adamw,1e-5,2,32,3,0,32,0.25,,,,,,,,,,,,,,,,,,0.9046511627906977,0.9051449554443559,0.9061673987059116,0.9046511627906977,1.0,1.0,1.0,1.0,8.253358131231264e-05,7.4988462924957275,148445
1766,CNN,mfe,100,0.001,32,adamw,1e-5,2,32,3,0,64,0.0,,,,,,,,,,,,,,,,,,0.9186046511627907,0.9190024328695083,0.9208219160774238,0.9186046511627907,1.0,1.0,1.0,1.0,8.465606112812841e-05,7.487108469009399,148408
1767,CNN,mfe,100,0.001,32,adamw,1e-5,2,32,3,0,64,0.25,,,,,,,,,,,,,,,,,,0.8965116279069767,0.896119427374625,0.897838895595018,0.8965116279069767,1.0,1.0,1.0,1.0,8.270546447399051e-05,7.437376260757446,148336
1768,CNN,mfe,100,0.001,32,adamw,1e-5,2,32,3,0,128,0.0,,,,,,,,,,,,,,,,,,0.8825581395348837,0.8815284342010722,0.887211675972441,0.8825581395348837,0.9772991850989523,0.9772580229135885,0.9780712636259894,0.9772991850989523,8.21734583655069e-05,7.171998023986816,148378
1769,CNN,mfe,100,0.001,32,adamw,1e-5,2,32,3,0,128,0.25,,,,,,,,,,,,,,,,,,0.8953488372093024,0.8950102752733518,0.8959321840330426,0.8953488372093024,1.0,1.0,1.0,1.0,8.239191631938137e-05,7.299549579620361,148399
1770,CNN,mfe,100,0.001,32,adamw,1e-5,2,32,3,1,32,0.0,,,,,,,,,,,,,,,,,,0.8906976744186047,0.8911283276318802,0.8941652266877743,0.8906976744186047,0.9892316647264261,0.9892162969971586,0.9894329198655712,0.9892316647264261,9.41079716349757e-05,7.9505295753479,163874
1771,CNN,mfe,100,0.001,32,adamw,1e-5,2,32,3,1,32,0.25,,,,,,,,,,,,,,,,,,0.9046511627906977,0.9053184080144184,0.9072613784691425,0.9046511627906977,1.0,1.0,1.0,1.0,9.384986966155297e-05,7.778324842453003,163856
1772,CNN,mfe,100,0.001,32,adamw,1e-5,2,32,3,1,64,0.0,,,,,,,,,,,,,,,,,,0.9023255813953488,0.9024324223447233,0.903999351413502,0.9023255813953488,1.0,1.0,1.0,1.0,9.355489597764126e-05,8.1603684425354,184285
1773,CNN,mfe,100,0.001,32,adamw,1e-5,2,32,3,1,64,0.25,,,,,,,,,,,,,,,,,,0.8883720930232558,0.8898344144815726,0.8982296411550662,0.8883720930232558,0.9947613504074505,0.9947852995683069,0.9948962432635171,0.9947613504074505,9.494659512542014e-05,7.970525026321411,184239
1774,CNN,mfe,100,0.001,32,adamw,1e-5,2,32,3,1,128,0.0,,,,,,,,,,,,,,,,,,0.8953488372093024,0.8959833221432227,0.8970568750699762,0.8953488372093024,1.0,1.0,1.0,1.0,9.537658026052076e-05,7.915445566177368,225066
1775,CNN,mfe,100,0.001,32,adamw,1e-5,2,32,3,1,128,0.25,,,,,,,,,,,,,,,,,,0.9197674418604651,0.9201283148334561,0.9219229028134168,0.9197674418604651,1.0,1.0,1.0,1.0,9.533000546832417e-05,7.912058591842651,224998
1776,CNN,mfe,100,0.001,32,adamw,1e-5,2,32,3,2,32,0.0,,,,,,,,,,,,,,,,,,0.8709302325581395,0.8694325431571848,0.8716343560785819,0.8709302325581395,0.9970896391152503,0.997093775672612,0.9971354944508592,0.9970896391152503,0.00010396436203357785,8.500567436218262,179478
1777,CNN,mfe,100,0.001,32,adamw,1e-5,2,32,3,2,32,0.25,,,,,,,,,,,,,,,,,,0.8860465116279069,0.8858573380281252,0.8874493751206635,0.8860465116279069,0.9994179278230501,0.999417910813343,0.9994218607431645,0.9994179278230501,0.00010518417801967887,8.807020425796509,179491
1778,CNN,mfe,100,0.001,32,adamw,1e-5,2,32,3,2,64,0.0,,,,,,,,,,,,,,,,,,0.8976744186046511,0.8977438765917424,0.8991317167639773,0.8976744186046511,0.9994179278230501,0.9994179663198871,0.9994222235586733,0.9994179278230501,0.00010425684063933616,8.628334522247314,243676
1779,CNN,mfe,100,0.001,32,adamw,1e-5,2,32,3,2,64,0.25,,,,,,,,,,,,,,,,,,0.8895348837209303,0.888442700334083,0.8910730187147122,0.8895348837209303,0.9965075669383003,0.9965056187067006,0.9965237861995969,0.9965075669383003,0.00011149284451506859,8.76225233078003,243508
1780,CNN,mfe,100,0.001,32,adamw,1e-5,2,32,3,2,128,0.0,,,,,,,,,,,,,,,,,,0.8534883720930233,0.8531414265387045,0.8606743009218784,0.8534883720930233,0.9764260768335273,0.976331782208209,0.9778952425295914,0.9764260768335273,0.00010659999625627385,8.76654601097107,459208
1781,CNN,mfe,100,0.001,32,adamw,1e-5,2,32,3,2,128,0.25,,,,,,,,,,,,,,,,,,0.8686046511627907,0.8691120467847292,0.875508383722275,0.8686046511627907,0.9860302677532014,0.9859866999561909,0.9863082640684352,0.9860302677532014,0.00010693794073060501,8.578067302703857,459294
1782,CNN,mfe,100,0.001,32,adamw,1e-5,2,32,5,0,32,0.0,,,,,,,,,,,,,,,,,,0.9604651162790697,0.9606144873339125,0.9612018183816428,0.9604651162790697,1.0,1.0,1.0,1.0,5.752873975177144e-05,6.711047172546387,83732
1783,CNN,mfe,100,0.001,32,adamw,1e-5,2,32,5,0,32,0.25,,,,,,,,,,,,,,,,,,0.9593023255813954,0.9594812392481094,0.9604597614103898,0.9593023255813954,1.0,1.0,1.0,1.0,5.689637605534044e-05,6.650115966796875,83731
1784,CNN,mfe,100,0.001,32,adamw,1e-5,2,32,5,0,64,0.0,,,,,,,,,,,,,,,,,,0.9709302325581395,0.9709941624223969,0.9712357078054746,0.9709302325581395,1.0,1.0,1.0,1.0,5.7164458341376724e-05,6.157170057296753,83699
1785,CNN,mfe,100,0.001,32,adamw,1e-5,2,32,5,0,64,0.25,,,,,,,,,,,,,,,,,,0.9732558139534884,0.973179470947556,0.9734233222280609,0.9732558139534884,1.0,1.0,1.0,1.0,5.781622820122298e-05,6.25243878364563,83755
1786,CNN,mfe,100,0.001,32,adamw,1e-5,2,32,5,0,128,0.0,,,,,,,,,,,,,,,,,,0.9674418604651163,0.9674843087859419,0.968000370361617,0.9674418604651163,1.0,1.0,1.0,1.0,5.699368410332258e-05,6.362433433532715,83749
1787,CNN,mfe,100,0.001,32,adamw,1e-5,2,32,5,0,128,0.25,,,,,,,,,,,,,,,,,,0.9558139534883721,0.9560900842927033,0.9575152763181143,0.9558139534883721,0.9965075669383003,0.9965291484666328,0.9966269410627256,0.9965075669383003,5.74159067730571e-05,6.550393342971802,83747
1788,CNN,mfe,100,0.001,32,adamw,1e-5,2,32,5,1,32,0.0,,,,,,,,,,,,,,,,,,0.9569767441860465,0.9568945584479625,0.9571589039910708,0.9569767441860465,1.0,1.0,1.0,1.0,6.92337058311285e-05,6.901574611663818,198464
1789,CNN,mfe,100,0.001,32,adamw,1e-5,2,32,5,1,32,0.25,,,,,,,,,,,,,,,,,,0.958139534883721,0.9582851008431056,0.9590706925943939,0.958139534883721,0.9979627473806753,0.9979663310057343,0.9979809875137151,0.9979627473806753,6.891572198202443e-05,7.152498960494995,198466
1790,CNN,mfe,100,0.001,32,adamw,1e-5,2,32,5,1,64,0.0,,,,,,,,,,,,,,,,,,0.9616279069767442,0.961506390195951,0.9621174660215405,0.9616279069767442,1.0,1.0,1.0,1.0,6.932630095370981e-05,7.2257609367370605,377929
1791,CNN,mfe,100,0.001,32,adamw,1e-5,2,32,5,1,64,0.25,,,,,,,,,,,,,,,,,,0.9732558139534884,0.9732426389512235,0.9735608474572586,0.9732558139534884,1.0,1.0,1.0,1.0,6.942610407984534e-05,6.858966588973999,377972
1792,CNN,mfe,100,0.001,32,adamw,1e-5,2,32,5,1,128,0.0,,,,,,,,,,,,,,,,,,0.9604651162790697,0.9606750276692549,0.9616928778650596,0.9604651162790697,1.0,1.0,1.0,1.0,6.91447147103243e-05,7.3149261474609375,737719
1793,CNN,mfe,100,0.001,32,adamw,1e-5,2,32,5,1,128,0.25,,,,,,,,,,,,,,,,,,0.963953488372093,0.9640705177720685,0.9646486356901692,0.963953488372093,1.0,1.0,1.0,1.0,6.873191789139149e-05,7.218883275985718,736776
1794,CNN,mfe,100,0.001,32,adamw,1e-5,2,32,5,2,32,0.0,,,,,,,,,,,,,,,,,,0.9523255813953488,0.9523041426134833,0.9528766965923022,0.9523255813953488,1.0,1.0,1.0,1.0,8.106980212899142e-05,7.3891074657440186,214011
1795,CNN,mfe,100,0.001,32,adamw,1e-5,2,32,5,2,32,0.25,,,,,,,,,,,,,,,,,,0.9546511627906977,0.9549280230991145,0.9566125637054541,0.9546511627906977,1.0,1.0,1.0,1.0,7.933627727419831e-05,7.702081680297852,214262
1796,CNN,mfe,100,0.001,32,adamw,1e-5,2,32,5,2,64,0.0,,,,,,,,,,,,,,,,,,0.9546511627906977,0.9547564664111852,0.9554781370406006,0.9546511627906977,1.0,1.0,1.0,1.0,8.148259894792423e-05,7.527210474014282,437338
1797,CNN,mfe,100,0.001,32,adamw,1e-5,2,32,5,2,64,0.25,,,,,,,,,,,,,,,,,,0.9593023255813954,0.9595233527081661,0.9602464832954313,0.9593023255813954,1.0,1.0,1.0,1.0,8.0467656601307e-05,7.758697986602783,437864
1798,CNN,mfe,100,0.001,32,adamw,1e-5,2,32,5,2,128,0.0,,,,,,,,,,,,,,,,,,0.9569767441860465,0.9571541600440701,0.957617655206723,0.9569767441860465,1.0,1.0,1.0,1.0,7.996254189069881e-05,7.9038779735565186,971419
1799,CNN,mfe,100,0.001,32,adamw,1e-5,2,32,5,2,128,0.25,,,,,,,,,,,,,,,,,,0.9627906976744186,0.9627803494756986,0.9635044544777362,0.9627906976744186,1.0,1.0,1.0,1.0,7.94918038124262e-05,7.952898979187012,971172
1800,CNN,mfe,100,0.001,32,adamw,1e-5,2,64,3,0,32,0.0,,,,,,,,,,,,,,,,,,0.9209302325581395,0.9211310095272861,0.9222193312993276,0.9209302325581395,1.0,1.0,1.0,1.0,8.813447730485784e-05,7.337255954742432,550131
1801,CNN,mfe,100,0.001,32,adamw,1e-5,2,64,3,0,32,0.25,,,,,,,,,,,,,,,,,,0.9348837209302325,0.9348884897292895,0.9361971931071222,0.9348837209302325,1.0,1.0,1.0,1.0,8.298962615257086e-05,7.720874309539795,550011
1802,CNN,mfe,100,0.001,32,adamw,1e-5,2,64,3,0,64,0.0,,,,,,,,,,,,,,,,,,0.9197674418604651,0.9202770004890835,0.9213058887236546,0.9197674418604651,1.0,1.0,1.0,1.0,8.32884810691656e-05,7.352158308029175,550106
1803,CNN,mfe,100,0.001,32,adamw,1e-5,2,64,3,0,64,0.25,,,,,,,,,,,,,,,,,,0.913953488372093,0.9138652793380144,0.9146108548607236,0.913953488372093,1.0,1.0,1.0,1.0,8.304729018100472e-05,7.425873517990112,549707
1804,CNN,mfe,100,0.001,32,adamw,1e-5,2,64,3,0,128,0.0,,,,,,,,,,,,,,,,,,0.922093023255814,0.9227592829923266,0.924680334245206,0.922093023255814,1.0,1.0,1.0,1.0,8.177008739737577e-05,7.3348565101623535,550215
1805,CNN,mfe,100,0.001,32,adamw,1e-5,2,64,3,0,128,0.25,,,,,,,,,,,,,,,,,,0.9186046511627907,0.9185545432614737,0.9193772872655306,0.9186046511627907,1.0,1.0,1.0,1.0,8.173099783963936e-05,7.675563335418701,549944
1806,CNN,mfe,100,0.001,32,adamw,1e-5,2,64,3,1,32,0.0,,,,,,,,,,,,,,,,,,0.9011627906976745,0.9014939206412879,0.9023837564700423,0.9011627906976745,1.0,1.0,1.0,1.0,9.361893631691156e-05,8.36343502998352,574274
1807,CNN,mfe,100,0.001,32,adamw,1e-5,2,64,3,1,32,0.25,,,,,,,,,,,,,,,,,,0.9034883720930232,0.9035393487031655,0.9050158517861976,0.9034883720930232,1.0,1.0,1.0,1.0,9.48570495428041e-05,7.980112791061401,574185
1808,CNN,mfe,100,0.001,32,adamw,1e-5,2,64,3,1,64,0.0,,,,,,,,,,,,,,,,,,0.9255813953488372,0.9256717496992579,0.9266963184055783,0.9255813953488372,1.0,1.0,1.0,1.0,9.359842122987259e-05,8.263796091079712,609358
1809,CNN,mfe,100,0.001,32,adamw,1e-5,2,64,3,1,64,0.25,,,,,,,,,,,,,,,,,,0.9244186046511628,0.9247389412070569,0.926248903393019,0.9244186046511628,1.0,1.0,1.0,1.0,9.445367857467296e-05,8.062947988510132,609337
1810,CNN,mfe,100,0.001,32,adamw,1e-5,2,64,3,1,128,0.0,,,,,,,,,,,,,,,,,,0.9290697674418604,0.9291277538481202,0.9297326905356822,0.9290697674418604,1.0,1.0,1.0,1.0,9.571535642756972e-05,8.262600421905518,679260
1811,CNN,mfe,100,0.001,32,adamw,1e-5,2,64,3,1,128,0.25,,,,,,,,,,,,,,,,,,0.9162790697674419,0.9160942686070179,0.9168428899574257,0.9162790697674419,1.0,1.0,1.0,1.0,9.461863096370253e-05,8.42967176437378,679187
1812,CNN,mfe,100,0.001,32,adamw,1e-5,2,64,3,2,32,0.0,,,,,,,,,,,,,,,,,,0.8930232558139535,0.8938681809821047,0.8978099341347754,0.8930232558139535,0.9994179278230501,0.9994179278230501,0.9994179278230501,0.9994179278230501,0.00010576331338217092,8.726231813430786,590478
1813,CNN,mfe,100,0.001,32,adamw,1e-5,2,64,3,2,32,0.25,,,,,,,,,,,,,,,,,,0.9174418604651163,0.9178517371792669,0.9198620586468954,0.9174418604651163,0.9994179278230501,0.9994179047757239,0.9994199110849948,0.9994179278230501,0.00010590969130050304,8.553690195083618,590316
1814,CNN,mfe,100,0.001,32,adamw,1e-5,2,64,3,2,64,0.0,,,,,,,,,,,,,,,,,,0.9093023255813953,0.9091666886700208,0.9103937477393278,0.9093023255813953,1.0,1.0,1.0,1.0,0.00010450357614561568,8.949739217758179,668886
1815,CNN,mfe,100,0.001,32,adamw,1e-5,2,64,3,2,64,0.25,,,,,,,,,,,,,,,,,,0.9209302325581395,0.9210951430963586,0.9224733227854913,0.9209302325581395,0.9970896391152503,0.9970907423904661,0.9971100033654673,0.9970896391152503,0.00010440100071042084,9.027736186981201,668838
1816,CNN,mfe,100,0.001,32,adamw,1e-5,2,64,3,2,128,0.0,,,,,,,,,,,,,,,,,,0.8558139534883721,0.8583621118435965,0.8813038110829953,0.8558139534883721,0.9732246798603027,0.9732017488234793,0.9748533627279646,0.9732246798603027,0.00010646664819052052,9.014182567596436,914231
1817,CNN,mfe,100,0.001,32,adamw,1e-5,2,64,3,2,128,0.25,,,,,,,,,,,,,,,,,,0.9290697674418604,0.9289148838737573,0.9297135619880228,0.9290697674418604,1.0,1.0,1.0,1.0,0.00010737152986748273,8.777024507522583,914059
1818,CNN,mfe,100,0.001,32,adamw,1e-5,2,64,5,0,32,0.0,,,,,,,,,,,,,,,,,,0.9744186046511628,0.9744662389950725,0.9746754207185072,0.9744186046511628,1.0,1.0,1.0,1.0,5.474645037983739e-05,6.323050260543823,160721
1819,CNN,mfe,100,0.001,32,adamw,1e-5,2,64,5,0,32,0.25,,,,,,,,,,,,,,,,,,0.9674418604651163,0.9675271986982137,0.967964538152951,0.9674418604651163,1.0,1.0,1.0,1.0,5.611874336420103e-05,6.677670001983643,160654
1820,CNN,mfe,100,0.001,32,adamw,1e-5,2,64,5,0,64,0.0,,,,,,,,,,,,,,,,,,0.9744186046511628,0.9744428917001227,0.9746912163943194,0.9744186046511628,1.0,1.0,1.0,1.0,5.449749702631041e-05,6.559524774551392,160676
1821,CNN,mfe,100,0.001,32,adamw,1e-5,2,64,5,0,64,0.25,,,,,,,,,,,,,,,,,,0.9732558139534884,0.9732013829390835,0.9737403510748158,0.9732558139534884,1.0,1.0,1.0,1.0,5.571093670157499e-05,6.6806206703186035,160663
1822,CNN,mfe,100,0.001,32,adamw,1e-5,2,64,5,0,128,0.0,,,,,,,,,,,,,,,,,,0.9604651162790697,0.9607926557749272,0.9618265979028185,0.9604651162790697,1.0,1.0,1.0,1.0,5.4307316624841024e-05,6.69409441947937,160693
1823,CNN,mfe,100,0.001,32,adamw,1e-5,2,64,5,0,128,0.25,,,,,,,,,,,,,,,,,,0.963953488372093,0.9639378026966577,0.9641249947493338,0.963953488372093,1.0,1.0,1.0,1.0,5.59834546821062e-05,6.738836288452148,160639
1824,CNN,mfe,100,0.001,32,adamw,1e-5,2,64,5,1,32,0.0,,,,,,,,,,,,,,,,,,0.9651162790697675,0.9651638593768896,0.9656851061359768,0.9651162790697675,0.9979627473806753,0.9979678775154806,0.9979976717112922,0.9979627473806753,6.557703018188477e-05,7.37418007850647,384426
1825,CNN,mfe,100,0.001,32,adamw,1e-5,2,64,5,1,32,0.25,,,,,,,,,,,,,,,,,,0.9686046511627907,0.968545159068726,0.9687719753581331,0.9686046511627907,1.0,1.0,1.0,1.0,6.631280100622843e-05,7.137067556381226,384327
1826,CNN,mfe,100,0.001,32,adamw,1e-5,2,64,5,1,64,0.0,,,,,,,,,,,,,,,,,,0.9674418604651163,0.9677477025585893,0.9686433644994253,0.9674418604651163,1.0,1.0,1.0,1.0,6.724873254465503e-05,7.235216379165649,736970
1827,CNN,mfe,100,0.001,32,adamw,1e-5,2,64,5,1,64,0.25,,,,,,,,,,,,,,,,,,0.9732558139534884,0.9732363012352255,0.9733960829353211,0.9732558139534884,1.0,1.0,1.0,1.0,6.71697217364644e-05,7.204300165176392,737313
1828,CNN,mfe,100,0.001,32,adamw,1e-5,2,64,5,1,128,0.0,,,,,,,,,,,,,,,,,,0.9720930232558139,0.972117492644301,0.9728258283791011,0.9720930232558139,1.0,1.0,1.0,1.0,6.655787312707236e-05,7.535367012023926,1444288
1829,CNN,mfe,100,0.001,32,adamw,1e-5,2,64,5,1,128,0.25,,,,,,,,,,,,,,,,,,0.9744186046511628,0.9744911152118042,0.9749915044891299,0.9744186046511628,1.0,1.0,1.0,1.0,6.610792736674464e-05,7.7002058029174805,1443785
1830,CNN,mfe,100,0.001,32,adamw,1e-5,2,64,5,2,32,0.0,,,,,,,,,,,,,,,,,,0.9709302325581395,0.9709333303460894,0.9711329415951226,0.9709302325581395,1.0,1.0,1.0,1.0,7.689415022384289e-05,7.520488500595093,399162
1831,CNN,mfe,100,0.001,32,adamw,1e-5,2,64,5,2,32,0.25,,,,,,,,,,,,,,,,,,0.9686046511627907,0.9688251536970356,0.9696390699626187,0.9686046511627907,0.9991268917345751,0.9991268812892766,0.9991288749965199,0.9991268917345751,7.657810699108035e-05,7.593287944793701,399566
1832,CNN,mfe,100,0.001,32,adamw,1e-5,2,64,5,2,64,0.0,,,,,,,,,,,,,,,,,,0.9593023255813954,0.9594658010708741,0.9608959936847532,0.9593023255813954,0.9956344586728755,0.995637814392558,0.9956603296616902,0.9956344586728755,7.737874984741211e-05,7.850530385971069,798134
1833,CNN,mfe,100,0.001,32,adamw,1e-5,2,64,5,2,64,0.25,,,,,,,,,,,,,,,,,,0.9686046511627907,0.9687022167026401,0.969229879107717,0.9686046511627907,1.0,1.0,1.0,1.0,7.83388004746548e-05,7.791416883468628,796799
1834,CNN,mfe,100,0.001,32,adamw,1e-5,2,64,5,2,128,0.0,,,,,,,,,,,,,,,,,,0.9604651162790697,0.9603805863533628,0.9609895825933682,0.9604651162790697,1.0,1.0,1.0,1.0,7.669676181881926e-05,7.95460057258606,1679033
1835,CNN,mfe,100,0.001,32,adamw,1e-5,2,64,5,2,128,0.25,,,,,,,,,,,,,,,,,,0.963953488372093,0.9639844297136393,0.9646366367099707,0.963953488372093,1.0,1.0,1.0,1.0,7.795594459356264e-05,8.004939317703247,1677776
1836,CNN,mfe,100,0.001,32,adamw,1e-5,3,16,3,0,32,0.0,,,,,,,,,,,,,,,,,,0.8430232558139535,0.8443843658262596,0.850888632578712,0.8430232558139535,0.9385913853317811,0.9389599690072351,0.9422081400442011,0.9385913853317811,8.247647174569064e-05,7.371548175811768,45589
1837,CNN,mfe,100,0.001,32,adamw,1e-5,3,16,3,0,32,0.25,,,,,,,,,,,,,,,,,,0.8616279069767442,0.8631898835880373,0.868096753881158,0.8616279069767442,0.9732246798603027,0.9732768478903603,0.9737310476217985,0.9732246798603027,8.127523023028706e-05,7.270980596542358,45589
1838,CNN,mfe,100,0.001,32,adamw,1e-5,3,16,3,0,64,0.0,,,,,,,,,,,,,,,,,,0.8372093023255814,0.8370516272444248,0.8415697597682588,0.8372093023255814,0.9493597206053551,0.949366475541822,0.9513668727700104,0.9493597206053551,8.128465608108875e-05,7.27350378036499,45576
1839,CNN,mfe,100,0.001,32,adamw,1e-5,3,16,3,0,64,0.25,,,,,,,,,,,,,,,,,,0.8348837209302326,0.8344203617724094,0.8345979515873204,0.8348837209302326,0.9764260768335273,0.9763771626659579,0.976372317971665,0.9764260768335273,8.204593214877816e-05,7.634720087051392,45540
1840,CNN,mfe,100,0.001,32,adamw,1e-5,3,16,3,0,128,0.0,,,,,,,,,,,,,,,,,,0.8639534883720931,0.8655479923352368,0.870225982902676,0.8639534883720931,0.9749708963911525,0.9750598216865806,0.9760677792558728,0.9749708963911525,8.1765097241069e-05,7.6693689823150635,45555
1841,CNN,mfe,100,0.001,32,adamw,1e-5,3,16,3,0,128,0.25,,,,,,,,,,,,,,,,,,0.8232558139534883,0.8235062785091056,0.8308573586787544,0.8232558139534883,0.9557625145518044,0.9554660677872985,0.9571968131221282,0.9557625145518044,8.128493331199468e-05,7.617795467376709,45614
1842,CNN,mfe,100,0.001,32,adamw,1e-5,3,16,3,1,32,0.0,,,,,,,,,,,,,,,,,,0.8488372093023255,0.8478949857247287,0.8498147827891483,0.8488372093023255,0.9863213038416764,0.9862705969306368,0.9864378666445355,0.9863213038416764,9.379248286402502e-05,7.895151615142822,56551
1843,CNN,mfe,100,0.001,32,adamw,1e-5,3,16,3,1,32,0.25,,,,,,,,,,,,,,,,,,0.8186046511627907,0.8196722540853353,0.8279412220324252,0.8186046511627907,0.9679860302677532,0.9679899404041119,0.9694343654789168,0.9679860302677532,9.431312250536542e-05,7.783735990524292,56566
1844,CNN,mfe,100,0.001,32,adamw,1e-5,3,16,3,1,64,0.0,,,,,,,,,,,,,,,,,,0.8302325581395349,0.8292783902687709,0.8332867104405903,0.8302325581395349,0.9935972060535506,0.993586441432413,0.993667051412789,0.9935972060535506,9.711759034977403e-05,7.748059272766113,69705
1845,CNN,mfe,100,0.001,32,adamw,1e-5,3,16,3,1,64,0.25,,,,,,,,,,,,,,,,,,0.8395348837209302,0.8383846136656428,0.8421509899516956,0.8395348837209302,0.9784633294528522,0.9783934937787817,0.9786235111203307,0.9784633294528522,0.00010267107985740485,7.845720529556274,69714
1846,CNN,mfe,100,0.001,32,adamw,1e-5,3,16,3,1,128,0.0,,,,,,,,,,,,,,,,,,0.8220930232558139,0.8239115934430876,0.8283373234489622,0.8220930232558139,0.9935972060535506,0.9936130099418077,0.9936917257641502,0.9935972060535506,9.438742038815521e-05,7.785827875137329,95974
1847,CNN,mfe,100,0.001,32,adamw,1e-5,3,16,3,1,128,0.25,,,,,,,,,,,,,,,,,,0.836046511627907,0.8367595597069902,0.8450252193135452,0.836046511627907,0.9863213038416764,0.9862905998755328,0.9865327973193825,0.9863213038416764,9.589361590008402e-05,7.81001353263855,96020
1848,CNN,mfe,100,0.001,32,adamw,1e-5,3,16,3,2,32,0.0,,,,,,,,,,,,,,,,,,0.8290697674418605,0.828897371818278,0.83261408653633,0.8290697674418605,0.9906868451688009,0.9906839392653721,0.9907586391168357,0.9906868451688009,0.00010369627974754156,8.42814826965332,72093
1849,CNN,mfe,100,0.001,32,adamw,1e-5,3,16,3,2,32,0.25,,,,,,,,,,,,,,,,,,0.836046511627907,0.8362834247867085,0.8418647766015606,0.836046511627907,0.9621653084982538,0.962186239663765,0.9634759327625435,0.9621653084982538,0.00010387925214545671,8.74904489517212,72126
1850,CNN,mfe,100,0.001,32,adamw,1e-5,3,16,3,2,64,0.0,,,,,,,,,,,,,,,,,,0.8430232558139535,0.8452435340505983,0.85284318627585,0.8430232558139535,0.990104772991851,0.9900767738187968,0.9902070880699304,0.990104772991851,0.00010268410970998365,8.427308559417725,129024
1851,CNN,mfe,100,0.001,32,adamw,1e-5,3,16,3,2,64,0.25,,,,,,,,,,,,,,,,,,0.7953488372093023,0.7942325950445063,0.8091378672606856,0.7953488372093023,0.9499417927823051,0.9488501282705838,0.9524254230169831,0.9499417927823051,0.00010390170784883721,8.530829429626465,129019
1852,CNN,mfe,100,0.001,32,adamw,1e-5,3,16,3,2,128,0.0,,,,,,,,,,,,,,,,,,0.8569767441860465,0.8570601722865616,0.8585202364213544,0.8569767441860465,1.0,1.0,1.0,1.0,0.00010468460792718932,8.7145414352417,329794
1853,CNN,mfe,100,0.001,32,adamw,1e-5,3,16,3,2,128,0.25,,,,,,,,,,,,,,,,,,0.8244186046511628,0.823757142310595,0.8240758490237495,0.8244186046511628,0.9938882421420256,0.9939000575599053,0.9939838388082867,0.9938882421420256,0.00010519332663957462,8.785032987594604,329858
1854,CNN,mfe,100,0.001,32,adamw,1e-5,3,16,5,0,32,0.0,,,,,,,,,,,,,,,,,,0.9418604651162791,0.9415552899255857,0.9428889240053039,0.9418604651162791,0.9933061699650757,0.9933278785940701,0.9935125192453648,0.9933061699650757,5.718358727388604e-05,6.105591535568237,45254
1855,CNN,mfe,100,0.001,32,adamw,1e-5,3,16,5,0,32,0.25,,,,,,,,,,,,,,,,,,0.958139534883721,0.9581765921177443,0.9587339531899555,0.958139534883721,1.0,1.0,1.0,1.0,5.6662115939827855e-05,6.145787000656128,45282
1856,CNN,mfe,100,0.001,32,adamw,1e-5,3,16,5,0,64,0.0,,,,,,,,,,,,,,,,,,0.9453488372093023,0.9460044476275634,0.9487919483140569,0.9453488372093023,0.9982537834691502,0.9982536627384222,0.9982605089597494,0.9982537834691502,5.681182062903116e-05,6.575944185256958,45244
1857,CNN,mfe,100,0.001,32,adamw,1e-5,3,16,5,0,64,0.25,,,,,,,,,,,,,,,,,,0.9465116279069767,0.9466285546811783,0.9479202502092223,0.9465116279069767,0.9979627473806753,0.9979627472395342,0.9979698631780511,0.9979627473806753,5.6889999744503996e-05,6.585134029388428,45270
1858,CNN,mfe,100,0.001,32,adamw,1e-5,3,16,5,0,128,0.0,,,,,,,,,,,,,,,,,,0.9546511627906977,0.9546837463234484,0.9548376398616977,0.9546511627906977,1.0,1.0,1.0,1.0,5.692853484042855e-05,6.428155183792114,45259
1859,CNN,mfe,100,0.001,32,adamw,1e-5,3,16,5,0,128,0.25,,,,,,,,,,,,,,,,,,0.9523255813953488,0.9523069270138685,0.952826668311491,0.9523255813953488,1.0,1.0,1.0,1.0,5.685645480488622e-05,6.567112922668457,45269
1860,CNN,mfe,100,0.001,32,adamw,1e-5,3,16,5,1,32,0.0,,,,,,,,,,,,,,,,,,0.9593023255813954,0.9597122676605025,0.9612371578168328,0.9593023255813954,1.0,1.0,1.0,1.0,6.98669012202773e-05,6.946545600891113,105818
1861,CNN,mfe,100,0.001,32,adamw,1e-5,3,16,5,1,32,0.25,,,,,,,,,,,,,,,,,,0.9523255813953488,0.9525518476462309,0.953892858303146,0.9523255813953488,0.9988358556461001,0.9988339824774238,0.998844279553191,0.9988358556461001,7.276146910911382e-05,6.898945331573486,105873
1862,CNN,mfe,100,0.001,32,adamw,1e-5,3,16,5,1,64,0.0,,,,,,,,,,,,,,,,,,0.9430232558139535,0.9431120549095459,0.9438674994253733,0.9430232558139535,1.0,1.0,1.0,1.0,6.931521171747252e-05,7.015285968780518,198267
1863,CNN,mfe,100,0.001,32,adamw,1e-5,3,16,5,1,64,0.25,,,,,,,,,,,,,,,,,,0.9511627906976744,0.9512823724607583,0.9520497617267432,0.9511627906976744,1.0,1.0,1.0,1.0,6.89015832058219e-05,6.97821044921875,198518
1864,CNN,mfe,100,0.001,32,adamw,1e-5,3,16,5,1,128,0.0,,,,,,,,,,,,,,,,,,0.9593023255813954,0.9591618549915084,0.9595744710820714,0.9593023255813954,1.0,1.0,1.0,1.0,6.864237230877544e-05,7.127715826034546,384069
1865,CNN,mfe,100,0.001,32,adamw,1e-5,3,16,5,1,128,0.25,,,,,,,,,,,,,,,,,,0.9488372093023256,0.9489283478303268,0.9495812367648311,0.9488372093023256,1.0,1.0,1.0,1.0,6.983474243518918e-05,7.151488780975342,383808
1866,CNN,mfe,100,0.001,32,adamw,1e-5,3,16,5,2,32,0.0,,,,,,,,,,,,,,,,,,0.9372093023255814,0.9372143126386944,0.9381129529817496,0.9372093023255814,1.0,1.0,1.0,1.0,8.007592933122502e-05,7.302032470703125,121307
1867,CNN,mfe,100,0.001,32,adamw,1e-5,3,16,5,2,32,0.25,,,,,,,,,,,,,,,,,,0.9372093023255814,0.9369101684905751,0.9378117061870453,0.9372093023255814,1.0,1.0,1.0,1.0,7.95533490735431e-05,7.484681129455566,121299
1868,CNN,mfe,100,0.001,32,adamw,1e-5,3,16,5,2,64,0.0,,,,,,,,,,,,,,,,,,0.9476744186046512,0.9476664327060449,0.9484595959215857,0.9476744186046512,1.0,1.0,1.0,1.0,7.959853771121002e-05,7.669751167297363,257907
1869,CNN,mfe,100,0.001,32,adamw,1e-5,3,16,5,2,64,0.25,,,,,,,,,,,,,,,,,,0.9569767441860465,0.9569997317084158,0.9578251018148957,0.9569767441860465,1.0,1.0,1.0,1.0,7.995782896529797e-05,7.889308214187622,257740
1870,CNN,mfe,100,0.001,32,adamw,1e-5,3,16,5,2,128,0.0,,,,,,,,,,,,,,,,,,0.9476744186046512,0.9477600052952775,0.9482305286940514,0.9476744186046512,1.0,1.0,1.0,1.0,8.556731911592706e-05,7.5332865715026855,617603
1871,CNN,mfe,100,0.001,32,adamw,1e-5,3,16,5,2,128,0.25,,,,,,,,,,,,,,,,,,0.9511627906976744,0.951130313710172,0.9520533201388173,0.9511627906976744,1.0,1.0,1.0,1.0,7.953033890835074e-05,7.71680474281311,617669
1872,CNN,mfe,100,0.001,32,adamw,1e-5,3,32,3,0,32,0.0,,,,,,,,,,,,,,,,,,0.8906976744186047,0.891224984550747,0.8949693894215858,0.8906976744186047,1.0,1.0,1.0,1.0,8.243765941886014e-05,7.421446084976196,148498
1873,CNN,mfe,100,0.001,32,adamw,1e-5,3,32,3,0,32,0.25,,,,,,,,,,,,,,,,,,0.8825581395348837,0.8822637984989775,0.8860796443491324,0.8825581395348837,1.0,1.0,1.0,1.0,8.19225643956384e-05,7.499964952468872,148360
1874,CNN,mfe,100,0.001,32,adamw,1e-5,3,32,3,0,64,0.0,,,,,,,,,,,,,,,,,,0.8906976744186047,0.8908826958441389,0.8941851474710294,0.8906976744186047,0.9997089639115251,0.9997089728406285,0.9997099996271424,0.9997089639115251,8.234506429627884e-05,7.110865116119385,148371
1875,CNN,mfe,100,0.001,32,adamw,1e-5,3,32,3,0,64,0.25,,,,,,,,,,,,,,,,,,0.891860465116279,0.8917790158114918,0.893120608365214,0.891860465116279,1.0,1.0,1.0,1.0,8.245928342952284e-05,7.360185146331787,148410
1876,CNN,mfe,100,0.001,32,adamw,1e-5,3,32,3,0,128,0.0,,,,,,,,,,,,,,,,,,0.9034883720930232,0.9040589145383835,0.9068562154755729,0.9034883720930232,1.0,1.0,1.0,1.0,8.153610451276913e-05,7.520132303237915,148335
1877,CNN,mfe,100,0.001,32,adamw,1e-5,3,32,3,0,128,0.25,,,,,,,,,,,,,,,,,,0.9069767441860465,0.9071074659933448,0.9091780317241859,0.9069767441860465,0.9979627473806753,0.9979553685711923,0.9979822009178984,0.9979627473806753,8.803356525509856e-05,7.63540506362915,148387
1878,CNN,mfe,100,0.001,32,adamw,1e-5,3,32,3,1,32,0.0,,,,,,,,,,,,,,,,,,0.9093023255813953,0.9100946177570115,0.9120018725023191,0.9093023255813953,1.0,1.0,1.0,1.0,9.991152341975722e-05,7.73505163192749,163950
1879,CNN,mfe,100,0.001,32,adamw,1e-5,3,32,3,1,32,0.25,,,,,,,,,,,,,,,,,,0.8848837209302326,0.8856891227059484,0.8879566095007371,0.8848837209302326,1.0,1.0,1.0,1.0,9.350360826004383e-05,8.0994713306427,163937
1880,CNN,mfe,100,0.001,32,adamw,1e-5,3,32,3,1,64,0.0,,,,,,,,,,,,,,,,,,0.9069767441860465,0.9068080305723744,0.9075687740283328,0.9069767441860465,1.0,1.0,1.0,1.0,9.454488754272461e-05,8.12412428855896,184462
1881,CNN,mfe,100,0.001,32,adamw,1e-5,3,32,3,1,64,0.25,,,,,,,,,,,,,,,,,,0.8941860465116279,0.8949764256757999,0.8965086767307862,0.8941860465116279,1.0,1.0,1.0,1.0,9.491000064583711e-05,7.7740700244903564,184254
1882,CNN,mfe,100,0.001,32,adamw,1e-5,3,32,3,1,128,0.0,,,,,,,,,,,,,,,,,,0.9093023255813953,0.9092841303141564,0.9105547989235773,0.9093023255813953,1.0,1.0,1.0,1.0,9.382769118907839e-05,7.999479532241821,225110
1883,CNN,mfe,100,0.001,32,adamw,1e-5,3,32,3,1,128,0.25,,,,,,,,,,,,,,,,,,0.8813953488372093,0.8815879244267038,0.8828395988580928,0.8813953488372093,1.0,1.0,1.0,1.0,9.767260662345e-05,7.754770994186401,225087
1884,CNN,mfe,100,0.001,32,adamw,1e-5,3,32,3,2,32,0.0,,,,,,,,,,,,,,,,,,0.8593023255813953,0.8615803029622161,0.8671248140929566,0.8593023255813953,0.9997089639115251,0.9997089728406285,0.9997099996271424,0.9997089639115251,0.00010347671287004337,8.466025352478027,179487
1885,CNN,mfe,100,0.001,32,adamw,1e-5,3,32,3,2,32,0.25,,,,,,,,,,,,,,,,,,0.8604651162790697,0.8616852945599612,0.86601928215049,0.8604651162790697,0.9982537834691502,0.9982537697556009,0.9982577853369738,0.9982537834691502,0.0001051420389219772,8.538620710372925,179408
1886,CNN,mfe,100,0.001,32,adamw,1e-5,3,32,3,2,64,0.0,,,,,,,,,,,,,,,,,,0.8709302325581395,0.871036451262907,0.8740186904298455,0.8709302325581395,0.9959254947613504,0.9959317301188506,0.9959783741722579,0.9959254947613504,0.000104322821594948,8.626803159713745,243618
1887,CNN,mfe,100,0.001,32,adamw,1e-5,3,32,3,2,64,0.25,,,,,,,,,,,,,,,,,,0.891860465116279,0.8921240223228881,0.895782501229405,0.891860465116279,0.9997089639115251,0.9997089515805696,0.9997099504745367,0.9997089639115251,0.00010381410288256268,8.59904932975769,243752
1888,CNN,mfe,100,0.001,32,adamw,1e-5,3,32,3,2,128,0.0,,,,,,,,,,,,,,,,,,0.8941860465116279,0.8956430847287677,0.9023190160332303,0.8941860465116279,0.9991268917345751,0.9991268917345751,0.9991279274501925,0.9991268917345751,0.00010500841362531795,8.688598871231079,459205
1889,CNN,mfe,100,0.001,32,adamw,1e-5,3,32,3,2,128,0.25,,,,,,,,,,,,,,,,,,0.9093023255813953,0.9095735419022654,0.9112821353162196,0.9093023255813953,1.0,1.0,1.0,1.0,0.00010708237803259561,8.857355833053589,459637
1890,CNN,mfe,100,0.001,32,adamw,1e-5,3,32,5,0,32,0.0,,,,,,,,,,,,,,,,,,0.9662790697674418,0.966352813375175,0.9666424324898822,0.9662790697674418,1.0,1.0,1.0,1.0,5.698204040527344e-05,6.0774760246276855,83737
1891,CNN,mfe,100,0.001,32,adamw,1e-5,3,32,5,0,32,0.25,,,,,,,,,,,,,,,,,,0.9674418604651163,0.9674964281370709,0.9678745972446153,0.9674418604651163,1.0,1.0,1.0,1.0,5.704164505004883e-05,6.1108527183532715,83736
1892,CNN,mfe,100,0.001,32,adamw,1e-5,3,32,5,0,64,0.0,,,,,,,,,,,,,,,,,,0.9662790697674418,0.9663603448251802,0.9671498424668276,0.9662790697674418,1.0,1.0,1.0,1.0,5.69462776184082e-05,6.136228561401367,83755
1893,CNN,mfe,100,0.001,32,adamw,1e-5,3,32,5,0,64,0.25,,,,,,,,,,,,,,,,,,0.9651162790697675,0.9653231558420379,0.966034426751219,0.9651162790697675,0.9965075669383003,0.9965212827537565,0.9965957765527631,0.9965075669383003,5.8116469272347385e-05,6.137425184249878,83757
1894,CNN,mfe,100,0.001,32,adamw,1e-5,3,32,5,0,128,0.0,,,,,,,,,,,,,,,,,,0.9674418604651163,0.9675198372844018,0.9681594146956747,0.9674418604651163,1.0,1.0,1.0,1.0,5.8370135551275206e-05,6.60939621925354,83685
1895,CNN,mfe,100,0.001,32,adamw,1e-5,3,32,5,0,128,0.25,,,,,,,,,,,,,,,,,,0.9593023255813954,0.9588896384452774,0.9598837092563898,0.9593023255813954,0.9965075669383003,0.9965200283496781,0.9966108378084043,0.9965075669383003,5.698093148164971e-05,6.260016441345215,83691
1896,CNN,mfe,100,0.001,32,adamw,1e-5,3,32,5,1,32,0.0,,,,,,,,,,,,,,,,,,0.9558139534883721,0.9557979935585377,0.9559401338504361,0.9558139534883721,1.0,1.0,1.0,1.0,6.989989169808321e-05,6.931797742843628,198507
1897,CNN,mfe,100,0.001,32,adamw,1e-5,3,32,5,1,32,0.25,,,,,,,,,,,,,,,,,,0.9697674418604652,0.969901384950912,0.9706688652389716,0.9697674418604652,1.0,1.0,1.0,1.0,6.845662760180097e-05,7.149516344070435,198758
1898,CNN,mfe,100,0.001,32,adamw,1e-5,3,32,5,1,64,0.0,,,,,,,,,,,,,,,,,,0.9593023255813954,0.9594626621618235,0.9600750770437996,0.9593023255813954,1.0,1.0,1.0,1.0,6.934071696081827e-05,7.219624280929565,377996
1899,CNN,mfe,100,0.001,32,adamw,1e-5,3,32,5,1,64,0.25,,,,,,,,,,,,,,,,,,0.9674418604651163,0.9673978335575643,0.9676507013369144,0.9674418604651163,1.0,1.0,1.0,1.0,6.946962933207667e-05,7.026939630508423,377938
1900,CNN,mfe,100,0.001,32,adamw,1e-5,3,32,5,1,128,0.0,,,,,,,,,,,,,,,,,,0.9662790697674418,0.9663055252415624,0.9664768931047227,0.9662790697674418,1.0,1.0,1.0,1.0,6.88159188558889e-05,7.51418924331665,736858
1901,CNN,mfe,100,0.001,32,adamw,1e-5,3,32,5,1,128,0.25,,,,,,,,,,,,,,,,,,0.9744186046511628,0.9745672794420114,0.9750749909236751,0.9744186046511628,1.0,1.0,1.0,1.0,7.065312806950059e-05,7.136372089385986,736261
1902,CNN,mfe,100,0.001,32,adamw,1e-5,3,32,5,2,32,0.0,,,,,,,,,,,,,,,,,,0.9593023255813954,0.9591951128276176,0.9594652936395566,0.9593023255813954,1.0,1.0,1.0,1.0,8.074405581452126e-05,7.664376258850098,214052
1903,CNN,mfe,100,0.001,32,adamw,1e-5,3,32,5,2,32,0.25,,,,,,,,,,,,,,,,,,0.9593023255813954,0.9592481286374765,0.9598523768139432,0.9593023255813954,1.0,1.0,1.0,1.0,7.945243702378384e-05,7.9049365520477295,213908
1904,CNN,mfe,100,0.001,32,adamw,1e-5,3,32,5,2,64,0.0,,,,,,,,,,,,,,,,,,0.9651162790697675,0.9651516576557042,0.9654260121763181,0.9651162790697675,1.0,1.0,1.0,1.0,8.104512857836346e-05,7.76542329788208,437444
1905,CNN,mfe,100,0.001,32,adamw,1e-5,3,32,5,2,64,0.25,,,,,,,,,,,,,,,,,,0.963953488372093,0.9640352124470858,0.9644218629333,0.963953488372093,1.0,1.0,1.0,1.0,8.087740388027457e-05,7.564732074737549,437161
1906,CNN,mfe,100,0.001,32,adamw,1e-5,3,32,5,2,128,0.0,,,,,,,,,,,,,,,,,,0.9627906976744186,0.9628103759838218,0.9632014440370232,0.9627906976744186,1.0,1.0,1.0,1.0,8.009422657101653e-05,7.813709735870361,972107
1907,CNN,mfe,100,0.001,32,adamw,1e-5,3,32,5,2,128,0.25,,,,,,,,,,,,,,,,,,0.9662790697674418,0.9663960095267771,0.9672522294268857,0.9662790697674418,1.0,1.0,1.0,1.0,8.020678231882494e-05,7.8902037143707275,972254
1908,CNN,mfe,100,0.001,32,adamw,1e-5,3,64,3,0,32,0.0,,,,,,,,,,,,,,,,,,0.9232558139534883,0.9239613253600986,0.9255049999819813,0.9232558139534883,1.0,1.0,1.0,1.0,8.222585500672806e-05,7.5795204639434814,549763
1909,CNN,mfe,100,0.001,32,adamw,1e-5,3,64,3,0,32,0.25,,,,,,,,,,,,,,,,,,0.9279069767441861,0.9281965105485885,0.9290378628044771,0.9279069767441861,1.0,1.0,1.0,1.0,8.190509884856468e-05,7.330506086349487,549864
1910,CNN,mfe,100,0.001,32,adamw,1e-5,3,64,3,0,64,0.0,,,,,,,,,,,,,,,,,,0.9174418604651163,0.9173651447286338,0.9180583237060636,0.9174418604651163,1.0,1.0,1.0,1.0,8.654538975205533e-05,7.597329139709473,549967
1911,CNN,mfe,100,0.001,32,adamw,1e-5,3,64,3,0,64,0.25,,,,,,,,,,,,,,,,,,0.9267441860465117,0.9267545160384228,0.9284317736815592,0.9267441860465117,1.0,1.0,1.0,1.0,8.496766866639603e-05,7.930076360702515,550125
1912,CNN,mfe,100,0.001,32,adamw,1e-5,3,64,3,0,128,0.0,,,,,,,,,,,,,,,,,,0.9232558139534883,0.9232932401826635,0.9244526931678714,0.9232558139534883,1.0,1.0,1.0,1.0,8.43325326609057e-05,8.025254249572754,550040
1913,CNN,mfe,100,0.001,32,adamw,1e-5,3,64,3,0,128,0.25,,,,,,,,,,,,,,,,,,0.9116279069767442,0.9115206369608301,0.9123381678483883,0.9116279069767442,1.0,1.0,1.0,1.0,8.492802464684775e-05,8.00524091720581,550117
1914,CNN,mfe,100,0.001,32,adamw,1e-5,3,64,3,1,32,0.0,,,,,,,,,,,,,,,,,,0.9093023255813953,0.909007801225771,0.9136487567186022,0.9093023255813953,0.9938882421420256,0.9939044115303909,0.9940124461059121,0.9938882421420256,9.699394536572834e-05,8.699549913406372,574789
1915,CNN,mfe,100,0.001,32,adamw,1e-5,3,64,3,1,32,0.25,,,,,,,,,,,,,,,,,,0.8988372093023256,0.8987289689351529,0.8993393674260114,0.8988372093023256,1.0,1.0,1.0,1.0,9.379885917486146e-05,8.626342058181763,574658
1916,CNN,mfe,100,0.001,32,adamw,1e-5,3,64,3,1,64,0.0,,,,,,,,,,,,,,,,,,0.9290697674418604,0.9289764610317116,0.9300840318740492,0.9290697674418604,1.0,1.0,1.0,1.0,9.36469366384107e-05,8.155456066131592,609700
1917,CNN,mfe,100,0.001,32,adamw,1e-5,3,64,3,1,64,0.25,,,,,,,,,,,,,,,,,,0.9162790697674419,0.9163685490197564,0.9203265469505802,0.9162790697674419,0.9970896391152503,0.997092903835664,0.9971222367738466,0.9970896391152503,9.319033733634062e-05,8.149393320083618,609284
1918,CNN,mfe,100,0.001,32,adamw,1e-5,3,64,3,1,128,0.0,,,,,,,,,,,,,,,,,,0.9372093023255814,0.9371684732797204,0.9378621293568161,0.9372093023255814,1.0,1.0,1.0,1.0,9.66146934864133e-05,8.147700786590576,678996
1919,CNN,mfe,100,0.001,32,adamw,1e-5,3,64,3,1,128,0.25,,,,,,,,,,,,,,,,,,0.9372093023255814,0.9376971911618338,0.9391969378925236,0.9372093023255814,1.0,1.0,1.0,1.0,9.465328482694404e-05,7.930338144302368,679135
1920,CNN,mfe,100,0.001,32,adamw,1e-5,3,64,3,2,32,0.0,,,,,,,,,,,,,,,,,,0.8848837209302326,0.8837508124294117,0.8917734110058206,0.8848837209302326,0.9918509895227008,0.9918312013623188,0.9919683882701114,0.9918509895227008,0.00010429593019707258,8.837111949920654,590112
1921,CNN,mfe,100,0.001,32,adamw,1e-5,3,64,3,2,32,0.25,,,,,,,,,,,,,,,,,,0.8732558139534884,0.8741144878835811,0.8848485678752326,0.8732558139534884,0.9729336437718277,0.9729285193096111,0.9737741483788029,0.9729336437718277,0.00010521134664846021,8.625912427902222,590244
1922,CNN,mfe,100,0.001,32,adamw,1e-5,3,64,3,2,64,0.0,,,,,,,,,,,,,,,,,,0.9,0.8999835276245547,0.9017457094156499,0.9,0.9994179278230501,0.9994179445943728,0.9994199847179253,0.9994179278230501,0.00010435331699460051,8.83279013633728,669181
1923,CNN,mfe,100,0.001,32,adamw,1e-5,3,64,3,2,64,0.25,,,,,,,,,,,,,,,,,,0.9069767441860465,0.9085731167208715,0.9147030048566014,0.9069767441860465,0.9962165308498254,0.9962215763965668,0.9962560004282729,0.9962165308498254,0.0001073815101800963,8.86722183227539,669208
1924,CNN,mfe,100,0.001,32,adamw,1e-5,3,64,3,2,128,0.0,,,,,,,,,,,,,,,,,,0.9290697674418604,0.9290734349891576,0.9299739798749697,0.9290697674418604,1.0,1.0,1.0,1.0,0.00010768757310024528,8.947237014770508,913965
1925,CNN,mfe,100,0.001,32,adamw,1e-5,3,64,3,2,128,0.25,,,,,,,,,,,,,,,,,,0.9232558139534883,0.9229950938850482,0.9248999485093551,0.9232558139534883,0.9985448195576252,0.9985462898519692,0.9985548325220863,0.9985448195576252,0.00010752206624940385,9.07735824584961,913905
1926,CNN,mfe,100,0.001,32,adamw,1e-5,3,64,5,0,32,0.0,,,,,,,,,,,,,,,,,,0.9767441860465116,0.9766893702981745,0.9767594400083707,0.9767441860465116,1.0,1.0,1.0,1.0,5.5269307868425234e-05,6.774386882781982,160716
1927,CNN,mfe,100,0.001,32,adamw,1e-5,3,64,5,0,32,0.25,,,,,,,,,,,,,,,,,,0.9744186046511628,0.9744544836594772,0.9749799381333999,0.9744186046511628,1.0,1.0,1.0,1.0,5.604804948318836e-05,6.872095346450806,160649
1928,CNN,mfe,100,0.001,32,adamw,1e-5,3,64,5,0,64,0.0,,,,,,,,,,,,,,,,,,0.9651162790697675,0.9652136177447649,0.9658652518839362,0.9651162790697675,1.0,1.0,1.0,1.0,5.5807413056839346e-05,6.809229850769043,160616
1929,CNN,mfe,100,0.001,32,adamw,1e-5,3,64,5,0,64,0.25,,,,,,,,,,,,,,,,,,0.9686046511627907,0.9686186060634128,0.968982765003754,0.9686046511627907,1.0,1.0,1.0,1.0,5.477472793224246e-05,6.397257328033447,160668
1930,CNN,mfe,100,0.001,32,adamw,1e-5,3,64,5,0,128,0.0,,,,,,,,,,,,,,,,,,0.9651162790697675,0.9652839811468095,0.966249506416775,0.9651162790697675,1.0,1.0,1.0,1.0,5.533917005672011e-05,6.503405809402466,160671
1931,CNN,mfe,100,0.001,32,adamw,1e-5,3,64,5,0,128,0.25,,,,,,,,,,,,,,,,,,0.9697674418604652,0.9698574946941626,0.9703026635831192,0.9697674418604652,1.0,1.0,1.0,1.0,5.403618479883948e-05,6.114429235458374,160635
1932,CNN,mfe,100,0.001,32,adamw,1e-5,3,64,5,1,32,0.0,,,,,,,,,,,,,,,,,,0.9651162790697675,0.9652571626681753,0.9660751615727923,0.9651162790697675,0.9962165308498254,0.9962488472141257,0.9963767428985298,0.9962165308498254,6.70868296955907e-05,7.318461179733276,384514
1933,CNN,mfe,100,0.001,32,adamw,1e-5,3,64,5,1,32,0.25,,,,,,,,,,,,,,,,,,0.9616279069767442,0.9617429508775827,0.9625950387570644,0.9616279069767442,1.0,1.0,1.0,1.0,6.582570630450581e-05,7.382336139678955,384329
1934,CNN,mfe,100,0.001,32,adamw,1e-5,3,64,5,1,64,0.0,,,,,,,,,,,,,,,,,,0.963953488372093,0.9642342856152837,0.9648778216880977,0.963953488372093,1.0,1.0,1.0,1.0,6.569041762241098e-05,7.193723678588867,737614
1935,CNN,mfe,100,0.001,32,adamw,1e-5,3,64,5,1,64,0.25,,,,,,,,,,,,,,,,,,0.9697674418604652,0.9698606692426354,0.9703195843852974,0.9697674418604652,1.0,1.0,1.0,1.0,6.647387216257495e-05,7.536784648895264,737953
1936,CNN,mfe,100,0.001,32,adamw,1e-5,3,64,5,1,128,0.0,,,,,,,,,,,,,,,,,,0.9686046511627907,0.9687921764611126,0.9692162716313947,0.9686046511627907,1.0,1.0,1.0,1.0,6.669094396191974e-05,7.35732102394104,1443585
1937,CNN,mfe,100,0.001,32,adamw,1e-5,3,64,5,1,128,0.25,,,,,,,,,,,,,,,,,,0.9697674418604652,0.9698355618496107,0.9702703132594764,0.9697674418604652,1.0,1.0,1.0,1.0,6.567433822986692e-05,7.550878047943115,1443525
1938,CNN,mfe,100,0.001,32,adamw,1e-5,3,64,5,2,32,0.0,,,,,,,,,,,,,,,,,,0.9569767441860465,0.9573286103333609,0.9586238555311408,0.9569767441860465,1.0,1.0,1.0,1.0,7.657561191292696e-05,7.8806047439575195,399131
1939,CNN,mfe,100,0.001,32,adamw,1e-5,3,64,5,2,32,0.25,,,,,,,,,,,,,,,,,,0.9662790697674418,0.9664322827247823,0.967208265772871,0.9662790697674418,0.9994179278230501,0.9994178749714601,0.9994218607431645,0.9994179278230501,7.6652959335682e-05,7.8192338943481445,399427
1940,CNN,mfe,100,0.001,32,adamw,1e-5,3,64,5,2,64,0.0,,,,,,,,,,,,,,,,,,0.9651162790697675,0.9653983906143181,0.9660465287994527,0.9651162790697675,1.0,1.0,1.0,1.0,7.818604624548624e-05,7.906848907470703,796861
1941,CNN,mfe,100,0.001,32,adamw,1e-5,3,64,5,2,64,0.25,,,,,,,,,,,,,,,,,,0.9604651162790697,0.9606057349391076,0.9611730464539133,0.9604651162790697,1.0,1.0,1.0,1.0,7.777962573738986e-05,8.226643085479736,796940
1942,CNN,mfe,100,0.001,32,adamw,1e-5,3,64,5,2,128,0.0,,,,,,,,,,,,,,,,,,0.9674418604651163,0.967537636637605,0.9681261132752805,0.9674418604651163,1.0,1.0,1.0,1.0,7.630392562511355e-05,8.278032779693604,1679456
1943,CNN,mfe,100,0.001,32,adamw,1e-5,3,64,5,2,128,0.25,,,,,,,,,,,,,,,,,,0.9651162790697675,0.9651857586812497,0.9655352221068779,0.9651162790697675,1.0,1.0,1.0,1.0,7.592578266942224e-05,8.326499938964844,1679108
