run_id,model_name,feature_type,epochs,lr,batch_size,optimizer,weight_decay,cnn_conv_layers,cnn_filters,cnn_kernel,cnn_dense_layers,cnn_dense_units,cnn_dropout,fan_hidden,fan_layers,d_p_ratio,fan_activation,mlp_scenario,mlp_init_weight,mlp_dropout,kan_hidden,kan_grid,kan_k,kan_lambda,rbf_units,rbf_type,rbf_width_method,rbf_p_neighbors,rbf_fixed_width,rbf_regularization,accuracy_test,f1_score_test,precision_test,recall_test,accuracy_train,f1_score_train,precision_train,recall_train,inference_time_sec,training_time_sec,cpp_code_size_bytes
0,FAN,mfcc,100,0.001,32,adam,1e-5,,,,,,,16,2,0.1,gelu,,,,,,,,,,,,,,0.9744186046511628,0.974588440340852,0.9750734810993292,0.9744186046511628,1.0,1.0,1.0,1.0,3.8625195968982785e-05,6.920761585235596,10777
1,FAN,mfcc,100,0.001,32,adam,1e-5,,,,,,,16,2,0.1,relu,,,,,,,,,,,,,,0.9686046511627907,0.9685549435907831,0.9687819585632,0.9686046511627907,1.0,1.0,1.0,1.0,3.9092884507290156e-05,6.739198923110962,10777
2,FAN,mfcc,100,0.001,32,adam,1e-5,,,,,,,16,2,0.1,silu,,,,,,,,,,,,,,0.9802325581395349,0.9802918081772659,0.9807755821280715,0.9802325581395349,1.0,1.0,1.0,1.0,3.9551424425701766e-05,6.727173328399658,10777
3,FAN,mfcc,100,0.001,32,adam,1e-5,,,,,,,16,2,0.2,gelu,,,,,,,,,,,,,,0.9686046511627907,0.9686413054631919,0.9691628046674658,0.9686046511627907,1.0,1.0,1.0,1.0,3.925811412722565e-05,6.692634582519531,9817
4,FAN,mfcc,100,0.001,32,adam,1e-5,,,,,,,16,2,0.2,relu,,,,,,,,,,,,,,0.9709302325581395,0.970780727230522,0.9711728388139975,0.9709302325581395,1.0,1.0,1.0,1.0,3.9924854455992234e-05,6.703183174133301,9817
5,FAN,mfcc,100,0.001,32,adam,1e-5,,,,,,,16,2,0.2,silu,,,,,,,,,,,,,,0.9709302325581395,0.9709500802179939,0.9714162018451258,0.9709302325581395,1.0,1.0,1.0,1.0,3.935874894607899e-05,6.699456214904785,9817
6,FAN,mfcc,100,0.001,32,adam,1e-5,,,,,,,16,2,0.3,gelu,,,,,,,,,,,,,,0.963953488372093,0.963912547701499,0.9642454862449638,0.963953488372093,1.0,1.0,1.0,1.0,3.901692323906477e-05,6.712082862854004,9305
7,FAN,mfcc,100,0.001,32,adam,1e-5,,,,,,,16,2,0.3,relu,,,,,,,,,,,,,,0.963953488372093,0.9638974280506204,0.9642731209881611,0.963953488372093,1.0,1.0,1.0,1.0,3.924730212189431e-05,6.696635007858276,9305
8,FAN,mfcc,100,0.001,32,adam,1e-5,,,,,,,16,2,0.3,silu,,,,,,,,,,,,,,0.9709302325581395,0.9708699006894638,0.9711646183314852,0.9709302325581395,1.0,1.0,1.0,1.0,3.885224808094113e-05,6.680638074874878,9305
9,FAN,mfcc,100,0.001,32,adam,1e-5,,,,,,,16,2,0.4,gelu,,,,,,,,,,,,,,0.9651162790697675,0.9649807447927603,0.965733248758256,0.9651162790697675,1.0,1.0,1.0,1.0,3.9273639057957846e-05,6.660828113555908,8345
10,FAN,mfcc,100,0.001,32,adam,1e-5,,,,,,,16,2,0.4,relu,,,,,,,,,,,,,,0.9627906976744186,0.962866345392636,0.9634101997135057,0.9627906976744186,1.0,1.0,1.0,1.0,3.964457401009493e-05,6.5793256759643555,8345
11,FAN,mfcc,100,0.001,32,adam,1e-5,,,,,,,16,2,0.4,silu,,,,,,,,,,,,,,0.9674418604651163,0.9674540131706579,0.9679809398263793,0.9674418604651163,1.0,1.0,1.0,1.0,3.902912139892578e-05,6.699974775314331,8345
12,FAN,mfcc,100,0.001,32,adam,1e-5,,,,,,,16,3,0.1,gelu,,,,,,,,,,,,,,0.9686046511627907,0.9684871684063519,0.9687663415196845,0.9686046511627907,1.0,1.0,1.0,1.0,6.874272989672284e-05,8.465464115142822,12557
13,FAN,mfcc,100,0.001,32,adam,1e-5,,,,,,,16,3,0.1,relu,,,,,,,,,,,,,,0.9755813953488373,0.9755937096416949,0.9757565880944815,0.9755813953488373,1.0,1.0,1.0,1.0,6.838066633357558e-05,8.40990161895752,12557
14,FAN,mfcc,100,0.001,32,adam,1e-5,,,,,,,16,3,0.1,silu,,,,,,,,,,,,,,0.9662790697674418,0.9662450021474773,0.966646518937391,0.9662790697674418,1.0,1.0,1.0,1.0,6.730112918587619e-05,8.257882356643677,12557
15,FAN,mfcc,100,0.001,32,adam,1e-5,,,,,,,16,3,0.2,gelu,,,,,,,,,,,,,,0.9697674418604652,0.9696630252319853,0.9698611986536202,0.9697674418604652,1.0,1.0,1.0,1.0,6.711898848067882e-05,8.266072273254395,11469
16,FAN,mfcc,100,0.001,32,adam,1e-5,,,,,,,16,3,0.2,relu,,,,,,,,,,,,,,0.9674418604651163,0.96744236984333,0.9679844030589432,0.9674418604651163,1.0,1.0,1.0,1.0,6.764933120372684e-05,8.174912929534912,11469
17,FAN,mfcc,100,0.001,32,adam,1e-5,,,,,,,16,3,0.2,silu,,,,,,,,,,,,,,0.9558139534883721,0.9557586853751431,0.9559325101705842,0.9558139534883721,1.0,1.0,1.0,1.0,6.731194119120754e-05,8.318331956863403,11469
18,FAN,mfcc,100,0.001,32,adam,1e-5,,,,,,,16,3,0.3,gelu,,,,,,,,,,,,,,0.958139534883721,0.9582952621378006,0.9587489671904486,0.958139534883721,1.0,1.0,1.0,1.0,6.753012191417606e-05,7.80400276184082,10893
19,FAN,mfcc,100,0.001,32,adam,1e-5,,,,,,,16,3,0.3,relu,,,,,,,,,,,,,,0.9616279069767442,0.9616678447989574,0.962217082589744,0.9616279069767442,1.0,1.0,1.0,1.0,7.20415004464083e-05,7.739535808563232,10893
20,FAN,mfcc,100,0.001,32,adam,1e-5,,,,,,,16,3,0.3,silu,,,,,,,,,,,,,,0.9720930232558139,0.9719738866370478,0.9722338892279296,0.9720930232558139,1.0,1.0,1.0,1.0,6.84569048327069e-05,8.047157049179077,10893
21,FAN,mfcc,100,0.001,32,adam,1e-5,,,,,,,16,3,0.4,gelu,,,,,,,,,,,,,,0.9418604651162791,0.9419844269057511,0.9429194478282956,0.9418604651162791,1.0,1.0,1.0,1.0,6.710512693538222e-05,7.7209107875823975,9805
22,FAN,mfcc,100,0.001,32,adam,1e-5,,,,,,,16,3,0.4,relu,,,,,,,,,,,,,,0.9604651162790697,0.9603335208985235,0.9609476432902028,0.9604651162790697,1.0,1.0,1.0,1.0,6.767705429432004e-05,8.284424304962158,9805
23,FAN,mfcc,100,0.001,32,adam,1e-5,,,,,,,16,3,0.4,silu,,,,,,,,,,,,,,0.9616279069767442,0.9615273479254074,0.9617038588646276,0.9616279069767442,1.0,1.0,1.0,1.0,6.781650144000386e-05,8.26230001449585,9805
24,FAN,mfcc,100,0.001,32,adam,1e-5,,,,,,,16,4,0.1,gelu,,,,,,,,,,,,,,0.9744186046511628,0.9744626908014147,0.9749683977490413,0.9744186046511628,1.0,1.0,1.0,1.0,9.532307469567587e-05,9.28674030303955,14402
25,FAN,mfcc,100,0.001,32,adam,1e-5,,,,,,,16,4,0.1,relu,,,,,,,,,,,,,,0.9534883720930233,0.9535893447380669,0.954261811690424,0.9534883720930233,1.0,1.0,1.0,1.0,0.0001028246657792912,9.417978763580322,14402
26,FAN,mfcc,100,0.001,32,adam,1e-5,,,,,,,16,4,0.1,silu,,,,,,,,,,,,,,0.9569767441860465,0.9568718803764245,0.9571586838383059,0.9569767441860465,1.0,1.0,1.0,1.0,9.674332862676577e-05,9.713933944702148,14402
27,FAN,mfcc,100,0.001,32,adam,1e-5,,,,,,,16,4,0.2,gelu,,,,,,,,,,,,,,0.9546511627906977,0.9545500822798048,0.9551248787915728,0.9546511627906977,0.9973806752037253,0.9973910174761106,0.9974433837686532,0.9973806752037253,9.652126667111419e-05,9.706254959106445,13186
28,FAN,mfcc,100,0.001,32,adam,1e-5,,,,,,,16,4,0.2,relu,,,,,,,,,,,,,,0.9651162790697675,0.9650020624733221,0.9656641785347454,0.9651162790697675,1.0,1.0,1.0,1.0,9.568985118422397e-05,9.781177997589111,13186
29,FAN,mfcc,100,0.001,32,adam,1e-5,,,,,,,16,4,0.2,silu,,,,,,,,,,,,,,0.9488372093023256,0.9488364291652801,0.9497668257601978,0.9488372093023256,1.0,1.0,1.0,1.0,9.606494459995004e-05,9.820903778076172,13186
30,FAN,mfcc,100,0.001,32,adam,1e-5,,,,,,,16,4,0.3,gelu,,,,,,,,,,,,,,0.9593023255813954,0.9592193657416076,0.9603979914704636,0.9593023255813954,1.0,1.0,1.0,1.0,9.393858355145121e-05,9.704063892364502,12546
31,FAN,mfcc,100,0.001,32,adam,1e-5,,,,,,,16,4,0.3,relu,,,,,,,,,,,,,,0.9453488372093023,0.9455533673298979,0.947083852915886,0.9453488372093023,1.0,1.0,1.0,1.0,9.592688360879588e-05,9.822736978530884,12546
32,FAN,mfcc,100,0.001,32,adam,1e-5,,,,,,,16,4,0.3,silu,,,,,,,,,,,,,,0.9488372093023256,0.948848150319472,0.9493537142691046,0.9488372093023256,0.9938882421420256,0.993888264858373,0.9939317885239916,0.9938882421420256,9.548580923745798e-05,9.737358808517456,12546
33,FAN,mfcc,100,0.001,32,adam,1e-5,,,,,,,16,4,0.4,gelu,,,,,,,,,,,,,,0.9302325581395349,0.9302412660273703,0.9306919910646068,0.9302325581395349,0.9979627473806753,0.9979617672820312,0.9979717669033388,0.9979627473806753,9.486619816269985e-05,9.763068675994873,11330
34,FAN,mfcc,100,0.001,32,adam,1e-5,,,,,,,16,4,0.4,relu,,,,,,,,,,,,,,0.9453488372093023,0.9454934032123516,0.9463490649204687,0.9453488372093023,1.0,1.0,1.0,1.0,9.583761525708575e-05,9.771501064300537,11330
35,FAN,mfcc,100,0.001,32,adam,1e-5,,,,,,,16,4,0.4,silu,,,,,,,,,,,,,,0.9511627906976744,0.9510068877248148,0.9513310500772585,0.9511627906976744,1.0,1.0,1.0,1.0,9.438963823540266e-05,9.78811001777649,11330
36,FAN,mfcc,100,0.001,32,adam,1e-5,,,,,,,16,5,0.1,gelu,,,,,,,,,,,,,,0.95,0.9498990650333407,0.9504225333539783,0.95,1.0,1.0,1.0,1.0,0.00012240714805070743,11.199681282043457,16377
37,FAN,mfcc,100,0.001,32,adam,1e-5,,,,,,,16,5,0.1,relu,,,,,,,,,,,,,,0.9476744186046512,0.9476150568595432,0.948141954567242,0.9476744186046512,1.0,1.0,1.0,1.0,0.00012483097786127135,11.184403419494629,16377
38,FAN,mfcc,100,0.001,32,adam,1e-5,,,,,,,16,5,0.1,silu,,,,,,,,,,,,,,0.958139534883721,0.9581080402052586,0.9591622566720065,0.958139534883721,0.9965075669383003,0.9965141410740257,0.9965513798915031,0.9965075669383003,0.00012378276780594227,11.174546957015991,16377
39,FAN,mfcc,100,0.001,32,adam,1e-5,,,,,,,16,5,0.2,gelu,,,,,,,,,,,,,,0.95,0.949886556331847,0.9501793860614149,0.95,0.9997089639115251,0.9997089691936625,0.9997099850907828,0.9997089639115251,0.00012464551038520282,11.067381381988525,15033
40,FAN,mfcc,100,0.001,32,adam,1e-5,,,,,,,16,5,0.2,relu,,,,,,,,,,,,,,0.9395348837209302,0.9394945254081608,0.9408527265418911,0.9395348837209302,1.0,1.0,1.0,1.0,0.00012447917184164357,11.220587491989136,15033
41,FAN,mfcc,100,0.001,32,adam,1e-5,,,,,,,16,5,0.2,silu,,,,,,,,,,,,,,0.9465116279069767,0.946713932485609,0.9471578737897383,0.9465116279069767,1.0,1.0,1.0,1.0,0.0001239188881807549,11.198333978652954,15033
42,FAN,mfcc,100,0.001,32,adam,1e-5,,,,,,,16,5,0.3,gelu,,,,,,,,,,,,,,0.9162790697674419,0.9163947042907207,0.918100135018797,0.9162790697674419,0.9967986030267754,0.9967986462529339,0.9968151186300991,0.9967986030267754,0.000123853184456049,11.244783401489258,14329
43,FAN,mfcc,100,0.001,32,adam,1e-5,,,,,,,16,5,0.3,relu,,,,,,,,,,,,,,0.9558139534883721,0.9559434599726953,0.956694627977249,0.9558139534883721,1.0,1.0,1.0,1.0,0.0001238046690475109,11.31523609161377,14329
44,FAN,mfcc,100,0.001,32,adam,1e-5,,,,,,,16,5,0.3,silu,,,,,,,,,,,,,,0.9511627906976744,0.9512417117410131,0.9518747266708838,0.9511627906976744,1.0,1.0,1.0,1.0,0.0001225252484166345,11.174434423446655,14329
45,FAN,mfcc,100,0.001,32,adam,1e-5,,,,,,,16,5,0.4,gelu,,,,,,,,,,,,,,0.9453488372093023,0.945590330717411,0.9464624608524035,0.9453488372093023,1.0,1.0,1.0,1.0,0.00012259316998858785,11.190485954284668,12985
46,FAN,mfcc,100,0.001,32,adam,1e-5,,,,,,,16,5,0.4,relu,,,,,,,,,,,,,,0.9418604651162791,0.9420730971702216,0.943280262979716,0.9418604651162791,1.0,1.0,1.0,1.0,0.00012495462284531705,11.23995590209961,12985
47,FAN,mfcc,100,0.001,32,adam,1e-5,,,,,,,16,5,0.4,silu,,,,,,,,,,,,,,0.9465116279069767,0.9467662632348102,0.9477729930932948,0.9465116279069767,1.0,1.0,1.0,1.0,0.00012137169061705123,11.143539428710938,12985
48,FAN,mfcc,100,0.001,32,adam,1e-5,,,,,,,32,2,0.1,gelu,,,,,,,,,,,,,,0.977906976744186,0.9779434325874781,0.9785533523139892,0.977906976744186,1.0,1.0,1.0,1.0,3.897173460139785e-05,6.625760793685913,18329
49,FAN,mfcc,100,0.001,32,adam,1e-5,,,,,,,32,2,0.1,relu,,,,,,,,,,,,,,0.977906976744186,0.9779800666334906,0.9785255208549746,0.977906976744186,1.0,1.0,1.0,1.0,3.928999568140784e-05,6.805516004562378,18329
50,FAN,mfcc,100,0.001,32,adam,1e-5,,,,,,,32,2,0.1,silu,,,,,,,,,,,,,,0.9825581395348837,0.9825437290918536,0.9826872224162195,0.9825581395348837,1.0,1.0,1.0,1.0,3.894706105076989e-05,6.6903462409973145,18329
51,FAN,mfcc,100,0.001,32,adam,1e-5,,,,,,,32,2,0.2,gelu,,,,,,,,,,,,,,0.9767441860465116,0.9767283021779509,0.977056995239245,0.9767441860465116,1.0,1.0,1.0,1.0,3.8927654887354654e-05,6.695877313613892,16857
52,FAN,mfcc,100,0.001,32,adam,1e-5,,,,,,,32,2,0.2,relu,,,,,,,,,,,,,,0.977906976744186,0.9778698089724204,0.9782502021888497,0.977906976744186,1.0,1.0,1.0,1.0,4.260373670001363e-05,6.445423603057861,16857
53,FAN,mfcc,100,0.001,32,adam,1e-5,,,,,,,32,2,0.2,silu,,,,,,,,,,,,,,0.977906976744186,0.9779295630089181,0.9784493510365603,0.977906976744186,1.0,1.0,1.0,1.0,3.9242311965587526e-05,6.1328370571136475,16857
54,FAN,mfcc,100,0.001,32,adam,1e-5,,,,,,,32,2,0.3,gelu,,,,,,,,,,,,,,0.9872093023255814,0.9872380560397883,0.9875281527529655,0.9872093023255814,1.0,1.0,1.0,1.0,3.889549610226653e-05,6.673350811004639,15385
55,FAN,mfcc,100,0.001,32,adam,1e-5,,,,,,,32,2,0.3,relu,,,,,,,,,,,,,,0.9802325581395349,0.9802440052637545,0.9805992365795533,0.9802325581395349,1.0,1.0,1.0,1.0,3.9601603219675466e-05,6.6175148487091064,15385
56,FAN,mfcc,100,0.001,32,adam,1e-5,,,,,,,32,2,0.3,silu,,,,,,,,,,,,,,0.9767441860465116,0.9766930575391611,0.9771374890319553,0.9767441860465116,1.0,1.0,1.0,1.0,3.9181321166282476e-05,6.485458135604858,15385
57,FAN,mfcc,100,0.001,32,adam,1e-5,,,,,,,32,2,0.4,gelu,,,,,,,,,,,,,,0.9813953488372092,0.9813535814110176,0.9816568797844363,0.9813953488372092,1.0,1.0,1.0,1.0,3.869505815727766e-05,6.641778945922852,13913
58,FAN,mfcc,100,0.001,32,adam,1e-5,,,,,,,32,2,0.4,relu,,,,,,,,,,,,,,0.9802325581395349,0.9802142827469758,0.9805371676784882,0.9802325581395349,1.0,1.0,1.0,1.0,3.9087894350983375e-05,6.776005029678345,13913
59,FAN,mfcc,100,0.001,32,adam,1e-5,,,,,,,32,2,0.4,silu,,,,,,,,,,,,,,0.9813953488372092,0.9813209463218799,0.9814220039139953,0.9813953488372092,1.0,1.0,1.0,1.0,3.902773524439612e-05,6.673772573471069,13913
60,FAN,mfcc,100,0.001,32,adam,1e-5,,,,,,,32,3,0.1,gelu,,,,,,,,,,,,,,0.9558139534883721,0.9557437619932446,0.9577141212842868,0.9558139534883721,0.9927240977881258,0.9927224613604049,0.9928147970540715,0.9927240977881258,6.720770237057709e-05,8.264484405517578,22925
61,FAN,mfcc,100,0.001,32,adam,1e-5,,,,,,,32,3,0.1,relu,,,,,,,,,,,,,,0.9802325581395349,0.9802864460613042,0.9805432616479128,0.9802325581395349,1.0,1.0,1.0,1.0,6.778961004212845e-05,8.3207528591156,22925
62,FAN,mfcc,100,0.001,32,adam,1e-5,,,,,,,32,3,0.1,silu,,,,,,,,,,,,,,0.9732558139534884,0.9731607419243309,0.9734913446836455,0.9732558139534884,1.0,1.0,1.0,1.0,6.894898969073628e-05,7.954325437545776,22925
63,FAN,mfcc,100,0.001,32,adam,1e-5,,,,,,,32,3,0.2,gelu,,,,,,,,,,,,,,0.9720930232558139,0.9720591459468056,0.9723168202637515,0.9720930232558139,0.9997089639115251,0.9997089620620151,0.9997099959543919,0.9997089639115251,6.687585697617642e-05,8.326036214828491,21069
64,FAN,mfcc,100,0.001,32,adam,1e-5,,,,,,,32,3,0.2,relu,,,,,,,,,,,,,,0.977906976744186,0.977854816781646,0.9780058000933792,0.977906976744186,1.0,1.0,1.0,1.0,6.730667380399483e-05,8.333548069000244,21069
65,FAN,mfcc,100,0.001,32,adam,1e-5,,,,,,,32,3,0.2,silu,,,,,,,,,,,,,,0.9767441860465116,0.9767337689551632,0.9771480760385199,0.9767441860465116,1.0,1.0,1.0,1.0,6.947323333385379e-05,7.957956552505493,21069
66,FAN,mfcc,100,0.001,32,adam,1e-5,,,,,,,32,3,0.3,gelu,,,,,,,,,,,,,,0.9848837209302326,0.9848968310887027,0.9850449095841133,0.9848837209302326,1.0,1.0,1.0,1.0,6.762687550034634e-05,7.6886210441589355,19149
67,FAN,mfcc,100,0.001,32,adam,1e-5,,,,,,,32,3,0.3,relu,,,,,,,,,,,,,,0.9790697674418605,0.9790355092928231,0.9792118719664076,0.9790697674418605,1.0,1.0,1.0,1.0,6.73185947329499e-05,8.192363262176514,19149
68,FAN,mfcc,100,0.001,32,adam,1e-5,,,,,,,32,3,0.3,silu,,,,,,,,,,,,,,0.9755813953488373,0.9755422641730916,0.9756606949352737,0.9755813953488373,1.0,1.0,1.0,1.0,6.787361100662586e-05,8.324592113494873,19149
69,FAN,mfcc,100,0.001,32,adam,1e-5,,,,,,,32,3,0.4,gelu,,,,,,,,,,,,,,0.9755813953488373,0.9755399558746384,0.9757435307467957,0.9755813953488373,1.0,1.0,1.0,1.0,6.790022517359534e-05,7.901465892791748,17293
70,FAN,mfcc,100,0.001,32,adam,1e-5,,,,,,,32,3,0.4,relu,,,,,,,,,,,,,,0.9662790697674418,0.9662417924444009,0.9665930937491668,0.9662790697674418,1.0,1.0,1.0,1.0,6.787444269934366e-05,8.44861888885498,17293
71,FAN,mfcc,100,0.001,32,adam,1e-5,,,,,,,32,3,0.4,silu,,,,,,,,,,,,,,0.9709302325581395,0.9710137189178542,0.9714163494760127,0.9709302325581395,1.0,1.0,1.0,1.0,6.769368814867596e-05,8.252916812896729,17293
72,FAN,mfcc,100,0.001,32,adam,1e-5,,,,,,,32,4,0.1,gelu,,,,,,,,,,,,,,0.9651162790697675,0.9651479921656176,0.9657671912700238,0.9651162790697675,1.0,1.0,1.0,1.0,9.563274161760197e-05,9.718685865402222,27586
73,FAN,mfcc,100,0.001,32,adam,1e-5,,,,,,,32,4,0.1,relu,,,,,,,,,,,,,,0.9651162790697675,0.9650917759330696,0.9655383927805394,0.9651162790697675,1.0,1.0,1.0,1.0,9.614284648451694e-05,9.88259220123291,27586
74,FAN,mfcc,100,0.001,32,adam,1e-5,,,,,,,32,4,0.1,silu,,,,,,,,,,,,,,0.9697674418604652,0.9696547089655941,0.9701955342316827,0.9697674418604652,1.0,1.0,1.0,1.0,9.627813516661178e-05,9.769582986831665,27586
75,FAN,mfcc,100,0.001,32,adam,1e-5,,,,,,,32,4,0.2,gelu,,,,,,,,,,,,,,0.9744186046511628,0.9744104029461318,0.974653832029003,0.9744186046511628,1.0,1.0,1.0,1.0,9.559171144352403e-05,9.827879905700684,25346
76,FAN,mfcc,100,0.001,32,adam,1e-5,,,,,,,32,4,0.2,relu,,,,,,,,,,,,,,0.9476744186046512,0.9477282389901032,0.9490687955249204,0.9476744186046512,0.9886495925494762,0.9886859874837706,0.9889008409010184,0.9886495925494762,9.525764820187591e-05,9.94412088394165,25346
77,FAN,mfcc,100,0.001,32,adam,1e-5,,,,,,,32,4,0.2,silu,,,,,,,,,,,,,,0.9755813953488373,0.9755950105726914,0.9759159353946733,0.9755813953488373,1.0,1.0,1.0,1.0,9.706657986308253e-05,9.590385675430298,25346
78,FAN,mfcc,100,0.001,32,adam,1e-5,,,,,,,32,4,0.3,gelu,,,,,,,,,,,,,,0.977906976744186,0.9780138025706665,0.9786897081493077,0.977906976744186,1.0,1.0,1.0,1.0,9.480964305788971e-05,9.842880964279175,22978
79,FAN,mfcc,100,0.001,32,adam,1e-5,,,,,,,32,4,0.3,relu,,,,,,,,,,,,,,0.95,0.9500099609693973,0.9508497130723931,0.95,0.9985448195576252,0.9985448383815655,0.9985488177786541,0.9985448195576252,9.567238563715025e-05,9.857303857803345,22978
80,FAN,mfcc,100,0.001,32,adam,1e-5,,,,,,,32,4,0.3,silu,,,,,,,,,,,,,,0.9720930232558139,0.9721791716373216,0.9724249022098673,0.9720930232558139,1.0,1.0,1.0,1.0,9.673223939052847e-05,9.964845418930054,22978
81,FAN,mfcc,100,0.001,32,adam,1e-5,,,,,,,32,4,0.4,gelu,,,,,,,,,,,,,,0.9616279069767442,0.9616822411247093,0.9620689659528551,0.9616279069767442,1.0,1.0,1.0,1.0,9.568264318066974e-05,9.731736183166504,20738
82,FAN,mfcc,100,0.001,32,adam,1e-5,,,,,,,32,4,0.4,relu,,,,,,,,,,,,,,0.9709302325581395,0.9708660751608783,0.9713391099458772,0.9709302325581395,1.0,1.0,1.0,1.0,9.638791860536087e-05,9.853366374969482,20738
83,FAN,mfcc,100,0.001,32,adam,1e-5,,,,,,,32,4,0.4,silu,,,,,,,,,,,,,,0.9627906976744186,0.9628006777095642,0.9632056596382884,0.9627906976744186,1.0,1.0,1.0,1.0,9.546917538310206e-05,9.824422359466553,20738
84,FAN,mfcc,100,0.001,32,adam,1e-5,,,,,,,32,5,0.1,gelu,,,,,,,,,,,,,,0.9744186046511628,0.9744200431621943,0.974720211059212,0.9744186046511628,1.0,1.0,1.0,1.0,0.00012657642364501953,11.245275259017944,32377
85,FAN,mfcc,100,0.001,32,adam,1e-5,,,,,,,32,5,0.1,relu,,,,,,,,,,,,,,0.9651162790697675,0.9651444326103279,0.9654337348854831,0.9651162790697675,1.0,1.0,1.0,1.0,0.0001251489617103754,11.258963584899902,32377
86,FAN,mfcc,100,0.001,32,adam,1e-5,,,,,,,32,5,0.1,silu,,,,,,,,,,,,,,0.9709302325581395,0.9709534318950013,0.9713865958554705,0.9709302325581395,1.0,1.0,1.0,1.0,0.00012376585672068042,11.13136887550354,32377
87,FAN,mfcc,100,0.001,32,adam,1e-5,,,,,,,32,5,0.2,gelu,,,,,,,,,,,,,,0.963953488372093,0.9639770467014082,0.9644942115842573,0.963953488372093,1.0,1.0,1.0,1.0,0.0001231334930242494,11.363764524459839,29753
88,FAN,mfcc,100,0.001,32,adam,1e-5,,,,,,,32,5,0.2,relu,,,,,,,,,,,,,,0.9686046511627907,0.9686044957578757,0.9692155583698291,0.9686046511627907,1.0,1.0,1.0,1.0,0.00012513399124145508,11.222506999969482,29753
89,FAN,mfcc,100,0.001,32,adam,1e-5,,,,,,,32,5,0.2,silu,,,,,,,,,,,,,,0.9686046511627907,0.9687242454511467,0.9699528441885007,0.9686046511627907,0.9973806752037253,0.9973944153509059,0.9974584769303473,0.9973806752037253,0.00012315567149672398,11.26399850845337,29753
90,FAN,mfcc,100,0.001,32,adam,1e-5,,,,,,,32,5,0.3,gelu,,,,,,,,,,,,,,0.9604651162790697,0.9604954202779042,0.9610374886297314,0.9604651162790697,1.0,1.0,1.0,1.0,0.0001232016918271087,11.200395584106445,26937
91,FAN,mfcc,100,0.001,32,adam,1e-5,,,,,,,32,5,0.3,relu,,,,,,,,,,,,,,0.9662790697674418,0.9661782167752287,0.9667771341591248,0.9662790697674418,1.0,1.0,1.0,1.0,0.0001247785812200502,11.377667903900146,26937
92,FAN,mfcc,100,0.001,32,adam,1e-5,,,,,,,32,5,0.3,silu,,,,,,,,,,,,,,0.913953488372093,0.914785674862489,0.919918045754596,0.913953488372093,0.9630384167636787,0.9631659478733429,0.9645445862263249,0.9630384167636787,0.00012429176374923351,11.313683032989502,26937
93,FAN,mfcc,100,0.001,32,adam,1e-5,,,,,,,32,5,0.4,gelu,,,,,,,,,,,,,,0.9558139534883721,0.9559428842902025,0.9568086804765431,0.9558139534883721,1.0,1.0,1.0,1.0,0.00012283879657124365,11.233845233917236,24313
94,FAN,mfcc,100,0.001,32,adam,1e-5,,,,,,,32,5,0.4,relu,,,,,,,,,,,,,,0.95,0.9503157560096361,0.9512015668460115,0.95,1.0,1.0,1.0,1.0,0.00012498761332312296,11.315852642059326,24313
95,FAN,mfcc,100,0.001,32,adam,1e-5,,,,,,,32,5,0.4,silu,,,,,,,,,,,,,,0.9662790697674418,0.966336167449183,0.966633471275861,0.9662790697674418,1.0,1.0,1.0,1.0,0.0001247422639713731,11.195882797241211,24313
96,FAN,mfcc,100,0.001,32,adam,1e-5,,,,,,,64,2,0.1,gelu,,,,,,,,,,,,,,0.9802325581395349,0.980191183899448,0.9805146149136605,0.9802325581395349,1.0,1.0,1.0,1.0,3.9450235145036563e-05,6.721817970275879,33881
97,FAN,mfcc,100,0.001,32,adam,1e-5,,,,,,,64,2,0.1,relu,,,,,,,,,,,,,,0.9802325581395349,0.980187682181967,0.980401316246666,0.9802325581395349,1.0,1.0,1.0,1.0,3.930330276489258e-05,6.763548851013184,33881
98,FAN,mfcc,100,0.001,32,adam,1e-5,,,,,,,64,2,0.1,silu,,,,,,,,,,,,,,0.9802325581395349,0.9801909017076381,0.9805724716566732,0.9802325581395349,1.0,1.0,1.0,1.0,3.901941831721816e-05,6.740063667297363,33881
99,FAN,mfcc,100,0.001,32,adam,1e-5,,,,,,,64,2,0.2,gelu,,,,,,,,,,,,,,0.9813953488372092,0.9813631600212431,0.9814836816929841,0.9813953488372092,1.0,1.0,1.0,1.0,3.917134085366892e-05,6.733134031295776,30937
100,FAN,mfcc,100,0.001,32,adam,1e-5,,,,,,,64,2,0.2,relu,,,,,,,,,,,,,,0.9802325581395349,0.9801954920869531,0.9805040612222554,0.9802325581395349,1.0,1.0,1.0,1.0,3.962572230849155e-05,6.6294167041778564,30937
101,FAN,mfcc,100,0.001,32,adam,1e-5,,,,,,,64,2,0.2,silu,,,,,,,,,,,,,,0.9813953488372092,0.9813714694129895,0.9815573185170722,0.9813953488372092,1.0,1.0,1.0,1.0,3.96296035411746e-05,6.744696378707886,30937
102,FAN,mfcc,100,0.001,32,adam,1e-5,,,,,,,64,2,0.3,gelu,,,,,,,,,,,,,,0.9802325581395349,0.9802197206285624,0.9803620782690244,0.9802325581395349,1.0,1.0,1.0,1.0,3.9136686990427415e-05,6.740460157394409,27545
103,FAN,mfcc,100,0.001,32,adam,1e-5,,,,,,,64,2,0.3,relu,,,,,,,,,,,,,,0.9848837209302326,0.9848591249008262,0.9851328765954265,0.9848837209302326,1.0,1.0,1.0,1.0,3.900444784829783e-05,6.722326278686523,27545
104,FAN,mfcc,100,0.001,32,adam,1e-5,,,,,,,64,2,0.3,silu,,,,,,,,,,,,,,0.9767441860465116,0.9767084886208329,0.9771345537931209,0.9767441860465116,1.0,1.0,1.0,1.0,4.033931466036065e-05,6.654470682144165,27545
105,FAN,mfcc,100,0.001,32,adam,1e-5,,,,,,,64,2,0.4,gelu,,,,,,,,,,,,,,0.9825581395348837,0.9825431508781591,0.9827140165754927,0.9825581395348837,1.0,1.0,1.0,1.0,3.8824247759442e-05,6.49892520904541,24601
106,FAN,mfcc,100,0.001,32,adam,1e-5,,,,,,,64,2,0.4,relu,,,,,,,,,,,,,,0.9813953488372092,0.9814007855151412,0.9815177175025288,0.9813953488372092,1.0,1.0,1.0,1.0,4.0471276571584305e-05,6.8006041049957275,24601
107,FAN,mfcc,100,0.001,32,adam,1e-5,,,,,,,64,2,0.4,silu,,,,,,,,,,,,,,0.9755813953488373,0.9756189240495653,0.9760031219958816,0.9755813953488373,1.0,1.0,1.0,1.0,3.9053794949553735e-05,6.75102686882019,24601
108,FAN,mfcc,100,0.001,32,adam,1e-5,,,,,,,64,3,0.1,gelu,,,,,,,,,,,,,,0.9732558139534884,0.973309789245739,0.9739371641901738,0.9732558139534884,1.0,1.0,1.0,1.0,6.748410158379134e-05,8.264617919921875,49741
109,FAN,mfcc,100,0.001,32,adam,1e-5,,,,,,,64,3,0.1,relu,,,,,,,,,,,,,,0.9720930232558139,0.9721237134082503,0.9725600814986298,0.9720930232558139,1.0,1.0,1.0,1.0,6.817995115768077e-05,7.775268316268921,49741
110,FAN,mfcc,100,0.001,32,adam,1e-5,,,,,,,64,3,0.1,silu,,,,,,,,,,,,,,0.9744186046511628,0.9743725937384484,0.9746865799249549,0.9744186046511628,1.0,1.0,1.0,1.0,6.789883901906568e-05,8.301847696304321,49741
111,FAN,mfcc,100,0.001,32,adam,1e-5,,,,,,,64,3,0.2,gelu,,,,,,,,,,,,,,0.9755813953488373,0.9754983499475781,0.9759495084510342,0.9755813953488373,1.0,1.0,1.0,1.0,6.734326828357786e-05,8.122303247451782,45197
112,FAN,mfcc,100,0.001,32,adam,1e-5,,,,,,,64,3,0.2,relu,,,,,,,,,,,,,,0.9732558139534884,0.9733773233547857,0.9740069257952546,0.9732558139534884,1.0,1.0,1.0,1.0,6.780901620554369e-05,8.312540292739868,45197
113,FAN,mfcc,100,0.001,32,adam,1e-5,,,,,,,64,3,0.2,silu,,,,,,,,,,,,,,0.9755813953488373,0.975469685449025,0.9757882562436472,0.9755813953488373,1.0,1.0,1.0,1.0,6.706354229949241e-05,8.307997226715088,45197
114,FAN,mfcc,100,0.001,32,adam,1e-5,,,,,,,64,3,0.3,gelu,,,,,,,,,,,,,,0.9755813953488373,0.9756316055446619,0.9761362669265308,0.9755813953488373,1.0,1.0,1.0,1.0,6.830248721810275e-05,8.2740638256073,39949
115,FAN,mfcc,100,0.001,32,adam,1e-5,,,,,,,64,3,0.3,relu,,,,,,,,,,,,,,0.9755813953488373,0.9756313513604546,0.975962642494006,0.9755813953488373,1.0,1.0,1.0,1.0,6.793820580770803e-05,8.27921438217163,39949
116,FAN,mfcc,100,0.001,32,adam,1e-5,,,,,,,64,3,0.3,silu,,,,,,,,,,,,,,0.9813953488372092,0.9813317972458128,0.981599594392233,0.9813953488372092,1.0,1.0,1.0,1.0,6.808208864788676e-05,7.9536778926849365,39949
117,FAN,mfcc,100,0.001,32,adam,1e-5,,,,,,,64,3,0.4,gelu,,,,,,,,,,,,,,0.9790697674418605,0.9791225200868822,0.9795490185745332,0.9790697674418605,1.0,1.0,1.0,1.0,6.730611934218296e-05,8.350669622421265,35405
118,FAN,mfcc,100,0.001,32,adam,1e-5,,,,,,,64,3,0.4,relu,,,,,,,,,,,,,,0.9790697674418605,0.979030255749042,0.9792861780627323,0.9790697674418605,1.0,1.0,1.0,1.0,6.866482801215593e-05,8.22210168838501,35405
119,FAN,mfcc,100,0.001,32,adam,1e-5,,,,,,,64,3,0.4,silu,,,,,,,,,,,,,,0.9802325581395349,0.9801894705206399,0.9805035350061595,0.9802325581395349,1.0,1.0,1.0,1.0,6.790244302084279e-05,8.336700916290283,35405
120,FAN,mfcc,100,0.001,32,adam,1e-5,,,,,,,64,4,0.1,gelu,,,,,,,,,,,,,,0.9790697674418605,0.9790530209713862,0.9791799093365103,0.9790697674418605,1.0,1.0,1.0,1.0,9.585341741872389e-05,9.44033670425415,65666
121,FAN,mfcc,100,0.001,32,adam,1e-5,,,,,,,64,4,0.1,relu,,,,,,,,,,,,,,0.9709302325581395,0.9708578761206947,0.9708817215835265,0.9709302325581395,1.0,1.0,1.0,1.0,9.553765141686728e-05,9.825374364852905,65666
122,FAN,mfcc,100,0.001,32,adam,1e-5,,,,,,,64,4,0.1,silu,,,,,,,,,,,,,,0.9813953488372092,0.9814530673697643,0.9818925666863212,0.9813953488372092,1.0,1.0,1.0,1.0,9.605995444364326e-05,9.826427936553955,65666
123,FAN,mfcc,100,0.001,32,adam,1e-5,,,,,,,64,4,0.2,gelu,,,,,,,,,,,,,,0.9767441860465116,0.976735338899222,0.9769025865708492,0.9767441860465116,1.0,1.0,1.0,1.0,9.53311143919479e-05,9.627301216125488,59522
124,FAN,mfcc,100,0.001,32,adam,1e-5,,,,,,,64,4,0.2,relu,,,,,,,,,,,,,,0.9767441860465116,0.9767424232342256,0.977009974934044,0.9767441860465116,1.0,1.0,1.0,1.0,9.682622066763945e-05,9.746033191680908,59522
125,FAN,mfcc,100,0.001,32,adam,1e-5,,,,,,,64,4,0.2,silu,,,,,,,,,,,,,,0.9802325581395349,0.9802200386240587,0.9807097943672861,0.9802325581395349,1.0,1.0,1.0,1.0,9.62825708611067e-05,9.734763383865356,59522
126,FAN,mfcc,100,0.001,32,adam,1e-5,,,,,,,64,4,0.3,gelu,,,,,,,,,,,,,,0.9732558139534884,0.9732969878898584,0.9740026864880866,0.9732558139534884,1.0,1.0,1.0,1.0,9.511930997981582e-05,9.737688541412354,52418
127,FAN,mfcc,100,0.001,32,adam,1e-5,,,,,,,64,4,0.3,relu,,,,,,,,,,,,,,0.9720930232558139,0.9721108580228304,0.9723668503227445,0.9720930232558139,1.0,1.0,1.0,1.0,9.722404701765194e-05,9.631335258483887,52418
128,FAN,mfcc,100,0.001,32,adam,1e-5,,,,,,,64,4,0.3,silu,,,,,,,,,,,,,,0.9651162790697675,0.9650709206003516,0.9655315569169025,0.9651162790697675,1.0,1.0,1.0,1.0,9.576941645422648e-05,9.506953954696655,52418
129,FAN,mfcc,100,0.001,32,adam,1e-5,,,,,,,64,4,0.4,gelu,,,,,,,,,,,,,,0.9790697674418605,0.9790704942306591,0.9793817153085981,0.9790697674418605,1.0,1.0,1.0,1.0,9.547915569571561e-05,9.835382461547852,46274
130,FAN,mfcc,100,0.001,32,adam,1e-5,,,,,,,64,4,0.4,relu,,,,,,,,,,,,,,0.9767441860465116,0.9767731694418003,0.9773681589063316,0.9767441860465116,1.0,1.0,1.0,1.0,9.922676308210506e-05,9.859129428863525,46274
131,FAN,mfcc,100,0.001,32,adam,1e-5,,,,,,,64,4,0.4,silu,,,,,,,,,,,,,,0.9593023255813954,0.9593462821077438,0.9596488776166805,0.9593023255813954,1.0,1.0,1.0,1.0,9.552767110425372e-05,9.845524072647095,46274
132,FAN,mfcc,100,0.001,32,adam,1e-5,,,,,,,64,5,0.1,gelu,,,,,,,,,,,,,,0.9674418604651163,0.9674497385019131,0.9676208046923087,0.9674418604651163,1.0,1.0,1.0,1.0,0.0001222710276758948,11.048467636108398,81721
133,FAN,mfcc,100,0.001,32,adam,1e-5,,,,,,,64,5,0.1,relu,,,,,,,,,,,,,,0.9697674418604652,0.9698083560952778,0.9700073954998794,0.9697674418604652,1.0,1.0,1.0,1.0,0.000124705946722696,11.312424898147583,81721
134,FAN,mfcc,100,0.001,32,adam,1e-5,,,,,,,64,5,0.1,silu,,,,,,,,,,,,,,0.9732558139534884,0.9732257238537932,0.9737490091099336,0.9732558139534884,1.0,1.0,1.0,1.0,0.00012340379315753315,11.312721729278564,81721
135,FAN,mfcc,100,0.001,32,adam,1e-5,,,,,,,64,5,0.2,gelu,,,,,,,,,,,,,,0.9686046511627907,0.968686990172826,0.9691386844231873,0.9686046511627907,1.0,1.0,1.0,1.0,0.00012695290321527525,11.213038206100464,73977
136,FAN,mfcc,100,0.001,32,adam,1e-5,,,,,,,64,5,0.2,relu,,,,,,,,,,,,,,0.9697674418604652,0.9698473869950245,0.9704406362291346,0.9697674418604652,1.0,1.0,1.0,1.0,0.00012579019679579624,11.150436878204346,73977
137,FAN,mfcc,100,0.001,32,adam,1e-5,,,,,,,64,5,0.2,silu,,,,,,,,,,,,,,0.9767441860465116,0.9767194322932637,0.976753006009831,0.9767441860465116,1.0,1.0,1.0,1.0,0.0001257042552149573,11.177645921707153,73977
138,FAN,mfcc,100,0.001,32,adam,1e-5,,,,,,,64,5,0.3,gelu,,,,,,,,,,,,,,0.9627906976744186,0.9626129513020716,0.9629949055824647,0.9627906976744186,0.9997089639115251,0.9997089744792523,0.9997099959543919,0.9997089639115251,0.00012347032857495686,11.169275522232056,65017
139,FAN,mfcc,100,0.001,32,adam,1e-5,,,,,,,64,5,0.3,relu,,,,,,,,,,,,,,0.9709302325581395,0.9708621608798742,0.9711633540696647,0.9709302325581395,1.0,1.0,1.0,1.0,0.00012508131736932798,11.217570066452026,65017
140,FAN,mfcc,100,0.001,32,adam,1e-5,,,,,,,64,5,0.3,silu,,,,,,,,,,,,,,0.9755813953488373,0.9756391622334462,0.9763054946280694,0.9755813953488373,1.0,1.0,1.0,1.0,0.00012356652769931526,10.995400190353394,65017
141,FAN,mfcc,100,0.001,32,adam,1e-5,,,,,,,64,5,0.4,gelu,,,,,,,,,,,,,,0.9755813953488373,0.9755596293098211,0.9758820335635775,0.9755813953488373,1.0,1.0,1.0,1.0,0.00012165058490841888,11.199235916137695,57273
142,FAN,mfcc,100,0.001,32,adam,1e-5,,,,,,,64,5,0.4,relu,,,,,,,,,,,,,,0.9709302325581395,0.97096018392553,0.971258386881694,0.9709302325581395,1.0,1.0,1.0,1.0,0.00012481794800869254,11.319935321807861,57273
143,FAN,mfcc,100,0.001,32,adam,1e-5,,,,,,,64,5,0.4,silu,,,,,,,,,,,,,,0.9709302325581395,0.9709126253531466,0.9712760865763085,0.9709302325581395,1.0,1.0,1.0,1.0,0.00012356042861938477,11.278769254684448,57273
144,FAN,mfcc,100,0.001,32,adam,1e-5,,,,,,,128,2,0.1,gelu,,,,,,,,,,,,,,0.9825581395348837,0.9825393471185762,0.9828397382203218,0.9825581395348837,1.0,1.0,1.0,1.0,3.9091775583666425e-05,6.652001857757568,64985
145,FAN,mfcc,100,0.001,32,adam,1e-5,,,,,,,128,2,0.1,relu,,,,,,,,,,,,,,0.9790697674418605,0.9790624142908405,0.9791864832186749,0.9790697674418605,1.0,1.0,1.0,1.0,3.930995630663495e-05,6.775498390197754,64985
146,FAN,mfcc,100,0.001,32,adam,1e-5,,,,,,,128,2,0.1,silu,,,,,,,,,,,,,,0.9744186046511628,0.9745399351336572,0.9750279734908931,0.9744186046511628,1.0,1.0,1.0,1.0,3.9118666981541836e-05,6.739688396453857,64985
147,FAN,mfcc,100,0.001,32,adam,1e-5,,,,,,,128,2,0.2,gelu,,,,,,,,,,,,,,0.9732558139534884,0.973229687127528,0.9735769314916909,0.9732558139534884,1.0,1.0,1.0,1.0,3.864903782689294e-05,6.694424390792847,58649
148,FAN,mfcc,100,0.001,32,adam,1e-5,,,,,,,128,2,0.2,relu,,,,,,,,,,,,,,0.9802325581395349,0.9801934399795571,0.9805569649988253,0.9802325581395349,1.0,1.0,1.0,1.0,3.9753802987032156e-05,6.374662399291992,58649
149,FAN,mfcc,100,0.001,32,adam,1e-5,,,,,,,128,2,0.2,silu,,,,,,,,,,,,,,0.977906976744186,0.9779547072038566,0.9783051447286965,0.977906976744186,1.0,1.0,1.0,1.0,4.003685574198878e-05,6.756175518035889,58649
150,FAN,mfcc,100,0.001,32,adam,1e-5,,,,,,,128,2,0.3,gelu,,,,,,,,,,,,,,0.9767441860465116,0.9768179511877526,0.9773237448794747,0.9767441860465116,1.0,1.0,1.0,1.0,3.857141317323197e-05,6.750223159790039,52313
151,FAN,mfcc,100,0.001,32,adam,1e-5,,,,,,,128,2,0.3,relu,,,,,,,,,,,,,,0.9848837209302326,0.9848985572984847,0.9850884781732935,0.9848837209302326,1.0,1.0,1.0,1.0,3.946187884308571e-05,6.651779413223267,52313
152,FAN,mfcc,100,0.001,32,adam,1e-5,,,,,,,128,2,0.3,silu,,,,,,,,,,,,,,0.9825581395348837,0.9825578292751227,0.9828539498683838,0.9825581395348837,1.0,1.0,1.0,1.0,3.938009572583576e-05,6.564276695251465,52313
153,FAN,mfcc,100,0.001,32,adam,1e-5,,,,,,,128,2,0.4,gelu,,,,,,,,,,,,,,0.9825581395348837,0.9825351104163915,0.9828223172545322,0.9825581395348837,1.0,1.0,1.0,1.0,3.855976947518282e-05,6.712975740432739,45977
154,FAN,mfcc,100,0.001,32,adam,1e-5,,,,,,,128,2,0.4,relu,,,,,,,,,,,,,,0.9802325581395349,0.9802090074207802,0.9804632295000184,0.9802325581395349,1.0,1.0,1.0,1.0,4.031713618788608e-05,6.748660087585449,45977
155,FAN,mfcc,100,0.001,32,adam,1e-5,,,,,,,128,2,0.4,silu,,,,,,,,,,,,,,0.9825581395348837,0.9825535954258258,0.9827941061325732,0.9825581395348837,1.0,1.0,1.0,1.0,3.9479621621065365e-05,6.398547887802124,45977
156,FAN,mfcc,100,0.001,32,adam,1e-5,,,,,,,128,3,0.1,gelu,,,,,,,,,,,,,,0.9767441860465116,0.9767424234878243,0.976901117587717,0.9767441860465116,1.0,1.0,1.0,1.0,7.137753242670104e-05,8.387212038040161,125581
157,FAN,mfcc,100,0.001,32,adam,1e-5,,,,,,,128,3,0.1,relu,,,,,,,,,,,,,,0.9744186046511628,0.9744373856156336,0.9746194966249287,0.9744186046511628,1.0,1.0,1.0,1.0,7.00520914654399e-05,7.9218268394470215,125581
158,FAN,mfcc,100,0.001,32,adam,1e-5,,,,,,,128,3,0.1,silu,,,,,,,,,,,,,,0.9755813953488373,0.97555284404988,0.9760380914953195,0.9755813953488373,1.0,1.0,1.0,1.0,6.979260333748751e-05,7.922518491744995,125581
159,FAN,mfcc,100,0.001,32,adam,1e-5,,,,,,,128,3,0.2,gelu,,,,,,,,,,,,,,0.9790697674418605,0.9790497512776865,0.9796544095921202,0.9790697674418605,1.0,1.0,1.0,1.0,6.8162762841513e-05,8.293458461761475,112461
160,FAN,mfcc,100,0.001,32,adam,1e-5,,,,,,,128,3,0.2,relu,,,,,,,,,,,,,,0.9709302325581395,0.9708004966552661,0.9710885849775001,0.9709302325581395,1.0,1.0,1.0,1.0,6.913972455401754e-05,8.311629295349121,112461
161,FAN,mfcc,100,0.001,32,adam,1e-5,,,,,,,128,3,0.2,silu,,,,,,,,,,,,,,0.9744186046511628,0.9744446715075279,0.9748341812631979,0.9744186046511628,1.0,1.0,1.0,1.0,6.914388301760652e-05,8.373241186141968,112461
162,FAN,mfcc,100,0.001,32,adam,1e-5,,,,,,,128,3,0.3,gelu,,,,,,,,,,,,,,0.9767441860465116,0.9767558590028816,0.9769934592400151,0.9767441860465116,1.0,1.0,1.0,1.0,6.939782652744027e-05,8.145938396453857,99405
163,FAN,mfcc,100,0.001,32,adam,1e-5,,,,,,,128,3,0.3,relu,,,,,,,,,,,,,,0.9802325581395349,0.9802556461535789,0.980606727083916,0.9802325581395349,1.0,1.0,1.0,1.0,6.941529207451399e-05,8.323903322219849,99405
164,FAN,mfcc,100,0.001,32,adam,1e-5,,,,,,,128,3,0.3,silu,,,,,,,,,,,,,,0.9709302325581395,0.9709247679345945,0.9714590358398532,0.9709302325581395,1.0,1.0,1.0,1.0,6.904851558596588e-05,8.145964860916138,99405
165,FAN,mfcc,100,0.001,32,adam,1e-5,,,,,,,128,3,0.4,gelu,,,,,,,,,,,,,,0.9802325581395349,0.9802361085714665,0.9804317887859912,0.9802325581395349,1.0,1.0,1.0,1.0,6.885084995003634e-05,8.096434354782104,86285
166,FAN,mfcc,100,0.001,32,adam,1e-5,,,,,,,128,3,0.4,relu,,,,,,,,,,,,,,0.9767441860465116,0.9767373091810634,0.9773751700804665,0.9767441860465116,1.0,1.0,1.0,1.0,6.985165352045103e-05,7.990957021713257,86285
167,FAN,mfcc,100,0.001,32,adam,1e-5,,,,,,,128,3,0.4,silu,,,,,,,,,,,,,,0.9732558139534884,0.9733188760619691,0.9736387737032088,0.9732558139534884,1.0,1.0,1.0,1.0,6.898946540300236e-05,8.298720836639404,86285
168,FAN,mfcc,100,0.001,32,adam,1e-5,,,,,,,128,4,0.1,gelu,,,,,,,,,,,,,,0.9767441860465116,0.9767069610534113,0.9770645427367006,0.9767441860465116,1.0,1.0,1.0,1.0,9.748713914738145e-05,9.956793546676636,186242
169,FAN,mfcc,100,0.001,32,adam,1e-5,,,,,,,128,4,0.1,relu,,,,,,,,,,,,,,0.977906976744186,0.9779188185013726,0.9783090730725825,0.977906976744186,1.0,1.0,1.0,1.0,0.00010018071462941724,10.04451584815979,186242
170,FAN,mfcc,100,0.001,32,adam,1e-5,,,,,,,128,4,0.1,silu,,,,,,,,,,,,,,0.9755813953488373,0.9756004923700156,0.9760563852802335,0.9755813953488373,1.0,1.0,1.0,1.0,9.843859561654024e-05,9.936652898788452,186242
171,FAN,mfcc,100,0.001,32,adam,1e-5,,,,,,,128,4,0.2,gelu,,,,,,,,,,,,,,0.9720930232558139,0.9721595437297512,0.9725124424061125,0.9720930232558139,1.0,1.0,1.0,1.0,9.7741914349933e-05,9.852426290512085,166338
172,FAN,mfcc,100,0.001,32,adam,1e-5,,,,,,,128,4,0.2,relu,,,,,,,,,,,,,,0.9720930232558139,0.9720650757236833,0.9725671835347043,0.9720930232558139,1.0,1.0,1.0,1.0,9.897198787955351e-05,9.948792457580566,166338
173,FAN,mfcc,100,0.001,32,adam,1e-5,,,,,,,128,4,0.2,silu,,,,,,,,,,,,,,0.9744186046511628,0.9745142025805542,0.9749019405370482,0.9744186046511628,1.0,1.0,1.0,1.0,9.817051333050395e-05,9.8955557346344,166338
174,FAN,mfcc,100,0.001,32,adam,1e-5,,,,,,,128,4,0.3,gelu,,,,,,,,,,,,,,0.9755813953488373,0.9756187168381483,0.9760490711736037,0.9755813953488373,1.0,1.0,1.0,1.0,9.76648441580839e-05,9.826661586761475,146562
175,FAN,mfcc,100,0.001,32,adam,1e-5,,,,,,,128,4,0.3,relu,,,,,,,,,,,,,,0.9744186046511628,0.9744413686423153,0.9748590768053597,0.9744186046511628,1.0,1.0,1.0,1.0,9.895840356516284e-05,9.864736795425415,146562
176,FAN,mfcc,100,0.001,32,adam,1e-5,,,,,,,128,4,0.3,silu,,,,,,,,,,,,,,0.9790697674418605,0.9790985856131833,0.9795122717531916,0.9790697674418605,1.0,1.0,1.0,1.0,9.771557741386945e-05,9.838036298751831,146562
177,FAN,mfcc,100,0.001,32,adam,1e-5,,,,,,,128,4,0.4,gelu,,,,,,,,,,,,,,0.9709302325581395,0.9710531313754822,0.971473246404514,0.9709302325581395,1.0,1.0,1.0,1.0,9.82963761617971e-05,9.424368858337402,126658
178,FAN,mfcc,100,0.001,32,adam,1e-5,,,,,,,128,4,0.4,relu,,,,,,,,,,,,,,0.9709302325581395,0.9709469936396345,0.9712336811528232,0.9709302325581395,1.0,1.0,1.0,1.0,9.864374648692997e-05,9.678499698638916,126658
179,FAN,mfcc,100,0.001,32,adam,1e-5,,,,,,,128,4,0.4,silu,,,,,,,,,,,,,,0.977906976744186,0.9779778591819368,0.9784372559115663,0.977906976744186,1.0,1.0,1.0,1.0,9.933626928994822e-05,9.476972341537476,126658
180,FAN,mfcc,100,0.001,32,adam,1e-5,,,,,,,128,5,0.1,gelu,,,,,,,,,,,,,,0.9837209302325581,0.9837138444328177,0.9838434533923708,0.9837209302325581,1.0,1.0,1.0,1.0,0.00012737678927044537,11.289081811904907,247033
181,FAN,mfcc,100,0.001,32,adam,1e-5,,,,,,,128,5,0.1,relu,,,,,,,,,,,,,,0.9627906976744186,0.9628538163897631,0.9635018014493199,0.9627906976744186,1.0,1.0,1.0,1.0,0.00012864068497058957,11.075191259384155,247033
182,FAN,mfcc,100,0.001,32,adam,1e-5,,,,,,,128,5,0.1,silu,,,,,,,,,,,,,,0.9813953488372092,0.9813767618658821,0.9819746657848581,0.9813953488372092,1.0,1.0,1.0,1.0,0.00012939308964928916,11.24706220626831,247033
183,FAN,mfcc,100,0.001,32,adam,1e-5,,,,,,,128,5,0.2,gelu,,,,,,,,,,,,,,0.9697674418604652,0.9697619692154288,0.9699861171827241,0.9697674418604652,1.0,1.0,1.0,1.0,0.00013857858125553574,11.268102884292603,220345
184,FAN,mfcc,100,0.001,32,adam,1e-5,,,,,,,128,5,0.2,relu,,,,,,,,,,,,,,0.9732558139534884,0.9732421096457438,0.9734740575558332,0.9732558139534884,1.0,1.0,1.0,1.0,0.00012833794882131176,11.374049425125122,220345
185,FAN,mfcc,100,0.001,32,adam,1e-5,,,,,,,128,5,0.2,silu,,,,,,,,,,,,,,0.9732558139534884,0.9732599214836828,0.9741282340735736,0.9732558139534884,1.0,1.0,1.0,1.0,0.00012698755707851676,11.345110654830933,220345
186,FAN,mfcc,100,0.001,32,adam,1e-5,,,,,,,128,5,0.3,gelu,,,,,,,,,,,,,,0.977906976744186,0.9779508686526769,0.9781558068942093,0.977906976744186,1.0,1.0,1.0,1.0,0.00012736403664877249,11.243918657302856,193849
187,FAN,mfcc,100,0.001,32,adam,1e-5,,,,,,,128,5,0.3,relu,,,,,,,,,,,,,,0.9720930232558139,0.9722069560080313,0.972985856883877,0.9720930232558139,1.0,1.0,1.0,1.0,0.00012871387392975563,11.249327421188354,193849
188,FAN,mfcc,100,0.001,32,adam,1e-5,,,,,,,128,5,0.3,silu,,,,,,,,,,,,,,0.9744186046511628,0.9743987204103327,0.9746301019655369,0.9744186046511628,1.0,1.0,1.0,1.0,0.00012967059778612713,11.27247428894043,193849
189,FAN,mfcc,100,0.001,32,adam,1e-5,,,,,,,128,5,0.4,gelu,,,,,,,,,,,,,,0.9732558139534884,0.9732897196640835,0.9738016359482474,0.9732558139534884,0.9997089639115251,0.9997089531951544,0.9997099606104581,0.9997089639115251,0.00012795620186384333,11.220261812210083,167161
190,FAN,mfcc,100,0.001,32,adam,1e-5,,,,,,,128,5,0.4,relu,,,,,,,,,,,,,,0.9662790697674418,0.9662251650880795,0.9667130244913933,0.9662790697674418,1.0,1.0,1.0,1.0,0.00012827723525291266,11.293522596359253,167161
191,FAN,mfcc,100,0.001,32,adam,1e-5,,,,,,,128,5,0.4,silu,,,,,,,,,,,,,,0.9627906976744186,0.9627189873585442,0.9630467135987123,0.9627906976744186,1.0,1.0,1.0,1.0,0.00013162535290385402,10.941817045211792,167161
192,FAN,mfcc,100,0.001,32,sgd,1e-5,,,,,,,16,2,0.1,gelu,,,,,,,,,,,,,,0.9732558139534884,0.9731743989629327,0.97327283759943,0.9732558139534884,0.9979627473806753,0.9979653894489621,0.9979891102435853,0.9979627473806753,3.932936247005019e-05,5.343742847442627,10777
193,FAN,mfcc,100,0.001,32,sgd,1e-5,,,,,,,16,2,0.1,relu,,,,,,,,,,,,,,0.9825581395348837,0.9825725172995551,0.9826635813187221,0.9825581395348837,0.9979627473806753,0.9979611203752327,0.9979707011343194,0.9979627473806753,3.885779269905977e-05,5.668321132659912,10777
194,FAN,mfcc,100,0.001,32,sgd,1e-5,,,,,,,16,2,0.1,silu,,,,,,,,,,,,,,0.9709302325581395,0.9709030498183004,0.9712195446625851,0.9709302325581395,0.9970896391152503,0.997090390472205,0.9971024717679573,0.9970896391152503,3.9505404095317045e-05,5.527010679244995,10777
195,FAN,mfcc,100,0.001,32,sgd,1e-5,,,,,,,16,2,0.2,gelu,,,,,,,,,,,,,,0.9709302325581395,0.970908379149156,0.9713572053805803,0.9709302325581395,0.9976717112922002,0.9976724290831096,0.9976864957668112,0.9976717112922002,3.877933635268101e-05,5.832036018371582,9817
196,FAN,mfcc,100,0.001,32,sgd,1e-5,,,,,,,16,2,0.2,relu,,,,,,,,,,,,,,0.9732558139534884,0.973197658140009,0.973465104910609,0.9732558139534884,0.9991268917345751,0.9991263354677861,0.9991298716954531,0.9991268917345751,3.916052884833757e-05,5.942326545715332,9817
197,FAN,mfcc,100,0.001,32,sgd,1e-5,,,,,,,16,2,0.2,silu,,,,,,,,,,,,,,0.9755813953488373,0.9755553758105224,0.9758183256679992,0.9755813953488373,0.9979627473806753,0.9979631886040251,0.9979705876325149,0.9979627473806753,3.903411155523256e-05,5.335834503173828,9817
198,FAN,mfcc,100,0.001,32,sgd,1e-5,,,,,,,16,2,0.3,gelu,,,,,,,,,,,,,,0.9709302325581395,0.9709007446128622,0.9712222699117263,0.9709302325581395,0.9988358556461001,0.9988358558201693,0.9988409659293226,0.9988358556461001,3.868147384288699e-05,5.756076097488403,9305
199,FAN,mfcc,100,0.001,32,sgd,1e-5,,,,,,,16,2,0.3,relu,,,,,,,,,,,,,,0.9755813953488373,0.9756243757380189,0.9759871730569634,0.9755813953488373,0.9970896391152503,0.997090447347572,0.9971025490020913,0.9970896391152503,3.933989724447561e-05,5.880323648452759,9305
200,FAN,mfcc,100,0.001,32,sgd,1e-5,,,,,,,16,2,0.3,silu,,,,,,,,,,,,,,0.9627906976744186,0.962752960609805,0.9630965349048711,0.9627906976744186,0.9991268917345751,0.9991268714321215,0.9991288749965199,0.9991268917345751,3.910175589627998e-05,5.489250421524048,9305
201,FAN,mfcc,100,0.001,32,sgd,1e-5,,,,,,,16,2,0.4,gelu,,,,,,,,,,,,,,0.958139534883721,0.9581493329942949,0.9585456999994832,0.958139534883721,0.9953434225844005,0.995346091284313,0.9953620898744633,0.9953434225844005,3.952370133510856e-05,5.315334320068359,8345
202,FAN,mfcc,100,0.001,32,sgd,1e-5,,,,,,,16,2,0.4,relu,,,,,,,,,,,,,,0.9686046511627907,0.9685412050963111,0.9688992850664505,0.9686046511627907,0.9982537834691502,0.9982532974209172,0.9982578803581512,0.9982537834691502,3.891018934028093e-05,5.294912815093994,8345
203,FAN,mfcc,100,0.001,32,sgd,1e-5,,,,,,,16,2,0.4,silu,,,,,,,,,,,,,,0.9651162790697675,0.9652804281098654,0.9657606679543668,0.9651162790697675,0.9956344586728755,0.9956343364303772,0.9956530781425396,0.9956344586728755,3.9435264676116233e-05,5.258802175521851,8345
204,FAN,mfcc,100,0.001,32,sgd,1e-5,,,,,,,16,3,0.1,gelu,,,,,,,,,,,,,,0.9627906976744186,0.9627946778095977,0.9634983032583337,0.9627906976744186,0.9994179278230501,0.9994179403098964,0.9994199882619893,0.9994179278230501,6.742394247720408e-05,6.813971757888794,12557
205,FAN,mfcc,100,0.001,32,sgd,1e-5,,,,,,,16,3,0.1,relu,,,,,,,,,,,,,,0.9697674418604652,0.9698423929478444,0.9700827552520438,0.9697674418604652,0.9982537834691502,0.9982536709814577,0.9982597433909062,0.9982537834691502,6.82622887367426e-05,6.974079370498657,12557
206,FAN,mfcc,100,0.001,32,sgd,1e-5,,,,,,,16,3,0.1,silu,,,,,,,,,,,,,,0.9616279069767442,0.9617211426014205,0.9621810254586982,0.9616279069767442,0.9991268917345751,0.9991268213695815,0.999131851486508,0.9991268917345751,6.722128668496776e-05,6.854318857192993,12557
207,FAN,mfcc,100,0.001,32,sgd,1e-5,,,,,,,16,3,0.2,gelu,,,,,,,,,,,,,,0.9709302325581395,0.9709929659489522,0.9713291024757452,0.9709302325581395,1.0,1.0,1.0,1.0,6.668678549833076e-05,7.416759729385376,11469
208,FAN,mfcc,100,0.001,32,sgd,1e-5,,,,,,,16,3,0.2,relu,,,,,,,,,,,,,,0.9558139534883721,0.9557747400695698,0.956015966959152,0.9558139534883721,0.9994179278230501,0.9994179381501539,0.9994199464289288,0.9994179278230501,6.911920946697857e-05,7.317346096038818,11469
209,FAN,mfcc,100,0.001,32,sgd,1e-5,,,,,,,16,3,0.2,silu,,,,,,,,,,,,,,0.9662790697674418,0.9661993763236849,0.9664638559601623,0.9662790697674418,0.9991268917345751,0.9991269006636786,0.9991279274501925,0.9991268917345751,6.754453792128452e-05,7.45795750617981,11469
210,FAN,mfcc,100,0.001,32,sgd,1e-5,,,,,,,16,3,0.3,gelu,,,,,,,,,,,,,,0.9546511627906977,0.9545929543227487,0.9550046627863531,0.9546511627906977,1.0,1.0,1.0,1.0,6.76429548928904e-05,7.428912162780762,10893
211,FAN,mfcc,100,0.001,32,sgd,1e-5,,,,,,,16,3,0.3,relu,,,,,,,,,,,,,,0.9627906976744186,0.962844872689693,0.9633990468731711,0.9627906976744186,0.9997089639115251,0.9997089531951544,0.9997099606104581,0.9997089639115251,6.782814513805301e-05,7.418217182159424,10893
212,FAN,mfcc,100,0.001,32,sgd,1e-5,,,,,,,16,3,0.3,silu,,,,,,,,,,,,,,0.963953488372093,0.9638995683915352,0.9648125742951588,0.963953488372093,1.0,1.0,1.0,1.0,6.753067637598792e-05,6.866532325744629,10893
213,FAN,mfcc,100,0.001,32,sgd,1e-5,,,,,,,16,3,0.4,gelu,,,,,,,,,,,,,,0.9569767441860465,0.9570321572719748,0.9576444777892842,0.9569767441860465,1.0,1.0,1.0,1.0,6.846078606538995e-05,7.423427581787109,9805
214,FAN,mfcc,100,0.001,32,sgd,1e-5,,,,,,,16,3,0.4,relu,,,,,,,,,,,,,,0.9627906976744186,0.9627942896144528,0.9633354801202394,0.9627906976744186,0.9985448195576252,0.9985457271085731,0.9985547500048975,0.9985448195576252,6.764350935470226e-05,7.463384628295898,9805
215,FAN,mfcc,100,0.001,32,sgd,1e-5,,,,,,,16,3,0.4,silu,,,,,,,,,,,,,,0.9604651162790697,0.9603847551015112,0.9606792608350196,0.9604651162790697,1.0,1.0,1.0,1.0,6.768232168153275e-05,7.463114500045776,9805
216,FAN,mfcc,100,0.001,32,sgd,1e-5,,,,,,,16,4,0.1,gelu,,,,,,,,,,,,,,0.9604651162790697,0.9605419261240811,0.9612284143453957,0.9604651162790697,0.9982537834691502,0.9982553955299162,0.9982651566916327,0.9982537834691502,9.511237920716752e-05,8.843491077423096,14402
217,FAN,mfcc,100,0.001,32,sgd,1e-5,,,,,,,16,4,0.1,relu,,,,,,,,,,,,,,0.9302325581395349,0.9299743618826786,0.9308037066183037,0.9302325581395349,1.0,1.0,1.0,1.0,9.563440500303756e-05,8.934995651245117,14402
218,FAN,mfcc,100,0.001,32,sgd,1e-5,,,,,,,16,4,0.1,silu,,,,,,,,,,,,,,0.9511627906976744,0.9512983592572144,0.9519996884772235,0.9511627906976744,0.9997089639115251,0.9997089693056607,0.9997099959543919,0.9997089639115251,9.454849154450172e-05,8.78873062133789,14402
219,FAN,mfcc,100,0.001,32,sgd,1e-5,,,,,,,16,4,0.2,gelu,,,,,,,,,,,,,,0.9476744186046512,0.9475667313261172,0.9476647415832322,0.9476744186046512,0.9991268917345751,0.9991256799326218,0.9991318213536227,0.9991268917345751,9.542093720546988e-05,8.459373235702515,13186
220,FAN,mfcc,100,0.001,32,sgd,1e-5,,,,,,,16,4,0.2,relu,,,,,,,,,,,,,,0.9441860465116279,0.9442333267184352,0.9449066979680809,0.9441860465116279,0.9994179278230501,0.9994184464725526,0.9994220414073395,0.9994179278230501,9.808928467506586e-05,8.74147915840149,13186
221,FAN,mfcc,100,0.001,32,sgd,1e-5,,,,,,,16,4,0.2,silu,,,,,,,,,,,,,,0.9465116279069767,0.9466525463388109,0.9472189421704583,0.9465116279069767,0.9997089639115251,0.9997089859880759,0.9997100418229639,0.9997089639115251,9.526069774184116e-05,8.659329891204834,13186
222,FAN,mfcc,100,0.001,32,sgd,1e-5,,,,,,,16,4,0.3,gelu,,,,,,,,,,,,,,0.958139534883721,0.9581011514888589,0.958628046396089,0.958139534883721,0.9997089639115251,0.9997089710042357,0.9997099923075974,0.9997089639115251,9.775300358617028e-05,8.782500267028809,12546
223,FAN,mfcc,100,0.001,32,sgd,1e-5,,,,,,,16,4,0.3,relu,,,,,,,,,,,,,,0.9465116279069767,0.9465500614735917,0.947121345164058,0.9465116279069767,1.0,1.0,1.0,1.0,9.673029877418695e-05,8.915496349334717,12546
224,FAN,mfcc,100,0.001,32,sgd,1e-5,,,,,,,16,4,0.3,silu,,,,,,,,,,,,,,0.95,0.9500480250858407,0.9501970699781364,0.95,0.9991268917345751,0.9991268917345751,0.9991358010025896,0.9991268917345751,9.468156237934911e-05,8.798067569732666,12546
225,FAN,mfcc,100,0.001,32,sgd,1e-5,,,,,,,16,4,0.4,gelu,,,,,,,,,,,,,,0.9430232558139535,0.9430846552202711,0.9443031533285021,0.9430232558139535,0.9988358556461001,0.9988352807462905,0.998839896530608,0.9988358556461001,9.512125059615734e-05,8.752338886260986,11330
226,FAN,mfcc,100,0.001,32,sgd,1e-5,,,,,,,16,4,0.4,relu,,,,,,,,,,,,,,0.9534883720930233,0.9534607066348835,0.9538844951354626,0.9534883720930233,0.9997089639115251,0.9997089515805696,0.9997099504745367,0.9997089639115251,9.652514790379724e-05,8.870835781097412,11330
227,FAN,mfcc,100,0.001,32,sgd,1e-5,,,,,,,16,4,0.4,silu,,,,,,,,,,,,,,0.9290697674418604,0.9289993911061142,0.9304411871143958,0.9290697674418604,0.9997089639115251,0.9997089399877002,0.9997099504745367,0.9997089639115251,9.537380795146144e-05,8.809592962265015,11330
228,FAN,mfcc,100,0.001,32,sgd,1e-5,,,,,,,16,5,0.1,gelu,,,,,,,,,,,,,,0.9267441860465117,0.9267612075585072,0.9276107667963497,0.9267441860465117,0.9991268917345751,0.9991268883327232,0.9991278782975868,0.9991268917345751,0.0001228160636369572,9.951701402664185,16377
229,FAN,mfcc,100,0.001,32,sgd,1e-5,,,,,,,16,5,0.1,relu,,,,,,,,,,,,,,0.9372093023255814,0.9373333973871754,0.9379654535620358,0.9372093023255814,0.9994179278230501,0.9994179059060118,0.9994199009490735,0.9994179278230501,0.00012360783510429913,10.199673414230347,16377
230,FAN,mfcc,100,0.001,32,sgd,1e-5,,,,,,,16,5,0.1,silu,,,,,,,,,,,,,,0.9127906976744186,0.9126128224244836,0.9141844936147994,0.9127906976744186,0.9962165308498254,0.9962175612661652,0.9962256796532267,0.9962165308498254,0.000124918028365734,10.252625703811646,16377
231,FAN,mfcc,100,0.001,32,sgd,1e-5,,,,,,,16,5,0.2,gelu,,,,,,,,,,,,,,0.9418604651162791,0.9418833154054591,0.9420901889927735,0.9418604651162791,0.9985448195576252,0.9985457387664212,0.9985556322308997,0.9985448195576252,0.00012338882268861284,10.114693403244019,15033
232,FAN,mfcc,100,0.001,32,sgd,1e-5,,,,,,,16,5,0.2,relu,,,,,,,,,,,,,,0.9313953488372093,0.9312130830123312,0.9318267212981917,0.9313953488372093,0.9988358556461001,0.9988363545848548,0.9988398678602795,0.9988358556461001,0.00012416340583978699,10.216978549957275,15033
233,FAN,mfcc,100,0.001,32,sgd,1e-5,,,,,,,16,5,0.2,silu,,,,,,,,,,,,,,0.9197674418604651,0.9198802378563001,0.9207381762011795,0.9197674418604651,0.9982537834691502,0.9982532849344766,0.9982619783427193,0.9982537834691502,0.00012501644533733988,10.163778305053711,15033
234,FAN,mfcc,100,0.001,32,sgd,1e-5,,,,,,,16,5,0.3,gelu,,,,,,,,,,,,,,0.9023255813953488,0.9030092464037498,0.9044223318512239,0.9023255813953488,0.9997089639115251,0.999708955044664,0.9997099606104581,0.9997089639115251,0.00012278390485186908,9.988141775131226,14329
235,FAN,mfcc,100,0.001,32,sgd,1e-5,,,,,,,16,5,0.3,relu,,,,,,,,,,,,,,0.9313953488372093,0.9315931147750889,0.9334040031734018,0.9313953488372093,0.9991268917345751,0.9991273785621334,0.9991318933195686,0.9991268917345751,0.00012397572051647097,10.175530433654785,14329
236,FAN,mfcc,100,0.001,32,sgd,1e-5,,,,,,,16,5,0.3,silu,,,,,,,,,,,,,,0.9383720930232559,0.9384427820609472,0.9392651868626206,0.9383720930232559,0.9988358556461001,0.9988357795083664,0.9988397346535275,0.9988358556461001,0.000123130997946096,9.99257206916809,14329
237,FAN,mfcc,100,0.001,32,sgd,1e-5,,,,,,,16,5,0.4,gelu,,,,,,,,,,,,,,0.9290697674418604,0.9290276639859584,0.9303264450808397,0.9290697674418604,0.9979627473806753,0.9979607335202064,0.9979697871122839,0.9979627473806753,0.00012316010719121888,10.193975925445557,12985
238,FAN,mfcc,100,0.001,32,sgd,1e-5,,,,,,,16,5,0.4,relu,,,,,,,,,,,,,,0.9325581395348838,0.9324282776948105,0.9342659793493934,0.9325581395348838,0.9970896391152503,0.9970919208990826,0.9971209613516878,0.9970896391152503,0.00012416728707247002,10.226377725601196,12985
239,FAN,mfcc,100,0.001,32,sgd,1e-5,,,,,,,16,5,0.4,silu,,,,,,,,,,,,,,0.8546511627906976,0.854057649362292,0.8550839059558742,0.8546511627906976,0.990104772991851,0.9901079320161531,0.9901612435570865,0.990104772991851,0.00012332700019658998,10.192715644836426,12985
240,FAN,mfcc,100,0.001,32,sgd,1e-5,,,,,,,32,2,0.1,gelu,,,,,,,,,,,,,,0.9802325581395349,0.9802366378113301,0.9804532432515244,0.9802325581395349,1.0,1.0,1.0,1.0,3.84843626687693e-05,5.914186716079712,18329
241,FAN,mfcc,100,0.001,32,sgd,1e-5,,,,,,,32,2,0.1,relu,,,,,,,,,,,,,,0.9767441860465116,0.9766726154776496,0.9771818366411923,0.9767441860465116,0.9997089639115251,0.9997089693056607,0.9997099959543919,0.9997089639115251,3.937981849492982e-05,5.978144884109497,18329
242,FAN,mfcc,100,0.001,32,sgd,1e-5,,,,,,,32,2,0.1,silu,,,,,,,,,,,,,,0.9744186046511628,0.974486601031607,0.9750665231060458,0.9744186046511628,1.0,1.0,1.0,1.0,3.9120053136071496e-05,5.959258794784546,18329
243,FAN,mfcc,100,0.001,32,sgd,1e-5,,,,,,,32,2,0.2,gelu,,,,,,,,,,,,,,0.9744186046511628,0.9743727430556766,0.9746977396528728,0.9744186046511628,1.0,1.0,1.0,1.0,3.8782385892646256e-05,5.5532355308532715,16857
244,FAN,mfcc,100,0.001,32,sgd,1e-5,,,,,,,32,2,0.2,relu,,,,,,,,,,,,,,0.9755813953488373,0.9755913025180315,0.9759249213918377,0.9755813953488373,0.9988358556461001,0.9988367307770026,0.9988457069643754,0.9988358556461001,3.887830778609875e-05,5.315748691558838,16857
245,FAN,mfcc,100,0.001,32,sgd,1e-5,,,,,,,32,2,0.2,silu,,,,,,,,,,,,,,0.9767441860465116,0.9768108217450429,0.9772002500161647,0.9767441860465116,0.9997089639115251,0.9997089693056607,0.9997099959543919,0.9997089639115251,3.892405088557753e-05,5.986886739730835,16857
246,FAN,mfcc,100,0.001,32,sgd,1e-5,,,,,,,32,2,0.3,gelu,,,,,,,,,,,,,,0.9732558139534884,0.9733402153888849,0.9736834551800403,0.9732558139534884,1.0,1.0,1.0,1.0,3.9076805114746095e-05,5.953399419784546,15385
247,FAN,mfcc,100,0.001,32,sgd,1e-5,,,,,,,32,2,0.3,relu,,,,,,,,,,,,,,0.9790697674418605,0.9790502657048686,0.9794343088239139,0.9790697674418605,1.0,1.0,1.0,1.0,3.939090773116711e-05,6.005507230758667,15385
248,FAN,mfcc,100,0.001,32,sgd,1e-5,,,,,,,32,2,0.3,silu,,,,,,,,,,,,,,0.977906976744186,0.977857763324357,0.9781625247281814,0.977906976744186,1.0,1.0,1.0,1.0,3.927973813788835e-05,5.976895093917847,15385
249,FAN,mfcc,100,0.001,32,sgd,1e-5,,,,,,,32,2,0.4,gelu,,,,,,,,,,,,,,0.9802325581395349,0.9802366022779435,0.980661465472793,0.9802325581395349,0.9994179278230501,0.999417934918052,0.9994199565648502,0.9994179278230501,3.852788792100063e-05,5.971376180648804,13913
250,FAN,mfcc,100,0.001,32,sgd,1e-5,,,,,,,32,2,0.4,relu,,,,,,,,,,,,,,0.9848837209302326,0.984858001361271,0.9849533105698018,0.9848837209302326,1.0,1.0,1.0,1.0,3.928084706151208e-05,5.971277475357056,13913
251,FAN,mfcc,100,0.001,32,sgd,1e-5,,,,,,,32,2,0.4,silu,,,,,,,,,,,,,,0.9744186046511628,0.9745074601678894,0.9749245959012569,0.9744186046511628,0.9997089639115251,0.9997089693056607,0.9997099959543919,0.9997089639115251,3.921431164408839e-05,5.971427917480469,13913
252,FAN,mfcc,100,0.001,32,sgd,1e-5,,,,,,,32,3,0.1,gelu,,,,,,,,,,,,,,0.9686046511627907,0.9685669271567536,0.9688200242195897,0.9686046511627907,1.0,1.0,1.0,1.0,6.747467573298965e-05,7.401335716247559,22925
253,FAN,mfcc,100,0.001,32,sgd,1e-5,,,,,,,32,3,0.1,relu,,,,,,,,,,,,,,0.9651162790697675,0.9652158950775186,0.9660882173859926,0.9651162790697675,1.0,1.0,1.0,1.0,6.781012512916742e-05,7.183892011642456,22925
254,FAN,mfcc,100,0.001,32,sgd,1e-5,,,,,,,32,3,0.1,silu,,,,,,,,,,,,,,0.9651162790697675,0.9651003718761864,0.9655893355908756,0.9651162790697675,1.0,1.0,1.0,1.0,6.810454435126727e-05,6.979203701019287,22925
255,FAN,mfcc,100,0.001,32,sgd,1e-5,,,,,,,32,3,0.2,gelu,,,,,,,,,,,,,,0.9720930232558139,0.9720776240857569,0.972371415119152,0.9720930232558139,1.0,1.0,1.0,1.0,6.71655632728754e-05,7.058821201324463,21069
256,FAN,mfcc,100,0.001,32,sgd,1e-5,,,,,,,32,3,0.2,relu,,,,,,,,,,,,,,0.963953488372093,0.9639712863754788,0.9644189662490511,0.963953488372093,1.0,1.0,1.0,1.0,6.841393404228743e-05,7.0770039558410645,21069
257,FAN,mfcc,100,0.001,32,sgd,1e-5,,,,,,,32,3,0.2,silu,,,,,,,,,,,,,,0.9697674418604652,0.9698053255986544,0.9702928032415036,0.9697674418604652,1.0,1.0,1.0,1.0,6.755756777386333e-05,7.4187071323394775,21069
258,FAN,mfcc,100,0.001,32,sgd,1e-5,,,,,,,32,3,0.3,gelu,,,,,,,,,,,,,,0.9709302325581395,0.9709066715658922,0.9711511061921062,0.9709302325581395,1.0,1.0,1.0,1.0,6.73887341521507e-05,7.173308372497559,19149
259,FAN,mfcc,100,0.001,32,sgd,1e-5,,,,,,,32,3,0.3,relu,,,,,,,,,,,,,,0.9686046511627907,0.9686347059758269,0.9688147860256073,0.9686046511627907,1.0,1.0,1.0,1.0,6.836264632469e-05,6.991804361343384,19149
260,FAN,mfcc,100,0.001,32,sgd,1e-5,,,,,,,32,3,0.3,silu,,,,,,,,,,,,,,0.9697674418604652,0.9697479942551992,0.9698311211449092,0.9697674418604652,1.0,1.0,1.0,1.0,6.744944772054983e-05,7.4249866008758545,19149
261,FAN,mfcc,100,0.001,32,sgd,1e-5,,,,,,,32,3,0.4,gelu,,,,,,,,,,,,,,0.9720930232558139,0.9722427895797909,0.9728256598353856,0.9720930232558139,1.0,1.0,1.0,1.0,6.752540898877521e-05,7.433152675628662,17293
262,FAN,mfcc,100,0.001,32,sgd,1e-5,,,,,,,32,3,0.4,relu,,,,,,,,,,,,,,0.9755813953488373,0.9755372297955254,0.9757725224928969,0.9755813953488373,1.0,1.0,1.0,1.0,6.851429163023483e-05,7.416887283325195,17293
263,FAN,mfcc,100,0.001,32,sgd,1e-5,,,,,,,32,3,0.4,silu,,,,,,,,,,,,,,0.9593023255813954,0.9593367951083733,0.9601860826095161,0.9593023255813954,1.0,1.0,1.0,1.0,6.746497265128202e-05,7.412134170532227,17293
264,FAN,mfcc,100,0.001,32,sgd,1e-5,,,,,,,32,4,0.1,gelu,,,,,,,,,,,,,,0.9616279069767442,0.9615484233486256,0.9621193784966113,0.9616279069767442,1.0,1.0,1.0,1.0,9.572755458743073e-05,8.75705361366272,27586
265,FAN,mfcc,100,0.001,32,sgd,1e-5,,,,,,,32,4,0.1,relu,,,,,,,,,,,,,,0.9697674418604652,0.9699670752662253,0.9707398053666804,0.9697674418604652,1.0,1.0,1.0,1.0,9.691438009572584e-05,8.83131217956543,27586
266,FAN,mfcc,100,0.001,32,sgd,1e-5,,,,,,,32,4,0.1,silu,,,,,,,,,,,,,,0.9651162790697675,0.9651076077670557,0.9654094507587383,0.9651162790697675,1.0,1.0,1.0,1.0,9.599480518074923e-05,8.787502527236938,27586
267,FAN,mfcc,100,0.001,32,sgd,1e-5,,,,,,,32,4,0.2,gelu,,,,,,,,,,,,,,0.9523255813953488,0.9523399614107092,0.9528403806711353,0.9523255813953488,1.0,1.0,1.0,1.0,9.54461652179097e-05,8.403076887130737,25346
268,FAN,mfcc,100,0.001,32,sgd,1e-5,,,,,,,32,4,0.2,relu,,,,,,,,,,,,,,0.9744186046511628,0.9744185895620244,0.9746607623483919,0.9744186046511628,1.0,1.0,1.0,1.0,9.617833204047625e-05,8.762524843215942,25346
269,FAN,mfcc,100,0.001,32,sgd,1e-5,,,,,,,32,4,0.2,silu,,,,,,,,,,,,,,0.9593023255813954,0.9592489548991531,0.9594798082294663,0.9593023255813954,1.0,1.0,1.0,1.0,9.551685909892237e-05,8.847173690795898,25346
270,FAN,mfcc,100,0.001,32,sgd,1e-5,,,,,,,32,4,0.3,gelu,,,,,,,,,,,,,,0.9569767441860465,0.9569423069731215,0.9572212168117296,0.9569767441860465,1.0,1.0,1.0,1.0,9.587559589119844e-05,8.698887586593628,22978
271,FAN,mfcc,100,0.001,32,sgd,1e-5,,,,,,,32,4,0.3,relu,,,,,,,,,,,,,,0.9662790697674418,0.966320892198887,0.9664603774078898,0.9662790697674418,1.0,1.0,1.0,1.0,9.605995444364326e-05,8.772955417633057,22978
272,FAN,mfcc,100,0.001,32,sgd,1e-5,,,,,,,32,4,0.3,silu,,,,,,,,,,,,,,0.9627906976744186,0.962829553380472,0.9632729946120386,0.9627906976744186,1.0,1.0,1.0,1.0,9.65359599091286e-05,8.647569417953491,22978
273,FAN,mfcc,100,0.001,32,sgd,1e-5,,,,,,,32,4,0.4,gelu,,,,,,,,,,,,,,0.9523255813953488,0.9524253579033248,0.9528577311553074,0.9523255813953488,1.0,1.0,1.0,1.0,9.757696196090343e-05,8.688308477401733,20738
274,FAN,mfcc,100,0.001,32,sgd,1e-5,,,,,,,32,4,0.4,relu,,,,,,,,,,,,,,0.963953488372093,0.9641294960855301,0.9646803225575039,0.963953488372093,0.9994179278230501,0.9994179101161126,0.9994199214313506,0.9994179278230501,9.681734927864961e-05,8.684165239334106,20738
275,FAN,mfcc,100,0.001,32,sgd,1e-5,,,,,,,32,4,0.4,silu,,,,,,,,,,,,,,0.9511627906976744,0.9511544407003,0.9514030085397744,0.9511627906976744,1.0,1.0,1.0,1.0,9.598704271538313e-05,8.746835231781006,20738
276,FAN,mfcc,100,0.001,32,sgd,1e-5,,,,,,,32,5,0.1,gelu,,,,,,,,,,,,,,0.9418604651162791,0.9419875936840308,0.9425324113258612,0.9418604651162791,0.9997089639115251,0.9997089568680786,0.9997099606104581,0.9997089639115251,0.00012225522551425667,10.121939897537231,32377
277,FAN,mfcc,100,0.001,32,sgd,1e-5,,,,,,,32,5,0.1,relu,,,,,,,,,,,,,,0.9476744186046512,0.9477614570155366,0.9480818203528468,0.9476744186046512,1.0,1.0,1.0,1.0,0.00012368906375973722,10.227351427078247,32377
278,FAN,mfcc,100,0.001,32,sgd,1e-5,,,,,,,32,5,0.1,silu,,,,,,,,,,,,,,0.9488372093023256,0.9489821884938691,0.9499264221141059,0.9488372093023256,1.0,1.0,1.0,1.0,0.00012467434239941974,10.08735203742981,32377
279,FAN,mfcc,100,0.001,32,sgd,1e-5,,,,,,,32,5,0.2,gelu,,,,,,,,,,,,,,0.9267441860465117,0.9267739243163728,0.9281079276826029,0.9267441860465117,1.0,1.0,1.0,1.0,0.00013261700785437296,9.898418426513672,29753
280,FAN,mfcc,100,0.001,32,sgd,1e-5,,,,,,,32,5,0.2,relu,,,,,,,,,,,,,,0.9441860465116279,0.9445280340858042,0.9456612299641469,0.9441860465116279,1.0,1.0,1.0,1.0,0.0001252371211384618,10.172935724258423,29753
281,FAN,mfcc,100,0.001,32,sgd,1e-5,,,,,,,32,5,0.2,silu,,,,,,,,,,,,,,0.922093023255814,0.921801532423962,0.9222605717994479,0.922093023255814,0.9997089639115251,0.9997089793390561,0.9997099923075974,0.9997089639115251,0.0001244481219801792,10.167347192764282,29753
282,FAN,mfcc,100,0.001,32,sgd,1e-5,,,,,,,32,5,0.3,gelu,,,,,,,,,,,,,,0.9174418604651163,0.91743362186889,0.9182539756499158,0.9174418604651163,0.9997089639115251,0.9997089693056607,0.9997099959543919,0.9997089639115251,0.0001228720642799555,10.04054307937622,26937
283,FAN,mfcc,100,0.001,32,sgd,1e-5,,,,,,,32,5,0.3,relu,,,,,,,,,,,,,,0.9093023255813953,0.9094505747839993,0.9102792971910874,0.9093023255813953,1.0,1.0,1.0,1.0,0.00012419556462487508,10.249853134155273,26937
284,FAN,mfcc,100,0.001,32,sgd,1e-5,,,,,,,32,5,0.3,silu,,,,,,,,,,,,,,0.9174418604651163,0.9175298090122854,0.917875090828641,0.9174418604651163,0.9988358556461001,0.9988357909815573,0.9988417819640808,0.9988358556461001,0.00012321693952693495,9.91145372390747,26937
285,FAN,mfcc,100,0.001,32,sgd,1e-5,,,,,,,32,5,0.4,gelu,,,,,,,,,,,,,,0.9488372093023256,0.9490041440835316,0.9496725047321718,0.9488372093023256,1.0,1.0,1.0,1.0,0.00012416562368703442,10.136882066726685,24313
286,FAN,mfcc,100,0.001,32,sgd,1e-5,,,,,,,32,5,0.4,relu,,,,,,,,,,,,,,0.9232558139534883,0.9232522870882752,0.9240889170492249,0.9232558139534883,0.9997089639115251,0.9997089605096732,0.9997099504745367,0.9997089639115251,0.00012468709502109262,10.126083850860596,24313
287,FAN,mfcc,100,0.001,32,sgd,1e-5,,,,,,,32,5,0.4,silu,,,,,,,,,,,,,,0.9441860465116279,0.9441626979361778,0.9448283851946051,0.9441860465116279,0.9994179278230501,0.9994179424153322,0.9994199922975006,0.9994179278230501,0.0001243946164153343,9.991434335708618,24313
288,FAN,mfcc,100,0.001,32,sgd,1e-5,,,,,,,64,2,0.1,gelu,,,,,,,,,,,,,,0.9790697674418605,0.9791040624686015,0.9796306423225899,0.9790697674418605,1.0,1.0,1.0,1.0,3.848658051601676e-05,5.755517482757568,33881
289,FAN,mfcc,100,0.001,32,sgd,1e-5,,,,,,,64,2,0.1,relu,,,,,,,,,,,,,,0.9790697674418605,0.9790888502512752,0.9793984038885125,0.9790697674418605,1.0,1.0,1.0,1.0,3.9684772491455075e-05,5.3442888259887695,33881
290,FAN,mfcc,100,0.001,32,sgd,1e-5,,,,,,,64,2,0.1,silu,,,,,,,,,,,,,,0.9790697674418605,0.9791146130457502,0.979596315883755,0.9790697674418605,1.0,1.0,1.0,1.0,3.944663114325945e-05,5.310951471328735,33881
291,FAN,mfcc,100,0.001,32,sgd,1e-5,,,,,,,64,2,0.2,gelu,,,,,,,,,,,,,,0.9802325581395349,0.9802321127913816,0.9805110461438811,0.9802325581395349,1.0,1.0,1.0,1.0,3.889743671860806e-05,5.780207395553589,30937
292,FAN,mfcc,100,0.001,32,sgd,1e-5,,,,,,,64,2,0.2,relu,,,,,,,,,,,,,,0.9720930232558139,0.9721447961853811,0.972510464218094,0.9720930232558139,0.9997089639115251,0.9997089693056607,0.9997099959543919,0.9997089639115251,3.936512525691542e-05,5.915350675582886,30937
293,FAN,mfcc,100,0.001,32,sgd,1e-5,,,,,,,64,2,0.2,silu,,,,,,,,,,,,,,0.9802325581395349,0.9802073289046224,0.9806375808895921,0.9802325581395349,1.0,1.0,1.0,1.0,3.8759375727453896e-05,5.923045873641968,30937
294,FAN,mfcc,100,0.001,32,sgd,1e-5,,,,,,,64,2,0.3,gelu,,,,,,,,,,,,,,0.977906976744186,0.9778883965952153,0.9782582575904546,0.977906976744186,1.0,1.0,1.0,1.0,3.88372776120208e-05,5.830164194107056,27545
295,FAN,mfcc,100,0.001,32,sgd,1e-5,,,,,,,64,2,0.3,relu,,,,,,,,,,,,,,0.9813953488372092,0.9813799049420511,0.9816697721518742,0.9813953488372092,1.0,1.0,1.0,1.0,3.936734310416288e-05,5.9620139598846436,27545
296,FAN,mfcc,100,0.001,32,sgd,1e-5,,,,,,,64,2,0.3,silu,,,,,,,,,,,,,,0.9720930232558139,0.9721162530799765,0.9724788230016339,0.9720930232558139,1.0,1.0,1.0,1.0,3.922845042029093e-05,5.917617082595825,27545
297,FAN,mfcc,100,0.001,32,sgd,1e-5,,,,,,,64,2,0.4,gelu,,,,,,,,,,,,,,0.9732558139534884,0.973233419195615,0.9735631591425186,0.9732558139534884,1.0,1.0,1.0,1.0,3.9561127507409385e-05,5.922255516052246,24601
298,FAN,mfcc,100,0.001,32,sgd,1e-5,,,,,,,64,2,0.4,relu,,,,,,,,,,,,,,0.9825581395348837,0.9826382191278631,0.9831559024823671,0.9825581395348837,1.0,1.0,1.0,1.0,3.903827001882154e-05,5.924087762832642,24601
299,FAN,mfcc,100,0.001,32,sgd,1e-5,,,,,,,64,2,0.4,silu,,,,,,,,,,,,,,0.9802325581395349,0.9802540182711116,0.9807014148073014,0.9802325581395349,1.0,1.0,1.0,1.0,3.9644296779189e-05,5.9272260665893555,24601
300,FAN,mfcc,100,0.001,32,sgd,1e-5,,,,,,,64,3,0.1,gelu,,,,,,,,,,,,,,0.977906976744186,0.9779662440524304,0.9783534243002844,0.977906976744186,1.0,1.0,1.0,1.0,6.89525936925134e-05,7.362516403198242,49741
301,FAN,mfcc,100,0.001,32,sgd,1e-5,,,,,,,64,3,0.1,relu,,,,,,,,,,,,,,0.9755813953488373,0.975661514766089,0.9760634369015745,0.9755813953488373,1.0,1.0,1.0,1.0,6.83132992234341e-05,7.120368003845215,49741
302,FAN,mfcc,100,0.001,32,sgd,1e-5,,,,,,,64,3,0.1,silu,,,,,,,,,,,,,,0.9767441860465116,0.9767096382889159,0.976915031917174,0.9767441860465116,1.0,1.0,1.0,1.0,6.700504657834075e-05,6.89785361289978,49741
303,FAN,mfcc,100,0.001,32,sgd,1e-5,,,,,,,64,3,0.2,gelu,,,,,,,,,,,,,,0.9755813953488373,0.9756278755236182,0.9759165531528725,0.9755813953488373,1.0,1.0,1.0,1.0,6.666183471679688e-05,6.774271249771118,45197
304,FAN,mfcc,100,0.001,32,sgd,1e-5,,,,,,,64,3,0.2,relu,,,,,,,,,,,,,,0.9697674418604652,0.9698065210283032,0.9702576067468917,0.9697674418604652,1.0,1.0,1.0,1.0,6.84630039126374e-05,7.4272778034210205,45197
305,FAN,mfcc,100,0.001,32,sgd,1e-5,,,,,,,64,3,0.2,silu,,,,,,,,,,,,,,0.9732558139534884,0.9732463050372718,0.9733856079719925,0.9732558139534884,1.0,1.0,1.0,1.0,6.880954254505246e-05,7.400085687637329,45197
306,FAN,mfcc,100,0.001,32,sgd,1e-5,,,,,,,64,3,0.3,gelu,,,,,,,,,,,,,,0.9697674418604652,0.9698761017904182,0.9703087825714446,0.9697674418604652,1.0,1.0,1.0,1.0,6.705799768137377e-05,7.345793962478638,39949
307,FAN,mfcc,100,0.001,32,sgd,1e-5,,,,,,,64,3,0.3,relu,,,,,,,,,,,,,,0.9674418604651163,0.9675561180448118,0.9678804694936006,0.9674418604651163,1.0,1.0,1.0,1.0,6.834351739218069e-05,7.197445869445801,39949
308,FAN,mfcc,100,0.001,32,sgd,1e-5,,,,,,,64,3,0.3,silu,,,,,,,,,,,,,,0.9709302325581395,0.9710298812784767,0.9714226732517658,0.9709302325581395,1.0,1.0,1.0,1.0,6.836070570834848e-05,7.419623851776123,39949
309,FAN,mfcc,100,0.001,32,sgd,1e-5,,,,,,,64,3,0.4,gelu,,,,,,,,,,,,,,0.9755813953488373,0.975642308676246,0.9759248153019918,0.9755813953488373,1.0,1.0,1.0,1.0,6.74059224683185e-05,7.368218421936035,35405
310,FAN,mfcc,100,0.001,32,sgd,1e-5,,,,,,,64,3,0.4,relu,,,,,,,,,,,,,,0.9767441860465116,0.9767951883149029,0.9771274311622616,0.9767441860465116,1.0,1.0,1.0,1.0,6.811119789300964e-05,7.422424793243408,35405
311,FAN,mfcc,100,0.001,32,sgd,1e-5,,,,,,,64,3,0.4,silu,,,,,,,,,,,,,,0.9697674418604652,0.969730425553809,0.9702914667179328,0.9697674418604652,1.0,1.0,1.0,1.0,6.686060927635015e-05,7.446940660476685,35405
312,FAN,mfcc,100,0.001,32,sgd,1e-5,,,,,,,64,4,0.1,gelu,,,,,,,,,,,,,,0.9662790697674418,0.9663206479386964,0.966589326412684,0.9662790697674418,1.0,1.0,1.0,1.0,9.54669575358546e-05,8.448621988296509,65666
313,FAN,mfcc,100,0.001,32,sgd,1e-5,,,,,,,64,4,0.1,relu,,,,,,,,,,,,,,0.9720930232558139,0.9721462553587649,0.9724588408523592,0.9720930232558139,1.0,1.0,1.0,1.0,9.601143903510515e-05,8.825057029724121,65666
314,FAN,mfcc,100,0.001,32,sgd,1e-5,,,,,,,64,4,0.1,silu,,,,,,,,,,,,,,0.9674418604651163,0.967482134275454,0.9682085106261693,0.9674418604651163,1.0,1.0,1.0,1.0,9.548553200655205e-05,8.756284475326538,65666
315,FAN,mfcc,100,0.001,32,sgd,1e-5,,,,,,,64,4,0.2,gelu,,,,,,,,,,,,,,0.9651162790697675,0.9651882239694004,0.9656855242020523,0.9651162790697675,1.0,1.0,1.0,1.0,9.569816811140193e-05,8.613684892654419,59522
316,FAN,mfcc,100,0.001,32,sgd,1e-5,,,,,,,64,4,0.2,relu,,,,,,,,,,,,,,0.9732558139534884,0.9732973247017954,0.97377074868578,0.9732558139534884,1.0,1.0,1.0,1.0,9.719161100165789e-05,8.871760368347168,59522
317,FAN,mfcc,100,0.001,32,sgd,1e-5,,,,,,,64,4,0.2,silu,,,,,,,,,,,,,,0.9720930232558139,0.9720549100138535,0.9723620107427937,0.9720930232558139,1.0,1.0,1.0,1.0,9.573864382366801e-05,8.765002489089966,59522
318,FAN,mfcc,100,0.001,32,sgd,1e-5,,,,,,,64,4,0.3,gelu,,,,,,,,,,,,,,0.9720930232558139,0.9721390805999155,0.9724140601044622,0.9720930232558139,1.0,1.0,1.0,1.0,9.442207425139671e-05,8.55216383934021,52418
319,FAN,mfcc,100,0.001,32,sgd,1e-5,,,,,,,64,4,0.3,relu,,,,,,,,,,,,,,0.9697674418604652,0.9698153530743587,0.9701779204816805,0.9697674418604652,1.0,1.0,1.0,1.0,9.676384371380474e-05,8.774832725524902,52418
320,FAN,mfcc,100,0.001,32,sgd,1e-5,,,,,,,64,4,0.3,silu,,,,,,,,,,,,,,0.9720930232558139,0.9720416110236764,0.9722333874220477,0.9720930232558139,1.0,1.0,1.0,1.0,9.599314179531364e-05,8.407306671142578,52418
321,FAN,mfcc,100,0.001,32,sgd,1e-5,,,,,,,64,4,0.4,gelu,,,,,,,,,,,,,,0.9686046511627907,0.9685655067083824,0.9691191936823814,0.9686046511627907,1.0,1.0,1.0,1.0,9.496322897977608e-05,8.771352052688599,46274
322,FAN,mfcc,100,0.001,32,sgd,1e-5,,,,,,,64,4,0.4,relu,,,,,,,,,,,,,,0.9755813953488373,0.9755909993663292,0.9757757400089864,0.9755813953488373,1.0,1.0,1.0,1.0,9.560224621794944e-05,8.924251794815063,46274
323,FAN,mfcc,100,0.001,32,sgd,1e-5,,,,,,,64,4,0.4,silu,,,,,,,,,,,,,,0.9616279069767442,0.9616395545745577,0.9619772269296499,0.9616279069767442,1.0,1.0,1.0,1.0,9.605025136193564e-05,8.388571739196777,46274
324,FAN,mfcc,100,0.001,32,sgd,1e-5,,,,,,,64,5,0.1,gelu,,,,,,,,,,,,,,0.9534883720930233,0.9532090420533892,0.9537433984782422,0.9534883720930233,1.0,1.0,1.0,1.0,0.00012252219887666925,10.11795163154602,81721
325,FAN,mfcc,100,0.001,32,sgd,1e-5,,,,,,,64,5,0.1,relu,,,,,,,,,,,,,,0.9593023255813954,0.9592929809576948,0.9598326742341803,0.9593023255813954,1.0,1.0,1.0,1.0,0.0001245077266249546,10.174034357070923,81721
326,FAN,mfcc,100,0.001,32,sgd,1e-5,,,,,,,64,5,0.1,silu,,,,,,,,,,,,,,0.9511627906976744,0.9511702785793915,0.9517652481247574,0.9511627906976744,1.0,1.0,1.0,1.0,0.00012304228405619777,10.135919332504272,81721
327,FAN,mfcc,100,0.001,32,sgd,1e-5,,,,,,,64,5,0.2,gelu,,,,,,,,,,,,,,0.958139534883721,0.9581526876521892,0.9589603419343501,0.958139534883721,1.0,1.0,1.0,1.0,0.00012292335199755292,10.088196516036987,73977
328,FAN,mfcc,100,0.001,32,sgd,1e-5,,,,,,,64,5,0.2,relu,,,,,,,,,,,,,,0.95,0.9498919088032091,0.9502720030344582,0.95,1.0,1.0,1.0,1.0,0.00012420804001564203,10.184443950653076,73977
329,FAN,mfcc,100,0.001,32,sgd,1e-5,,,,,,,64,5,0.2,silu,,,,,,,,,,,,,,0.9534883720930233,0.9535445511654167,0.9539760401989732,0.9534883720930233,1.0,1.0,1.0,1.0,0.0001236862914506779,10.286137819290161,73977
330,FAN,mfcc,100,0.001,32,sgd,1e-5,,,,,,,64,5,0.3,gelu,,,,,,,,,,,,,,0.95,0.9500930105772835,0.9509452580848957,0.95,1.0,1.0,1.0,1.0,0.00012319171151449514,10.10432744026184,65017
331,FAN,mfcc,100,0.001,32,sgd,1e-5,,,,,,,64,5,0.3,relu,,,,,,,,,,,,,,0.9488372093023256,0.9488399200935954,0.9496881877588681,0.9488372093023256,1.0,1.0,1.0,1.0,0.00012451077616491984,10.175715684890747,65017
332,FAN,mfcc,100,0.001,32,sgd,1e-5,,,,,,,64,5,0.3,silu,,,,,,,,,,,,,,0.936046511627907,0.9358312306797801,0.9363866846825658,0.936046511627907,1.0,1.0,1.0,1.0,0.0001236325086549271,10.084085941314697,65017
333,FAN,mfcc,100,0.001,32,sgd,1e-5,,,,,,,64,5,0.4,gelu,,,,,,,,,,,,,,0.9627906976744186,0.9627884103315809,0.9629541965022432,0.9627906976744186,1.0,1.0,1.0,1.0,0.0001240200774614201,10.165283203125,57273
334,FAN,mfcc,100,0.001,32,sgd,1e-5,,,,,,,64,5,0.4,relu,,,,,,,,,,,,,,0.9232558139534883,0.9231558540142926,0.9239373642609039,0.9232558139534883,1.0,1.0,1.0,1.0,0.00012568568074425984,10.207794427871704,57273
335,FAN,mfcc,100,0.001,32,sgd,1e-5,,,,,,,64,5,0.4,silu,,,,,,,,,,,,,,0.9511627906976744,0.951128739300649,0.9515713919843789,0.9511627906976744,1.0,1.0,1.0,1.0,0.00012428538743839709,10.19185471534729,57273
336,FAN,mfcc,100,0.001,32,sgd,1e-5,,,,,,,128,2,0.1,gelu,,,,,,,,,,,,,,0.9767441860465116,0.976733731836558,0.9769830827854199,0.9767441860465116,0.9997089639115251,0.9997089693056607,0.9997099959543919,0.9997089639115251,3.8699771082678506e-05,5.91633677482605,64985
337,FAN,mfcc,100,0.001,32,sgd,1e-5,,,,,,,128,2,0.1,relu,,,,,,,,,,,,,,0.9755813953488373,0.9756273969735036,0.9762740035776166,0.9755813953488373,1.0,1.0,1.0,1.0,3.9428333903467934e-05,5.954519271850586,64985
338,FAN,mfcc,100,0.001,32,sgd,1e-5,,,,,,,128,2,0.1,silu,,,,,,,,,,,,,,0.9790697674418605,0.979044868059752,0.9791898496489712,0.9790697674418605,0.9997089639115251,0.9997089693056607,0.9997099959543919,0.9997089639115251,3.92420347346816e-05,5.953904390335083,64985
339,FAN,mfcc,100,0.001,32,sgd,1e-5,,,,,,,128,2,0.2,gelu,,,,,,,,,,,,,,0.9790697674418605,0.9790306614636282,0.979192192110859,0.9790697674418605,1.0,1.0,1.0,1.0,3.89307044273199e-05,5.309682607650757,58649
340,FAN,mfcc,100,0.001,32,sgd,1e-5,,,,,,,128,2,0.2,relu,,,,,,,,,,,,,,0.9813953488372092,0.981417922537135,0.9817288406485803,0.9813953488372092,1.0,1.0,1.0,1.0,3.917134085366892e-05,5.918335437774658,58649
341,FAN,mfcc,100,0.001,32,sgd,1e-5,,,,,,,128,2,0.2,silu,,,,,,,,,,,,,,0.9825581395348837,0.9825711206853955,0.9828230950640733,0.9825581395348837,0.9997089639115251,0.9997089693056607,0.9997099959543919,0.9997089639115251,3.900860631188681e-05,5.970957517623901,58649
342,FAN,mfcc,100,0.001,32,sgd,1e-5,,,,,,,128,2,0.3,gelu,,,,,,,,,,,,,,0.9813953488372092,0.9814029964807601,0.9817380550270765,0.9813953488372092,1.0,1.0,1.0,1.0,3.9196291635202806e-05,5.9611711502075195,52313
343,FAN,mfcc,100,0.001,32,sgd,1e-5,,,,,,,128,2,0.3,relu,,,,,,,,,,,,,,0.9825581395348837,0.9825725384976025,0.982823306232429,0.9825581395348837,1.0,1.0,1.0,1.0,3.920654917872229e-05,5.9512715339660645,52313
344,FAN,mfcc,100,0.001,32,sgd,1e-5,,,,,,,128,2,0.3,silu,,,,,,,,,,,,,,0.977906976744186,0.9778317970355217,0.9782334438074048,0.977906976744186,1.0,1.0,1.0,1.0,3.8893832716830943e-05,5.832745552062988,52313
345,FAN,mfcc,100,0.001,32,sgd,1e-5,,,,,,,128,2,0.4,gelu,,,,,,,,,,,,,,0.9732558139534884,0.9732662624858518,0.9736915823023808,0.9732558139534884,1.0,1.0,1.0,1.0,3.929997599402139e-05,5.880647897720337,45977
346,FAN,mfcc,100,0.001,32,sgd,1e-5,,,,,,,128,2,0.4,relu,,,,,,,,,,,,,,0.9825581395348837,0.9825704339604427,0.9827490135910687,0.9825581395348837,1.0,1.0,1.0,1.0,3.892793211826058e-05,5.899927139282227,45977
347,FAN,mfcc,100,0.001,32,sgd,1e-5,,,,,,,128,2,0.4,silu,,,,,,,,,,,,,,0.9825581395348837,0.9825723686553512,0.9829031133363169,0.9825581395348837,0.9997089639115251,0.9997089693056607,0.9997099959543919,0.9997089639115251,3.8971180139585984e-05,5.9762609004974365,45977
348,FAN,mfcc,100,0.001,32,sgd,1e-5,,,,,,,128,3,0.1,gelu,,,,,,,,,,,,,,0.9744186046511628,0.9744889242337961,0.9749256144198765,0.9744186046511628,1.0,1.0,1.0,1.0,6.860439167466275e-05,7.4788055419921875,125581
349,FAN,mfcc,100,0.001,32,sgd,1e-5,,,,,,,128,3,0.1,relu,,,,,,,,,,,,,,0.9755813953488373,0.9755411042796007,0.9758672247539537,0.9755813953488373,1.0,1.0,1.0,1.0,6.939228190932163e-05,7.533185243606567,125581
350,FAN,mfcc,100,0.001,32,sgd,1e-5,,,,,,,128,3,0.1,silu,,,,,,,,,,,,,,0.977906976744186,0.9779269026454088,0.9782330317863626,0.977906976744186,1.0,1.0,1.0,1.0,6.864791692689408e-05,7.484890937805176,125581
351,FAN,mfcc,100,0.001,32,sgd,1e-5,,,,,,,128,3,0.2,gelu,,,,,,,,,,,,,,0.9744186046511628,0.9744988536394708,0.9750257500974789,0.9744186046511628,1.0,1.0,1.0,1.0,6.81732976159384e-05,7.3360595703125,112461
352,FAN,mfcc,100,0.001,32,sgd,1e-5,,,,,,,128,3,0.2,relu,,,,,,,,,,,,,,0.977906976744186,0.9779331893086879,0.978419005768306,0.977906976744186,1.0,1.0,1.0,1.0,6.972551345825195e-05,6.97370982170105,112461
353,FAN,mfcc,100,0.001,32,sgd,1e-5,,,,,,,128,3,0.2,silu,,,,,,,,,,,,,,0.9767441860465116,0.9767718744783519,0.9771285256678474,0.9767441860465116,1.0,1.0,1.0,1.0,6.854617318441702e-05,7.431893348693848,112461
354,FAN,mfcc,100,0.001,32,sgd,1e-5,,,,,,,128,3,0.3,gelu,,,,,,,,,,,,,,0.977906976744186,0.9779324454604209,0.9782573106916711,0.977906976744186,1.0,1.0,1.0,1.0,6.857334181319836e-05,7.442392110824585,99405
355,FAN,mfcc,100,0.001,32,sgd,1e-5,,,,,,,128,3,0.3,relu,,,,,,,,,,,,,,0.9790697674418605,0.9791565825640063,0.9795480267421927,0.9790697674418605,1.0,1.0,1.0,1.0,6.970887960389603e-05,7.499681234359741,99405
356,FAN,mfcc,100,0.001,32,sgd,1e-5,,,,,,,128,3,0.3,silu,,,,,,,,,,,,,,0.9790697674418605,0.9791235211578736,0.9798104703273923,0.9790697674418605,1.0,1.0,1.0,1.0,6.886138472446175e-05,7.4612877368927,99405
357,FAN,mfcc,100,0.001,32,sgd,1e-5,,,,,,,128,3,0.4,gelu,,,,,,,,,,,,,,0.9767441860465116,0.9767708546478847,0.976936929632768,0.9767441860465116,1.0,1.0,1.0,1.0,6.858027258584666e-05,7.359106540679932,86285
358,FAN,mfcc,100,0.001,32,sgd,1e-5,,,,,,,128,3,0.4,relu,,,,,,,,,,,,,,0.9732558139534884,0.9732964109128132,0.9739729637039507,0.9732558139534884,1.0,1.0,1.0,1.0,6.956056106922238e-05,7.521419048309326,86285
359,FAN,mfcc,100,0.001,32,sgd,1e-5,,,,,,,128,3,0.4,silu,,,,,,,,,,,,,,0.9720930232558139,0.9720952538053987,0.9725135862887985,0.9720930232558139,1.0,1.0,1.0,1.0,6.922233936398529e-05,7.378315448760986,86285
360,FAN,mfcc,100,0.001,32,sgd,1e-5,,,,,,,128,4,0.1,gelu,,,,,,,,,,,,,,0.9651162790697675,0.9651094454766082,0.9654416964504811,0.9651162790697675,1.0,1.0,1.0,1.0,9.798560031624728e-05,8.905003547668457,186242
361,FAN,mfcc,100,0.001,32,sgd,1e-5,,,,,,,128,4,0.1,relu,,,,,,,,,,,,,,0.9674418604651163,0.9673988575392242,0.9677269104945042,0.9674418604651163,1.0,1.0,1.0,1.0,9.889768999676372e-05,8.965389251708984,186242
362,FAN,mfcc,100,0.001,32,sgd,1e-5,,,,,,,128,4,0.1,silu,,,,,,,,,,,,,,0.9674418604651163,0.9674505007843687,0.9676890759228947,0.9674418604651163,1.0,1.0,1.0,1.0,9.843859561654024e-05,8.88431978225708,186242
363,FAN,mfcc,100,0.001,32,sgd,1e-5,,,,,,,128,4,0.2,gelu,,,,,,,,,,,,,,0.9697674418604652,0.9698580187400159,0.9703414547941215,0.9697674418604652,1.0,1.0,1.0,1.0,9.719771008158839e-05,8.841476440429688,166338
364,FAN,mfcc,100,0.001,32,sgd,1e-5,,,,,,,128,4,0.2,relu,,,,,,,,,,,,,,0.9744186046511628,0.9743888952493522,0.9747200673339397,0.9744186046511628,1.0,1.0,1.0,1.0,9.882505549940951e-05,8.869791269302368,166338
365,FAN,mfcc,100,0.001,32,sgd,1e-5,,,,,,,128,4,0.2,silu,,,,,,,,,,,,,,0.9720930232558139,0.9720604374089369,0.9723242553366412,0.9720930232558139,1.0,1.0,1.0,1.0,9.843887284744617e-05,8.872394800186157,166338
366,FAN,mfcc,100,0.001,32,sgd,1e-5,,,,,,,128,4,0.3,gelu,,,,,,,,,,,,,,0.9686046511627907,0.9686038025920506,0.9690128084806182,0.9686046511627907,1.0,1.0,1.0,1.0,0.0001002253488052723,8.830770254135132,146562
367,FAN,mfcc,100,0.001,32,sgd,1e-5,,,,,,,128,4,0.3,relu,,,,,,,,,,,,,,0.9686046511627907,0.968482637858937,0.9690640118767496,0.9686046511627907,1.0,1.0,1.0,1.0,9.952312292054642e-05,8.662628412246704,146562
368,FAN,mfcc,100,0.001,32,sgd,1e-5,,,,,,,128,4,0.3,silu,,,,,,,,,,,,,,0.9755813953488373,0.9755948344286146,0.9759534602822615,0.9755813953488373,1.0,1.0,1.0,1.0,9.813530500545058e-05,8.809086561203003,146562
369,FAN,mfcc,100,0.001,32,sgd,1e-5,,,,,,,128,4,0.4,gelu,,,,,,,,,,,,,,0.977906976744186,0.9779111348471583,0.9781751652715216,0.977906976744186,1.0,1.0,1.0,1.0,9.851649750110715e-05,8.584246397018433,126658
370,FAN,mfcc,100,0.001,32,sgd,1e-5,,,,,,,128,4,0.4,relu,,,,,,,,,,,,,,0.9651162790697675,0.9650662627977356,0.9653659493778192,0.9651162790697675,1.0,1.0,1.0,1.0,9.870002436083416e-05,8.771073341369629,126658
371,FAN,mfcc,100,0.001,32,sgd,1e-5,,,,,,,128,4,0.4,silu,,,,,,,,,,,,,,0.9674418604651163,0.9674300983740739,0.9676050817467586,0.9674418604651163,1.0,1.0,1.0,1.0,9.789134180823038e-05,8.754470825195312,126658
372,FAN,mfcc,100,0.001,32,sgd,1e-5,,,,,,,128,5,0.1,gelu,,,,,,,,,,,,,,0.963953488372093,0.963789121161688,0.9644826718537328,0.963953488372093,1.0,1.0,1.0,1.0,0.00012675884158112283,10.327048063278198,247033
373,FAN,mfcc,100,0.001,32,sgd,1e-5,,,,,,,128,5,0.1,relu,,,,,,,,,,,,,,0.9604651162790697,0.9604199612620713,0.9606884309077505,0.9604651162790697,1.0,1.0,1.0,1.0,0.00012935621793880018,10.319306135177612,247033
374,FAN,mfcc,100,0.001,32,sgd,1e-5,,,,,,,128,5,0.1,silu,,,,,,,,,,,,,,0.9569767441860465,0.9570298259075878,0.9572734730032272,0.9569767441860465,1.0,1.0,1.0,1.0,0.00012696842814600745,10.277538537979126,247033
375,FAN,mfcc,100,0.001,32,sgd,1e-5,,,,,,,128,5,0.2,gelu,,,,,,,,,,,,,,0.9616279069767442,0.9616161315135717,0.9618165841902167,0.9616279069767442,1.0,1.0,1.0,1.0,0.00012702581494353538,10.197749376296997,220345
376,FAN,mfcc,100,0.001,32,sgd,1e-5,,,,,,,128,5,0.2,relu,,,,,,,,,,,,,,0.9662790697674418,0.9662838144444569,0.9664898634090826,0.9662790697674418,1.0,1.0,1.0,1.0,0.0001291114230488622,10.21514368057251,220345
377,FAN,mfcc,100,0.001,32,sgd,1e-5,,,,,,,128,5,0.2,silu,,,,,,,,,,,,,,0.9511627906976744,0.95137648102115,0.9520805073309321,0.9511627906976744,1.0,1.0,1.0,1.0,0.000127068231272143,10.21609878540039,220345
378,FAN,mfcc,100,0.001,32,sgd,1e-5,,,,,,,128,5,0.3,gelu,,,,,,,,,,,,,,0.9593023255813954,0.9593863798712294,0.9597218080633539,0.9593023255813954,1.0,1.0,1.0,1.0,0.00012807097545889921,10.285796403884888,193849
379,FAN,mfcc,100,0.001,32,sgd,1e-5,,,,,,,128,5,0.3,relu,,,,,,,,,,,,,,0.9511627906976744,0.9511486434537698,0.9519452247607448,0.9511627906976744,1.0,1.0,1.0,1.0,0.00013263086939966956,10.181924819946289,193849
380,FAN,mfcc,100,0.001,32,sgd,1e-5,,,,,,,128,5,0.3,silu,,,,,,,,,,,,,,0.963953488372093,0.9638844188519192,0.9639398767781676,0.963953488372093,1.0,1.0,1.0,1.0,0.00013031488241151322,10.19359016418457,193849
381,FAN,mfcc,100,0.001,32,sgd,1e-5,,,,,,,128,5,0.4,gelu,,,,,,,,,,,,,,0.9569767441860465,0.9568718289232522,0.957129916471868,0.9569767441860465,1.0,1.0,1.0,1.0,0.0001225696053615836,9.796098709106445,167161
382,FAN,mfcc,100,0.001,32,sgd,1e-5,,,,,,,128,5,0.4,relu,,,,,,,,,,,,,,0.9534883720930233,0.9535840827191588,0.95416353449462,0.9534883720930233,1.0,1.0,1.0,1.0,0.0001248417898666027,9.840612649917603,167161
383,FAN,mfcc,100,0.001,32,sgd,1e-5,,,,,,,128,5,0.4,silu,,,,,,,,,,,,,,0.9546511627906977,0.9546863437222142,0.955353964153933,0.9546511627906977,1.0,1.0,1.0,1.0,0.00012330842572589253,9.80128288269043,167161
384,FAN,mfcc,100,0.001,32,adamw,1e-5,,,,,,,16,2,0.1,gelu,,,,,,,,,,,,,,0.9813953488372092,0.9813453126358802,0.9816616113281944,0.9813953488372092,1.0,1.0,1.0,1.0,3.7651283796443495e-05,6.128037691116333,10777
385,FAN,mfcc,100,0.001,32,adamw,1e-5,,,,,,,16,2,0.1,relu,,,,,,,,,,,,,,0.9709302325581395,0.971021198231303,0.9715533033400989,0.9709302325581395,1.0,1.0,1.0,1.0,3.78442365069722e-05,6.131492614746094,10777
386,FAN,mfcc,100,0.001,32,adamw,1e-5,,,,,,,16,2,0.1,silu,,,,,,,,,,,,,,0.9686046511627907,0.9686674774544906,0.9696147602625936,0.9686046511627907,1.0,1.0,1.0,1.0,3.804411999014921e-05,5.817255973815918,10777
387,FAN,mfcc,100,0.001,32,adamw,1e-5,,,,,,,16,2,0.2,gelu,,,,,,,,,,,,,,0.9697674418604652,0.9697424840197503,0.9700081892683011,0.9697674418604652,1.0,1.0,1.0,1.0,3.77724337023358e-05,5.882524013519287,9817
388,FAN,mfcc,100,0.001,32,adamw,1e-5,,,,,,,16,2,0.2,relu,,,,,,,,,,,,,,0.977906976744186,0.9779139683430802,0.9780846348710923,0.977906976744186,1.0,1.0,1.0,1.0,3.750629203264103e-05,6.318800926208496,9817
389,FAN,mfcc,100,0.001,32,adamw,1e-5,,,,,,,16,2,0.2,silu,,,,,,,,,,,,,,0.9697674418604652,0.9695887156335437,0.9699301589330542,0.9697674418604652,1.0,1.0,1.0,1.0,3.829224165095839e-05,6.009471416473389,9817
390,FAN,mfcc,100,0.001,32,adamw,1e-5,,,,,,,16,2,0.3,gelu,,,,,,,,,,,,,,0.9627906976744186,0.9627414176443007,0.9631377125966429,0.9627906976744186,1.0,1.0,1.0,1.0,3.751904465431391e-05,6.259906530380249,9305
391,FAN,mfcc,100,0.001,32,adamw,1e-5,,,,,,,16,2,0.3,relu,,,,,,,,,,,,,,0.9709302325581395,0.9709010944312524,0.971260431623542,0.9709302325581395,1.0,1.0,1.0,1.0,3.786197928495185e-05,6.426739692687988,9305
392,FAN,mfcc,100,0.001,32,adamw,1e-5,,,,,,,16,2,0.3,silu,,,,,,,,,,,,,,0.9697674418604652,0.9697418475706153,0.969909498851468,0.9697674418604652,1.0,1.0,1.0,1.0,3.788027652474337e-05,6.384538888931274,9305
393,FAN,mfcc,100,0.001,32,adamw,1e-5,,,,,,,16,2,0.4,gelu,,,,,,,,,,,,,,0.9674418604651163,0.9674763532285763,0.9681743835228737,0.9674418604651163,1.0,1.0,1.0,1.0,3.813643788182458e-05,6.375215768814087,8345
394,FAN,mfcc,100,0.001,32,adamw,1e-5,,,,,,,16,2,0.4,relu,,,,,,,,,,,,,,0.9569767441860465,0.956946377937968,0.9572306715067087,0.9569767441860465,1.0,1.0,1.0,1.0,3.845442173092864e-05,5.958746910095215,8345
395,FAN,mfcc,100,0.001,32,adamw,1e-5,,,,,,,16,2,0.4,silu,,,,,,,,,,,,,,0.9732558139534884,0.9732477731929814,0.9734739372224935,0.9732558139534884,1.0,1.0,1.0,1.0,3.7772988164147666e-05,6.42590069770813,8345
396,FAN,mfcc,100,0.001,32,adamw,1e-5,,,,,,,16,3,0.1,gelu,,,,,,,,,,,,,,0.9604651162790697,0.9606058705305811,0.9611769282377205,0.9604651162790697,1.0,1.0,1.0,1.0,6.5021182215491e-05,7.787701368331909,12557
397,FAN,mfcc,100,0.001,32,adamw,1e-5,,,,,,,16,3,0.1,relu,,,,,,,,,,,,,,0.9651162790697675,0.9651452269876385,0.9655711871767977,0.9651162790697675,1.0,1.0,1.0,1.0,6.55063363008721e-05,7.833840847015381,12557
398,FAN,mfcc,100,0.001,32,adamw,1e-5,,,,,,,16,3,0.1,silu,,,,,,,,,,,,,,0.9744186046511628,0.9743318052601015,0.9745989319519354,0.9744186046511628,1.0,1.0,1.0,1.0,6.472537683886151e-05,7.785133361816406,12557
399,FAN,mfcc,100,0.001,32,adamw,1e-5,,,,,,,16,3,0.2,gelu,,,,,,,,,,,,,,0.9616279069767442,0.9615830608473115,0.9618281595575413,0.9616279069767442,1.0,1.0,1.0,1.0,6.476973378381064e-05,7.596022605895996,11469
400,FAN,mfcc,100,0.001,32,adamw,1e-5,,,,,,,16,3,0.2,relu,,,,,,,,,,,,,,0.9651162790697675,0.9650988417060229,0.9655774914573634,0.9651162790697675,1.0,1.0,1.0,1.0,6.560031757798306e-05,7.758310556411743,11469
401,FAN,mfcc,100,0.001,32,adamw,1e-5,,,,,,,16,3,0.2,silu,,,,,,,,,,,,,,0.9674418604651163,0.9674121717176205,0.9679258310417019,0.9674418604651163,1.0,1.0,1.0,1.0,6.66568445604901e-05,7.564003229141235,11469
402,FAN,mfcc,100,0.001,32,adamw,1e-5,,,,,,,16,3,0.3,gelu,,,,,,,,,,,,,,0.9662790697674418,0.9662397855153387,0.9665343900039091,0.9662790697674418,1.0,1.0,1.0,1.0,6.5066093622252e-05,7.708758354187012,10893
403,FAN,mfcc,100,0.001,32,adamw,1e-5,,,,,,,16,3,0.3,relu,,,,,,,,,,,,,,0.9651162790697675,0.9651545528204999,0.9653555200338675,0.9651162790697675,1.0,1.0,1.0,1.0,6.563663482666016e-05,7.589915037155151,10893
404,FAN,mfcc,100,0.001,32,adamw,1e-5,,,,,,,16,3,0.3,silu,,,,,,,,,,,,,,0.9697674418604652,0.9695802529139795,0.969767094848132,0.9697674418604652,1.0,1.0,1.0,1.0,7.057494895402775e-05,7.931299448013306,10893
405,FAN,mfcc,100,0.001,32,adamw,1e-5,,,,,,,16,3,0.4,gelu,,,,,,,,,,,,,,0.958139534883721,0.9582430809338794,0.9586262722883493,0.958139534883721,1.0,1.0,1.0,1.0,6.531088851219e-05,7.768704652786255,9805
406,FAN,mfcc,100,0.001,32,adamw,1e-5,,,,,,,16,3,0.4,relu,,,,,,,,,,,,,,0.9627906976744186,0.9627184075398564,0.9632927007580767,0.9627906976744186,1.0,1.0,1.0,1.0,6.5253778945568e-05,7.73954701423645,9805
407,FAN,mfcc,100,0.001,32,adamw,1e-5,,,,,,,16,3,0.4,silu,,,,,,,,,,,,,,0.9348837209302325,0.9348266905404166,0.9352321656718207,0.9348837209302325,1.0,1.0,1.0,1.0,6.558340649272121e-05,7.704638957977295,9805
408,FAN,mfcc,100,0.001,32,adamw,1e-5,,,,,,,16,4,0.1,gelu,,,,,,,,,,,,,,0.9662790697674418,0.9664112740482073,0.9672518289883988,0.9662790697674418,1.0,1.0,1.0,1.0,9.251666623492574e-05,9.213618993759155,14402
409,FAN,mfcc,100,0.001,32,adamw,1e-5,,,,,,,16,4,0.1,relu,,,,,,,,,,,,,,0.9616279069767442,0.9615775615150483,0.962570236906833,0.9616279069767442,1.0,1.0,1.0,1.0,9.321473365606264e-05,9.265558004379272,14402
410,FAN,mfcc,100,0.001,32,adamw,1e-5,,,,,,,16,4,0.1,silu,,,,,,,,,,,,,,0.9627906976744186,0.9628597847990744,0.9632332429914932,0.9627906976744186,1.0,1.0,1.0,1.0,9.262201397917991e-05,9.232470512390137,14402
411,FAN,mfcc,100,0.001,32,adamw,1e-5,,,,,,,16,4,0.2,gelu,,,,,,,,,,,,,,0.963953488372093,0.9639376575811169,0.9644489341175277,0.963953488372093,1.0,1.0,1.0,1.0,9.411379348400028e-05,9.274301767349243,13186
412,FAN,mfcc,100,0.001,32,adamw,1e-5,,,,,,,16,4,0.2,relu,,,,,,,,,,,,,,0.9383720930232559,0.9383493786773759,0.9394896281863886,0.9383720930232559,0.9997089639115251,0.9997089620620151,0.9997099959543919,0.9997089639115251,9.348725163659384e-05,9.359919786453247,13186
413,FAN,mfcc,100,0.001,32,adamw,1e-5,,,,,,,16,4,0.2,silu,,,,,,,,,,,,,,0.9511627906976744,0.9512498873006988,0.9519751923209241,0.9511627906976744,1.0,1.0,1.0,1.0,9.17032707569211e-05,9.30884075164795,13186
414,FAN,mfcc,100,0.001,32,adamw,1e-5,,,,,,,16,4,0.3,gelu,,,,,,,,,,,,,,0.95,0.9498685853369677,0.9506257288769279,0.95,1.0,1.0,1.0,1.0,9.184909421344136e-05,9.217309713363647,12546
415,FAN,mfcc,100,0.001,32,adamw,1e-5,,,,,,,16,4,0.3,relu,,,,,,,,,,,,,,0.9465116279069767,0.9463877562819913,0.9465891983616948,0.9465116279069767,1.0,1.0,1.0,1.0,9.295940399169921e-05,9.378936529159546,12546
416,FAN,mfcc,100,0.001,32,adamw,1e-5,,,,,,,16,4,0.3,silu,,,,,,,,,,,,,,0.936046511627907,0.936158846062846,0.93701590547309,0.936046511627907,1.0,1.0,1.0,1.0,9.183273758999137e-05,9.248952865600586,12546
417,FAN,mfcc,100,0.001,32,adamw,1e-5,,,,,,,16,4,0.4,gelu,,,,,,,,,,,,,,0.9662790697674418,0.9664080509904549,0.9668954721080499,0.9662790697674418,1.0,1.0,1.0,1.0,9.182220281556595e-05,9.20743179321289,11330
418,FAN,mfcc,100,0.001,32,adamw,1e-5,,,,,,,16,4,0.4,relu,,,,,,,,,,,,,,0.9430232558139535,0.9429761960083815,0.943455019495926,0.9430232558139535,1.0,1.0,1.0,1.0,9.309275205745254e-05,9.261185884475708,11330
419,FAN,mfcc,100,0.001,32,adamw,1e-5,,,,,,,16,4,0.4,silu,,,,,,,,,,,,,,0.9302325581395349,0.9305164854140286,0.9314653459126301,0.9302325581395349,1.0,1.0,1.0,1.0,9.671477384345477e-05,9.205440044403076,11330
420,FAN,mfcc,100,0.001,32,adamw,1e-5,,,,,,,16,5,0.1,gelu,,,,,,,,,,,,,,0.9523255813953488,0.9522693726091109,0.952688272044248,0.9523255813953488,1.0,1.0,1.0,1.0,0.000118875780770945,10.596918106079102,16377
421,FAN,mfcc,100,0.001,32,adamw,1e-5,,,,,,,16,5,0.1,relu,,,,,,,,,,,,,,0.958139534883721,0.9581759796094174,0.9585024179528752,0.958139534883721,1.0,1.0,1.0,1.0,0.0001198153163111487,10.754542350769043,16377
422,FAN,mfcc,100,0.001,32,adamw,1e-5,,,,,,,16,5,0.1,silu,,,,,,,,,,,,,,0.9383720930232559,0.9384824943837626,0.9391429574991219,0.9383720930232559,1.0,1.0,1.0,1.0,0.00011908758518307708,10.721873998641968,16377
423,FAN,mfcc,100,0.001,32,adamw,1e-5,,,,,,,16,5,0.2,gelu,,,,,,,,,,,,,,0.9511627906976744,0.9513467716267738,0.9522891717072893,0.9511627906976744,1.0,1.0,1.0,1.0,0.00012407053348629973,10.58467149734497,15033
424,FAN,mfcc,100,0.001,32,adamw,1e-5,,,,,,,16,5,0.2,relu,,,,,,,,,,,,,,0.9488372093023256,0.9487761340855244,0.9491645148740994,0.9488372093023256,1.0,1.0,1.0,1.0,0.00012265970540601155,10.644145250320435,15033
425,FAN,mfcc,100,0.001,32,adamw,1e-5,,,,,,,16,5,0.2,silu,,,,,,,,,,,,,,0.958139534883721,0.9582962316060807,0.9588904802215569,0.958139534883721,1.0,1.0,1.0,1.0,0.0001181915748951047,10.667570352554321,15033
426,FAN,mfcc,100,0.001,32,adamw,1e-5,,,,,,,16,5,0.3,gelu,,,,,,,,,,,,,,0.9162790697674419,0.916254159011825,0.9168016484593275,0.9162790697674419,1.0,1.0,1.0,1.0,0.00011962735375692679,10.702913284301758,14329
427,FAN,mfcc,100,0.001,32,adamw,1e-5,,,,,,,16,5,0.3,relu,,,,,,,,,,,,,,0.9627906976744186,0.9627349485924459,0.9629765236927937,0.9627906976744186,1.0,1.0,1.0,1.0,0.00011994090191153593,10.69169282913208,14329
428,FAN,mfcc,100,0.001,32,adamw,1e-5,,,,,,,16,5,0.3,silu,,,,,,,,,,,,,,0.9476744186046512,0.9477201920241409,0.9486531875123475,0.9476744186046512,1.0,1.0,1.0,1.0,0.00011770004449888717,10.625498056411743,14329
429,FAN,mfcc,100,0.001,32,adamw,1e-5,,,,,,,16,5,0.4,gelu,,,,,,,,,,,,,,0.9476744186046512,0.9478821758107501,0.9489655377504088,0.9476744186046512,1.0,1.0,1.0,1.0,0.00011856833169626635,10.505805969238281,12985
430,FAN,mfcc,100,0.001,32,adamw,1e-5,,,,,,,16,5,0.4,relu,,,,,,,,,,,,,,0.9209302325581395,0.9212751734027066,0.9230556088069635,0.9209302325581395,1.0,1.0,1.0,1.0,0.00012123695639676826,10.612722873687744,12985
431,FAN,mfcc,100,0.001,32,adamw,1e-5,,,,,,,16,5,0.4,silu,,,,,,,,,,,,,,0.9093023255813953,0.9093681702218477,0.9128065612292905,0.9093023255813953,0.9639115250291036,0.9638410361102919,0.9641082400643962,0.9639115250291036,0.00011946046075155568,10.51789379119873,12985
432,FAN,mfcc,100,0.001,32,adamw,1e-5,,,,,,,32,2,0.1,gelu,,,,,,,,,,,,,,0.9813953488372092,0.9813911811924522,0.9816928810787491,0.9813953488372092,1.0,1.0,1.0,1.0,3.798063411269077e-05,6.253122329711914,18329
433,FAN,mfcc,100,0.001,32,adamw,1e-5,,,,,,,32,2,0.1,relu,,,,,,,,,,,,,,0.9767441860465116,0.9766857773043864,0.9770892897588332,0.9767441860465116,1.0,1.0,1.0,1.0,3.812396249105764e-05,5.9389708042144775,18329
434,FAN,mfcc,100,0.001,32,adamw,1e-5,,,,,,,32,2,0.1,silu,,,,,,,,,,,,,,0.9767441860465116,0.9768110899535118,0.9774530941488574,0.9767441860465116,1.0,1.0,1.0,1.0,3.965372262999069e-05,6.136792421340942,18329
435,FAN,mfcc,100,0.001,32,adamw,1e-5,,,,,,,32,2,0.2,gelu,,,,,,,,,,,,,,0.9790697674418605,0.9790491197425452,0.9791640337396438,0.9790697674418605,1.0,1.0,1.0,1.0,3.7634927172993505e-05,6.018325090408325,16857
436,FAN,mfcc,100,0.001,32,adamw,1e-5,,,,,,,32,2,0.2,relu,,,,,,,,,,,,,,0.9744186046511628,0.9743610509731478,0.974578111576753,0.9744186046511628,1.0,1.0,1.0,1.0,3.794099009314249e-05,6.373465061187744,16857
437,FAN,mfcc,100,0.001,32,adamw,1e-5,,,,,,,32,2,0.2,silu,,,,,,,,,,,,,,0.9732558139534884,0.9732411080726403,0.9739229989057191,0.9732558139534884,1.0,1.0,1.0,1.0,3.7739165993623956e-05,6.272115468978882,16857
438,FAN,mfcc,100,0.001,32,adamw,1e-5,,,,,,,32,2,0.3,gelu,,,,,,,,,,,,,,0.9802325581395349,0.980206980859247,0.9803839046210707,0.9802325581395349,1.0,1.0,1.0,1.0,3.83693118428075e-05,6.088023662567139,15385
439,FAN,mfcc,100,0.001,32,adamw,1e-5,,,,,,,32,2,0.3,relu,,,,,,,,,,,,,,0.977906976744186,0.977944874649223,0.978516488781659,0.977906976744186,1.0,1.0,1.0,1.0,3.807655600614326e-05,6.319544792175293,15385
440,FAN,mfcc,100,0.001,32,adamw,1e-5,,,,,,,32,2,0.3,silu,,,,,,,,,,,,,,0.9790697674418605,0.9791650251399843,0.9796730012815247,0.9790697674418605,1.0,1.0,1.0,1.0,3.781845403272052e-05,5.98467755317688,15385
441,FAN,mfcc,100,0.001,32,adamw,1e-5,,,,,,,32,2,0.4,gelu,,,,,,,,,,,,,,0.977906976744186,0.9779389646580193,0.9781695111083163,0.977906976744186,1.0,1.0,1.0,1.0,3.773278968278752e-05,6.157159805297852,13913
442,FAN,mfcc,100,0.001,32,adamw,1e-5,,,,,,,32,2,0.4,relu,,,,,,,,,,,,,,0.9837209302325581,0.9837498577438271,0.9838885669733823,0.9837209302325581,1.0,1.0,1.0,1.0,3.8568086402360785e-05,6.413146257400513,13913
443,FAN,mfcc,100,0.001,32,adamw,1e-5,,,,,,,32,2,0.4,silu,,,,,,,,,,,,,,0.9686046511627907,0.968543487460449,0.96885544422602,0.9686046511627907,1.0,1.0,1.0,1.0,3.7440865538841073e-05,6.078674077987671,13913
444,FAN,mfcc,100,0.001,32,adamw,1e-5,,,,,,,32,3,0.1,gelu,,,,,,,,,,,,,,0.9767441860465116,0.9767732995766977,0.977181625156487,0.9767441860465116,1.0,1.0,1.0,1.0,6.533445313919423e-05,7.588155269622803,22925
445,FAN,mfcc,100,0.001,32,adamw,1e-5,,,,,,,32,3,0.1,relu,,,,,,,,,,,,,,0.9709302325581395,0.9708962563879622,0.9711791309845345,0.9709302325581395,1.0,1.0,1.0,1.0,6.548748459926872e-05,7.6272873878479,22925
446,FAN,mfcc,100,0.001,32,adamw,1e-5,,,,,,,32,3,0.1,silu,,,,,,,,,,,,,,0.9709302325581395,0.9708897922146135,0.9714183900173691,0.9709302325581395,1.0,1.0,1.0,1.0,6.542372149090435e-05,7.6796300411224365,22925
447,FAN,mfcc,100,0.001,32,adamw,1e-5,,,,,,,32,3,0.2,gelu,,,,,,,,,,,,,,0.9755813953488373,0.97564046345714,0.9759406072646344,0.9755813953488373,1.0,1.0,1.0,1.0,6.635355394940044e-05,7.504912614822388,21069
448,FAN,mfcc,100,0.001,32,adamw,1e-5,,,,,,,32,3,0.2,relu,,,,,,,,,,,,,,0.977906976744186,0.9779112212913945,0.9780349231931419,0.977906976744186,1.0,1.0,1.0,1.0,6.571841794391011e-05,7.492453098297119,21069
449,FAN,mfcc,100,0.001,32,adamw,1e-5,,,,,,,32,3,0.2,silu,,,,,,,,,,,,,,0.9732558139534884,0.9732080063742057,0.9734496021452228,0.9732558139534884,1.0,1.0,1.0,1.0,6.496934003608171e-05,7.981351375579834,21069
450,FAN,mfcc,100,0.001,32,adamw,1e-5,,,,,,,32,3,0.3,gelu,,,,,,,,,,,,,,0.9697674418604652,0.9697699709457003,0.9701562609881446,0.9697674418604652,1.0,1.0,1.0,1.0,6.596709406653116e-05,7.729179859161377,19149
451,FAN,mfcc,100,0.001,32,adamw,1e-5,,,,,,,32,3,0.3,relu,,,,,,,,,,,,,,0.977906976744186,0.9778528605720248,0.9781079022211686,0.977906976744186,1.0,1.0,1.0,1.0,6.677161815554597e-05,7.920074701309204,19149
452,FAN,mfcc,100,0.001,32,adamw,1e-5,,,,,,,32,3,0.3,silu,,,,,,,,,,,,,,0.9755813953488373,0.975563479801468,0.9756853921272526,0.9755813953488373,1.0,1.0,1.0,1.0,6.602697594221248e-05,7.445277214050293,19149
453,FAN,mfcc,100,0.001,32,adamw,1e-5,,,,,,,32,3,0.4,gelu,,,,,,,,,,,,,,0.9720930232558139,0.9720275436821726,0.9724616882164379,0.9720930232558139,1.0,1.0,1.0,1.0,6.541762241097384e-05,7.810369968414307,17293
454,FAN,mfcc,100,0.001,32,adamw,1e-5,,,,,,,32,3,0.4,relu,,,,,,,,,,,,,,0.9744186046511628,0.9744019444770128,0.9746893043689568,0.9744186046511628,1.0,1.0,1.0,1.0,6.652183310930119e-05,7.859661817550659,17293
455,FAN,mfcc,100,0.001,32,adamw,1e-5,,,,,,,32,3,0.4,silu,,,,,,,,,,,,,,0.963953488372093,0.9638573304823842,0.9642907365167611,0.963953488372093,1.0,1.0,1.0,1.0,6.650020909863849e-05,7.967692852020264,17293
456,FAN,mfcc,100,0.001,32,adamw,1e-5,,,,,,,32,4,0.1,gelu,,,,,,,,,,,,,,0.9662790697674418,0.9662100467941461,0.9663558332984524,0.9662790697674418,1.0,1.0,1.0,1.0,9.195222411044808e-05,9.306239604949951,27586
457,FAN,mfcc,100,0.001,32,adamw,1e-5,,,,,,,32,4,0.1,relu,,,,,,,,,,,,,,0.9720930232558139,0.9720597877268083,0.9721599738269286,0.9720930232558139,1.0,1.0,1.0,1.0,9.523990542389626e-05,9.388661861419678,27586
458,FAN,mfcc,100,0.001,32,adamw,1e-5,,,,,,,32,4,0.1,silu,,,,,,,,,,,,,,0.9732558139534884,0.9732477874384478,0.9736212800654984,0.9732558139534884,1.0,1.0,1.0,1.0,9.230153505192247e-05,9.365651369094849,27586
459,FAN,mfcc,100,0.001,32,adamw,1e-5,,,,,,,32,4,0.2,gelu,,,,,,,,,,,,,,0.9697674418604652,0.9697109942768188,0.9706540819264585,0.9697674418604652,1.0,1.0,1.0,1.0,9.205064108205397e-05,9.256608247756958,25346
460,FAN,mfcc,100,0.001,32,adamw,1e-5,,,,,,,32,4,0.2,relu,,,,,,,,,,,,,,0.9674418604651163,0.967339281326392,0.9675860475649186,0.9674418604651163,1.0,1.0,1.0,1.0,9.389810783918513e-05,9.460712194442749,25346
461,FAN,mfcc,100,0.001,32,adamw,1e-5,,,,,,,32,4,0.2,silu,,,,,,,,,,,,,,0.9767441860465116,0.976786108193928,0.9772132277905932,0.9767441860465116,1.0,1.0,1.0,1.0,9.285599686378656e-05,9.259608745574951,25346
462,FAN,mfcc,100,0.001,32,adamw,1e-5,,,,,,,32,4,0.3,gelu,,,,,,,,,,,,,,0.9686046511627907,0.968641905759685,0.9688384728635439,0.9686046511627907,1.0,1.0,1.0,1.0,9.247868560081305e-05,9.46091103553772,22978
463,FAN,mfcc,100,0.001,32,adamw,1e-5,,,,,,,32,4,0.3,relu,,,,,,,,,,,,,,0.9686046511627907,0.9686614218020847,0.9694585088721954,0.9686046511627907,1.0,1.0,1.0,1.0,9.250030961147574e-05,9.402791023254395,22978
464,FAN,mfcc,100,0.001,32,adamw,1e-5,,,,,,,32,4,0.3,silu,,,,,,,,,,,,,,0.9697674418604652,0.9696813551398534,0.970032932577716,0.9697674418604652,1.0,1.0,1.0,1.0,9.306142496508222e-05,9.391729831695557,22978
465,FAN,mfcc,100,0.001,32,adamw,1e-5,,,,,,,32,4,0.4,gelu,,,,,,,,,,,,,,0.9627906976744186,0.9627459525792894,0.9630076367555108,0.9627906976744186,1.0,1.0,1.0,1.0,9.231151536453602e-05,9.192464828491211,20738
466,FAN,mfcc,100,0.001,32,adamw,1e-5,,,,,,,32,4,0.4,relu,,,,,,,,,,,,,,0.9697674418604652,0.9697074849650213,0.9702321909971365,0.9697674418604652,1.0,1.0,1.0,1.0,9.346257808596589e-05,9.397295713424683,20738
467,FAN,mfcc,100,0.001,32,adamw,1e-5,,,,,,,32,4,0.4,silu,,,,,,,,,,,,,,0.9651162790697675,0.9650900093863305,0.965352405051506,0.9651162790697675,1.0,1.0,1.0,1.0,9.251001269318337e-05,9.33715558052063,20738
468,FAN,mfcc,100,0.001,32,adamw,1e-5,,,,,,,32,5,0.1,gelu,,,,,,,,,,,,,,0.9697674418604652,0.9697799100729722,0.9700176368253871,0.9697674418604652,1.0,1.0,1.0,1.0,0.00011914386305698129,10.887197256088257,32377
469,FAN,mfcc,100,0.001,32,adamw,1e-5,,,,,,,32,5,0.1,relu,,,,,,,,,,,,,,0.958139534883721,0.9579928003326599,0.9582910694744016,0.958139534883721,1.0,1.0,1.0,1.0,0.00011981836585111397,10.735874652862549,32377
470,FAN,mfcc,100,0.001,32,adamw,1e-5,,,,,,,32,5,0.1,silu,,,,,,,,,,,,,,0.9744186046511628,0.9745168643558235,0.9754018166586168,0.9744186046511628,1.0,1.0,1.0,1.0,0.00011874160101247389,10.882327318191528,32377
471,FAN,mfcc,100,0.001,32,adamw,1e-5,,,,,,,32,5,0.2,gelu,,,,,,,,,,,,,,0.9523255813953488,0.9523977823975784,0.9531508278882597,0.9523255813953488,1.0,1.0,1.0,1.0,0.0001223713852638422,10.782240390777588,29753
472,FAN,mfcc,100,0.001,32,adamw,1e-5,,,,,,,32,5,0.2,relu,,,,,,,,,,,,,,0.9720930232558139,0.9720679308570987,0.9724230511941467,0.9720930232558139,1.0,1.0,1.0,1.0,0.00011997361515843591,10.658782482147217,29753
473,FAN,mfcc,100,0.001,32,adamw,1e-5,,,,,,,32,5,0.2,silu,,,,,,,,,,,,,,0.958139534883721,0.9582583339877019,0.9586627987924278,0.958139534883721,1.0,1.0,1.0,1.0,0.0001224975253260413,10.483354330062866,29753
474,FAN,mfcc,100,0.001,32,adamw,1e-5,,,,,,,32,5,0.3,gelu,,,,,,,,,,,,,,0.9720930232558139,0.9720757261948049,0.9723742252589074,0.9720930232558139,1.0,1.0,1.0,1.0,0.00011904239654541016,10.526046752929688,26937
475,FAN,mfcc,100,0.001,32,adamw,1e-5,,,,,,,32,5,0.3,relu,,,,,,,,,,,,,,0.958139534883721,0.9581301535850125,0.9589167942387629,0.958139534883721,1.0,1.0,1.0,1.0,0.00011970830518145893,10.655145168304443,26937
476,FAN,mfcc,100,0.001,32,adamw,1e-5,,,,,,,32,5,0.3,silu,,,,,,,,,,,,,,0.95,0.9501374683125506,0.9506361597159254,0.95,1.0,1.0,1.0,1.0,0.0001198654951051224,10.624176025390625,26937
477,FAN,mfcc,100,0.001,32,adamw,1e-5,,,,,,,32,5,0.4,gelu,,,,,,,,,,,,,,0.9604651162790697,0.9604996786433209,0.9609150501013174,0.9604651162790697,1.0,1.0,1.0,1.0,0.00011821763460026231,10.596442937850952,24313
478,FAN,mfcc,100,0.001,32,adamw,1e-5,,,,,,,32,5,0.4,relu,,,,,,,,,,,,,,0.9546511627906977,0.9548414903896287,0.9554591154275685,0.9546511627906977,1.0,1.0,1.0,1.0,0.00012166306029918581,10.642240285873413,24313
479,FAN,mfcc,100,0.001,32,adamw,1e-5,,,,,,,32,5,0.4,silu,,,,,,,,,,,,,,0.9651162790697675,0.9650311675042801,0.9654316165815712,0.9651162790697675,1.0,1.0,1.0,1.0,0.00012005678443021553,10.676106214523315,24313
480,FAN,mfcc,100,0.001,32,adamw,1e-5,,,,,,,64,2,0.1,gelu,,,,,,,,,,,,,,0.9802325581395349,0.9802342669958435,0.9807737371314972,0.9802325581395349,1.0,1.0,1.0,1.0,3.791992054429165e-05,6.340691328048706,33881
481,FAN,mfcc,100,0.001,32,adamw,1e-5,,,,,,,64,2,0.1,relu,,,,,,,,,,,,,,0.9837209302325581,0.9836957250512649,0.9839326986687134,0.9837209302325581,1.0,1.0,1.0,1.0,3.781762234000273e-05,6.29799485206604,33881
482,FAN,mfcc,100,0.001,32,adamw,1e-5,,,,,,,64,2,0.1,silu,,,,,,,,,,,,,,0.9720930232558139,0.9720144075129273,0.9722272765632749,0.9720930232558139,1.0,1.0,1.0,1.0,3.787390021390693e-05,6.397670030593872,33881
483,FAN,mfcc,100,0.001,32,adamw,1e-5,,,,,,,64,2,0.2,gelu,,,,,,,,,,,,,,0.9767441860465116,0.9767559742856811,0.9770720280258618,0.9767441860465116,1.0,1.0,1.0,1.0,3.8082655086073764e-05,5.906512498855591,30937
484,FAN,mfcc,100,0.001,32,adamw,1e-5,,,,,,,64,2,0.2,relu,,,,,,,,,,,,,,0.977906976744186,0.9778966103605811,0.978194022993958,0.977906976744186,1.0,1.0,1.0,1.0,3.827144933301349e-05,5.872526407241821,30937
485,FAN,mfcc,100,0.001,32,adamw,1e-5,,,,,,,64,2,0.2,silu,,,,,,,,,,,,,,0.9837209302325581,0.9837139166932553,0.9838291657343065,0.9837209302325581,1.0,1.0,1.0,1.0,3.752569819605628e-05,6.303459644317627,30937
486,FAN,mfcc,100,0.001,32,adamw,1e-5,,,,,,,64,2,0.3,gelu,,,,,,,,,,,,,,0.9802325581395349,0.9802863903478776,0.9808207602599951,0.9802325581395349,1.0,1.0,1.0,1.0,3.744308338608853e-05,6.466188907623291,27545
487,FAN,mfcc,100,0.001,32,adamw,1e-5,,,,,,,64,2,0.3,relu,,,,,,,,,,,,,,0.9837209302325581,0.9837422822389751,0.9840497586113546,0.9837209302325581,1.0,1.0,1.0,1.0,3.794986148213231e-05,6.280462741851807,27545
488,FAN,mfcc,100,0.001,32,adamw,1e-5,,,,,,,64,2,0.3,silu,,,,,,,,,,,,,,0.9790697674418605,0.9790468378872399,0.9793197080961143,0.9790697674418605,1.0,1.0,1.0,1.0,3.7759403849756996e-05,6.453702449798584,27545
489,FAN,mfcc,100,0.001,32,adamw,1e-5,,,,,,,64,2,0.4,gelu,,,,,,,,,,,,,,0.9825581395348837,0.9825532867380558,0.9828127661132556,0.9825581395348837,1.0,1.0,1.0,1.0,3.7639085636582484e-05,6.458887815475464,24601
490,FAN,mfcc,100,0.001,32,adamw,1e-5,,,,,,,64,2,0.4,relu,,,,,,,,,,,,,,0.9825581395348837,0.9825396057125214,0.9826607085273973,0.9825581395348837,1.0,1.0,1.0,1.0,3.7738888762718027e-05,6.307258605957031,24601
491,FAN,mfcc,100,0.001,32,adamw,1e-5,,,,,,,64,2,0.4,silu,,,,,,,,,,,,,,0.9790697674418605,0.9790495542642179,0.9792424009425935,0.9790697674418605,1.0,1.0,1.0,1.0,3.779987956202308e-05,6.434520483016968,24601
492,FAN,mfcc,100,0.001,32,adamw,1e-5,,,,,,,64,3,0.1,gelu,,,,,,,,,,,,,,0.9790697674418605,0.9790320897277462,0.9794821453714688,0.9790697674418605,1.0,1.0,1.0,1.0,6.775966910428779e-05,7.546457767486572,49741
493,FAN,mfcc,100,0.001,32,adamw,1e-5,,,,,,,64,3,0.1,relu,,,,,,,,,,,,,,0.9802325581395349,0.980293907628212,0.9807593305007805,0.9802325581395349,1.0,1.0,1.0,1.0,6.605525349461755e-05,7.336866855621338,49741
494,FAN,mfcc,100,0.001,32,adamw,1e-5,,,,,,,64,3,0.1,silu,,,,,,,,,,,,,,0.9732558139534884,0.9732428735945703,0.9736520401550113,0.9732558139534884,1.0,1.0,1.0,1.0,6.52227290841036e-05,7.612581253051758,49741
495,FAN,mfcc,100,0.001,32,adamw,1e-5,,,,,,,64,3,0.2,gelu,,,,,,,,,,,,,,0.986046511627907,0.9860173752253554,0.9861783306446695,0.986046511627907,1.0,1.0,1.0,1.0,6.500316220660542e-05,7.540347099304199,45197
496,FAN,mfcc,100,0.001,32,adamw,1e-5,,,,,,,64,3,0.2,relu,,,,,,,,,,,,,,0.9732558139534884,0.9731961777985377,0.9736734694299763,0.9732558139534884,1.0,1.0,1.0,1.0,6.653430850006813e-05,7.429200887680054,45197
497,FAN,mfcc,100,0.001,32,adamw,1e-5,,,,,,,64,3,0.2,silu,,,,,,,,,,,,,,0.9790697674418605,0.9790668752652517,0.9793236290473313,0.9790697674418605,1.0,1.0,1.0,1.0,6.487896276074786e-05,7.913370847702026,45197
498,FAN,mfcc,100,0.001,32,adamw,1e-5,,,,,,,64,3,0.3,gelu,,,,,,,,,,,,,,0.9837209302325581,0.9837351442087086,0.9839558286643061,0.9837209302325581,1.0,1.0,1.0,1.0,6.53973845548408e-05,7.503597974777222,39949
499,FAN,mfcc,100,0.001,32,adamw,1e-5,,,,,,,64,3,0.3,relu,,,,,,,,,,,,,,0.9802325581395349,0.9802164831742924,0.9806082291673798,0.9802325581395349,1.0,1.0,1.0,1.0,6.560946619787882e-05,7.622713804244995,39949
500,FAN,mfcc,100,0.001,32,adamw,1e-5,,,,,,,64,3,0.3,silu,,,,,,,,,,,,,,0.9837209302325581,0.9837543983662214,0.9841542748354541,0.9837209302325581,1.0,1.0,1.0,1.0,6.475226823673692e-05,7.653191566467285,39949
501,FAN,mfcc,100,0.001,32,adamw,1e-5,,,,,,,64,3,0.4,gelu,,,,,,,,,,,,,,0.9825581395348837,0.982577239269554,0.9829032165922341,0.9825581395348837,1.0,1.0,1.0,1.0,6.47849814836369e-05,7.506654739379883,35405
502,FAN,mfcc,100,0.001,32,adamw,1e-5,,,,,,,64,3,0.4,relu,,,,,,,,,,,,,,0.9883720930232558,0.9883378348606147,0.9883852650300096,0.9883720930232558,1.0,1.0,1.0,1.0,6.528122480525526e-05,7.963676691055298,35405
503,FAN,mfcc,100,0.001,32,adamw,1e-5,,,,,,,64,3,0.4,silu,,,,,,,,,,,,,,0.9825581395348837,0.9825522082260334,0.9827741017337712,0.9825581395348837,1.0,1.0,1.0,1.0,6.502173667730287e-05,7.929149150848389,35405
504,FAN,mfcc,100,0.001,32,adamw,1e-5,,,,,,,64,4,0.1,gelu,,,,,,,,,,,,,,0.9790697674418605,0.979085138742799,0.9795263807043448,0.9790697674418605,1.0,1.0,1.0,1.0,9.286902671636537e-05,9.157154083251953,65666
505,FAN,mfcc,100,0.001,32,adamw,1e-5,,,,,,,64,4,0.1,relu,,,,,,,,,,,,,,0.9744186046511628,0.9744449713465041,0.9747134306738694,0.9744186046511628,1.0,1.0,1.0,1.0,9.441957917324332e-05,9.201344728469849,65666
506,FAN,mfcc,100,0.001,32,adamw,1e-5,,,,,,,64,4,0.1,silu,,,,,,,,,,,,,,0.9720930232558139,0.9721045154074076,0.9724620831941817,0.9720930232558139,1.0,1.0,1.0,1.0,9.486702985541766e-05,9.461341142654419,65666
507,FAN,mfcc,100,0.001,32,adamw,1e-5,,,,,,,64,4,0.2,gelu,,,,,,,,,,,,,,0.9755813953488373,0.9756956741673679,0.9763125161683347,0.9755813953488373,1.0,1.0,1.0,1.0,9.190786716549895e-05,9.370973825454712,59522
508,FAN,mfcc,100,0.001,32,adamw,1e-5,,,,,,,64,4,0.2,relu,,,,,,,,,,,,,,0.9790697674418605,0.9790864710292217,0.9795221547466575,0.9790697674418605,1.0,1.0,1.0,1.0,9.32152881178745e-05,9.343137979507446,59522
509,FAN,mfcc,100,0.001,32,adamw,1e-5,,,,,,,64,4,0.2,silu,,,,,,,,,,,,,,0.9790697674418605,0.9790017452324687,0.9795038454363055,0.9790697674418605,1.0,1.0,1.0,1.0,9.269187616747479e-05,9.223973751068115,59522
510,FAN,mfcc,100,0.001,32,adamw,1e-5,,,,,,,64,4,0.3,gelu,,,,,,,,,,,,,,0.9802325581395349,0.9802333138903359,0.9805967803144268,0.9802325581395349,1.0,1.0,1.0,1.0,9.249088376067406e-05,9.240334749221802,52418
511,FAN,mfcc,100,0.001,32,adamw,1e-5,,,,,,,64,4,0.3,relu,,,,,,,,,,,,,,0.9825581395348837,0.9824921524855936,0.9829855159202584,0.9825581395348837,1.0,1.0,1.0,1.0,9.30190086364746e-05,9.320462465286255,52418
512,FAN,mfcc,100,0.001,32,adamw,1e-5,,,,,,,64,4,0.3,silu,,,,,,,,,,,,,,0.9825581395348837,0.9825667504168627,0.9827820676259722,0.9825581395348837,1.0,1.0,1.0,1.0,9.742587111717047e-05,9.298153400421143,52418
513,FAN,mfcc,100,0.001,32,adamw,1e-5,,,,,,,64,4,0.4,gelu,,,,,,,,,,,,,,0.9744186046511628,0.9743571872566376,0.9746679813733479,0.9744186046511628,1.0,1.0,1.0,1.0,9.606577629266784e-05,9.356086254119873,46274
514,FAN,mfcc,100,0.001,32,adamw,1e-5,,,,,,,64,4,0.4,relu,,,,,,,,,,,,,,0.9732558139534884,0.9733059195477439,0.9737229044294708,0.9732558139534884,1.0,1.0,1.0,1.0,9.506386379862941e-05,9.389076471328735,46274
515,FAN,mfcc,100,0.001,32,adamw,1e-5,,,,,,,64,4,0.4,silu,,,,,,,,,,,,,,0.986046511627907,0.9860322902841502,0.9861615133827663,0.986046511627907,1.0,1.0,1.0,1.0,9.272985680158748e-05,9.133483648300171,46274
516,FAN,mfcc,100,0.001,32,adamw,1e-5,,,,,,,64,5,0.1,gelu,,,,,,,,,,,,,,0.9697674418604652,0.9697911613867145,0.9700629802973071,0.9697674418604652,1.0,1.0,1.0,1.0,0.0001198757526486419,10.431732177734375,81721
517,FAN,mfcc,100,0.001,32,adamw,1e-5,,,,,,,64,5,0.1,relu,,,,,,,,,,,,,,0.9744186046511628,0.9744145342916263,0.9746050410872267,0.9744186046511628,1.0,1.0,1.0,1.0,0.00011964371038037678,10.863692045211792,81721
518,FAN,mfcc,100,0.001,32,adamw,1e-5,,,,,,,64,5,0.1,silu,,,,,,,,,,,,,,0.9651162790697675,0.9652123323025104,0.9655664590509678,0.9651162790697675,1.0,1.0,1.0,1.0,0.00011947154998779297,10.613820791244507,81721
519,FAN,mfcc,100,0.001,32,adamw,1e-5,,,,,,,64,5,0.2,gelu,,,,,,,,,,,,,,0.9709302325581395,0.9709015392122488,0.9712498082732172,0.9709302325581395,1.0,1.0,1.0,1.0,0.00011867728344229764,10.624945402145386,73977
520,FAN,mfcc,100,0.001,32,adamw,1e-5,,,,,,,64,5,0.2,relu,,,,,,,,,,,,,,0.9686046511627907,0.968555014357584,0.9691890807172971,0.9686046511627907,1.0,1.0,1.0,1.0,0.00012104289476261583,10.705089330673218,73977
521,FAN,mfcc,100,0.001,32,adamw,1e-5,,,,,,,64,5,0.2,silu,,,,,,,,,,,,,,0.9720930232558139,0.9721563509243208,0.9725366406231588,0.9720930232558139,1.0,1.0,1.0,1.0,0.00012075984200765921,10.488077163696289,73977
522,FAN,mfcc,100,0.001,32,adamw,1e-5,,,,,,,64,5,0.3,gelu,,,,,,,,,,,,,,0.9697674418604652,0.9698872201331342,0.9703033336111339,0.9697674418604652,1.0,1.0,1.0,1.0,0.00011881811674251113,10.734222888946533,65017
523,FAN,mfcc,100,0.001,32,adamw,1e-5,,,,,,,64,5,0.3,relu,,,,,,,,,,,,,,0.9720930232558139,0.9720365244345422,0.9723612737327605,0.9720930232558139,1.0,1.0,1.0,1.0,0.00011995975361313931,10.642117738723755,65017
524,FAN,mfcc,100,0.001,32,adamw,1e-5,,,,,,,64,5,0.3,silu,,,,,,,,,,,,,,0.9720930232558139,0.972157557505221,0.9726398083078571,0.9720930232558139,1.0,1.0,1.0,1.0,0.00012690438780673714,10.488358974456787,65017
525,FAN,mfcc,100,0.001,32,adamw,1e-5,,,,,,,64,5,0.4,gelu,,,,,,,,,,,,,,0.9744186046511628,0.9743855692397984,0.9749357683270474,0.9744186046511628,1.0,1.0,1.0,1.0,0.00011930299359698628,10.52105975151062,57273
526,FAN,mfcc,100,0.001,32,adamw,1e-5,,,,,,,64,5,0.4,relu,,,,,,,,,,,,,,0.9732558139534884,0.9732039768177647,0.9734925563309563,0.9732558139534884,1.0,1.0,1.0,1.0,0.00012006759643554688,10.534005165100098,57273
527,FAN,mfcc,100,0.001,32,adamw,1e-5,,,,,,,64,5,0.4,silu,,,,,,,,,,,,,,0.9732558139534884,0.9732311554045157,0.9734136022004206,0.9732558139534884,1.0,1.0,1.0,1.0,0.00012159181195636129,10.555859327316284,57273
528,FAN,mfcc,100,0.001,32,adamw,1e-5,,,,,,,128,2,0.1,gelu,,,,,,,,,,,,,,0.977906976744186,0.9778940781149107,0.9782064802730521,0.977906976744186,1.0,1.0,1.0,1.0,3.74056572137877e-05,6.2835023403167725,64985
529,FAN,mfcc,100,0.001,32,adamw,1e-5,,,,,,,128,2,0.1,relu,,,,,,,,,,,,,,0.9825581395348837,0.9825423768799406,0.98273412949698,0.9825581395348837,1.0,1.0,1.0,1.0,3.786419713219931e-05,6.287778854370117,64985
530,FAN,mfcc,100,0.001,32,adamw,1e-5,,,,,,,128,2,0.1,silu,,,,,,,,,,,,,,0.9813953488372092,0.9813584612388924,0.9818435901390792,0.9813953488372092,1.0,1.0,1.0,1.0,3.860551257466161e-05,6.238613128662109,64985
531,FAN,mfcc,100,0.001,32,adamw,1e-5,,,,,,,128,2,0.2,gelu,,,,,,,,,,,,,,0.9813953488372092,0.9813693592360057,0.9817346839847348,0.9813953488372092,1.0,1.0,1.0,1.0,3.793378208958825e-05,5.957287549972534,58649
532,FAN,mfcc,100,0.001,32,adamw,1e-5,,,,,,,128,2,0.2,relu,,,,,,,,,,,,,,0.9802325581395349,0.9801748018461522,0.9803901890629563,0.9802325581395349,1.0,1.0,1.0,1.0,3.894761551258176e-05,6.264462471008301,58649
533,FAN,mfcc,100,0.001,32,adamw,1e-5,,,,,,,128,2,0.2,silu,,,,,,,,,,,,,,0.9825581395348837,0.9825606297174478,0.9828546866841507,0.9825581395348837,1.0,1.0,1.0,1.0,3.800419873969499e-05,5.920957803726196,58649
534,FAN,mfcc,100,0.001,32,adamw,1e-5,,,,,,,128,2,0.3,gelu,,,,,,,,,,,,,,0.9813953488372092,0.9813800928199562,0.9816173883974691,0.9813953488372092,1.0,1.0,1.0,1.0,3.8094576015028845e-05,6.004742383956909,52313
535,FAN,mfcc,100,0.001,32,adamw,1e-5,,,,,,,128,2,0.3,relu,,,,,,,,,,,,,,0.9825581395348837,0.9825408997455704,0.982731031728406,0.9825581395348837,1.0,1.0,1.0,1.0,3.7959287332934e-05,6.381754159927368,52313
536,FAN,mfcc,100,0.001,32,adamw,1e-5,,,,,,,128,2,0.3,silu,,,,,,,,,,,,,,0.9813953488372092,0.9813739637338019,0.9818215263793296,0.9813953488372092,1.0,1.0,1.0,1.0,3.7975366725478064e-05,6.2723259925842285,52313
537,FAN,mfcc,100,0.001,32,adamw,1e-5,,,,,,,128,2,0.4,gelu,,,,,,,,,,,,,,0.9825581395348837,0.9825311560388734,0.9827160217412598,0.9825581395348837,1.0,1.0,1.0,1.0,3.787390021390693e-05,6.320298194885254,45977
538,FAN,mfcc,100,0.001,32,adamw,1e-5,,,,,,,128,2,0.4,relu,,,,,,,,,,,,,,0.9813953488372092,0.9813722302132538,0.9815514225336747,0.9813953488372092,1.0,1.0,1.0,1.0,3.8549511931663334e-05,6.166297435760498,45977
539,FAN,mfcc,100,0.001,32,adamw,1e-5,,,,,,,128,2,0.4,silu,,,,,,,,,,,,,,0.9790697674418605,0.979052988068883,0.9794546309090895,0.9790697674418605,1.0,1.0,1.0,1.0,3.8078496622484784e-05,6.4156670570373535,45977
540,FAN,mfcc,100,0.001,32,adamw,1e-5,,,,,,,128,3,0.1,gelu,,,,,,,,,,,,,,0.9802325581395349,0.980220042602557,0.9803945382881623,0.9802325581395349,1.0,1.0,1.0,1.0,6.697455117868822e-05,7.53820013999939,125581
541,FAN,mfcc,100,0.001,32,adamw,1e-5,,,,,,,128,3,0.1,relu,,,,,,,,,,,,,,0.9813953488372092,0.9813899784725343,0.9817698509848677,0.9813953488372092,1.0,1.0,1.0,1.0,6.771448046662087e-05,7.546990871429443,125581
542,FAN,mfcc,100,0.001,32,adamw,1e-5,,,,,,,128,3,0.1,silu,,,,,,,,,,,,,,0.9813953488372092,0.9813609935175635,0.9816727319944163,0.9813953488372092,1.0,1.0,1.0,1.0,6.745637849319813e-05,7.773295640945435,125581
543,FAN,mfcc,100,0.001,32,adamw,1e-5,,,,,,,128,3,0.2,gelu,,,,,,,,,,,,,,0.977906976744186,0.9779004494943238,0.9782209060486334,0.977906976744186,1.0,1.0,1.0,1.0,6.664436916972316e-05,7.886558532714844,112461
544,FAN,mfcc,100,0.001,32,adamw,1e-5,,,,,,,128,3,0.2,relu,,,,,,,,,,,,,,0.9802325581395349,0.9801955156378154,0.9807025875853953,0.9802325581395349,1.0,1.0,1.0,1.0,6.750683451807776e-05,7.531116008758545,112461
545,FAN,mfcc,100,0.001,32,adamw,1e-5,,,,,,,128,3,0.2,silu,,,,,,,,,,,,,,0.9755813953488373,0.9755694973745915,0.9759320925407623,0.9755813953488373,1.0,1.0,1.0,1.0,6.7183583281761e-05,7.724937438964844,112461
546,FAN,mfcc,100,0.001,32,adamw,1e-5,,,,,,,128,3,0.3,gelu,,,,,,,,,,,,,,0.9813953488372092,0.9813639928010868,0.9815938815706257,0.9813953488372092,1.0,1.0,1.0,1.0,6.711344386256018e-05,7.790114164352417,99405
547,FAN,mfcc,100,0.001,32,adamw,1e-5,,,,,,,128,3,0.3,relu,,,,,,,,,,,,,,0.9848837209302326,0.9848848750385818,0.9850796255967615,0.9848837209302326,1.0,1.0,1.0,1.0,6.683676741844e-05,7.463243722915649,99405
548,FAN,mfcc,100,0.001,32,adamw,1e-5,,,,,,,128,3,0.3,silu,,,,,,,,,,,,,,0.9790697674418605,0.9790468862723241,0.9794997375175436,0.9790697674418605,1.0,1.0,1.0,1.0,6.705189860144327e-05,7.416101694107056,99405
549,FAN,mfcc,100,0.001,32,adamw,1e-5,,,,,,,128,3,0.4,gelu,,,,,,,,,,,,,,0.9825581395348837,0.9825182458108334,0.9828742447790897,0.9825581395348837,1.0,1.0,1.0,1.0,6.67649646138036e-05,7.372534513473511,86285
550,FAN,mfcc,100,0.001,32,adamw,1e-5,,,,,,,128,3,0.4,relu,,,,,,,,,,,,,,0.9767441860465116,0.9766825732750667,0.9769888975648428,0.9767441860465116,1.0,1.0,1.0,1.0,6.852676702100177e-05,7.6039838790893555,86285
551,FAN,mfcc,100,0.001,32,adamw,1e-5,,,,,,,128,3,0.4,silu,,,,,,,,,,,,,,0.9813953488372092,0.9813698645254665,0.981618053970302,0.9813953488372092,1.0,1.0,1.0,1.0,6.658476452494777e-05,7.57892918586731,86285
552,FAN,mfcc,100,0.001,32,adamw,1e-5,,,,,,,128,4,0.1,gelu,,,,,,,,,,,,,,0.9755813953488373,0.9755641474334249,0.9759535638929907,0.9755813953488373,1.0,1.0,1.0,1.0,9.395632632943086e-05,9.38556981086731,186242
553,FAN,mfcc,100,0.001,32,adamw,1e-5,,,,,,,128,4,0.1,relu,,,,,,,,,,,,,,0.9709302325581395,0.9709070133408986,0.9711294163420486,0.9709302325581395,1.0,1.0,1.0,1.0,9.53535700953284e-05,9.25404691696167,186242
554,FAN,mfcc,100,0.001,32,adamw,1e-5,,,,,,,128,4,0.1,silu,,,,,,,,,,,,,,0.9802325581395349,0.980235096375272,0.9804104940120241,0.9802325581395349,1.0,1.0,1.0,1.0,9.48986341786939e-05,9.424907684326172,186242
555,FAN,mfcc,100,0.001,32,adamw,1e-5,,,,,,,128,4,0.2,gelu,,,,,,,,,,,,,,0.9767441860465116,0.9766916811654226,0.9771139749457093,0.9767441860465116,1.0,1.0,1.0,1.0,9.390171184096225e-05,9.17213773727417,166338
556,FAN,mfcc,100,0.001,32,adamw,1e-5,,,,,,,128,4,0.2,relu,,,,,,,,,,,,,,0.9697674418604652,0.9697958573158564,0.9701345801953695,0.9697674418604652,1.0,1.0,1.0,1.0,9.614146032998728e-05,9.179164171218872,166338
557,FAN,mfcc,100,0.001,32,adamw,1e-5,,,,,,,128,4,0.2,silu,,,,,,,,,,,,,,0.9790697674418605,0.9791192183360419,0.9796262552384112,0.9790697674418605,1.0,1.0,1.0,1.0,9.513788445051327e-05,9.221429824829102,166338
558,FAN,mfcc,100,0.001,32,adamw,1e-5,,,,,,,128,4,0.3,gelu,,,,,,,,,,,,,,0.9813953488372092,0.9813591695439494,0.9815595417176636,0.9813953488372092,1.0,1.0,1.0,1.0,9.820793950280478e-05,9.430851697921753,146562
559,FAN,mfcc,100,0.001,32,adamw,1e-5,,,,,,,128,4,0.3,relu,,,,,,,,,,,,,,0.9813953488372092,0.9813694845150363,0.9814699352520334,0.9813953488372092,1.0,1.0,1.0,1.0,9.530727253403775e-05,9.422759771347046,146562
560,FAN,mfcc,100,0.001,32,adamw,1e-5,,,,,,,128,4,0.3,silu,,,,,,,,,,,,,,0.9790697674418605,0.9790735625462792,0.9793390322574177,0.9790697674418605,1.0,1.0,1.0,1.0,9.68553299127623e-05,9.378815412521362,146562
561,FAN,mfcc,100,0.001,32,adamw,1e-5,,,,,,,128,4,0.4,gelu,,,,,,,,,,,,,,0.9767441860465116,0.976796709639825,0.9771775552401807,0.9767441860465116,1.0,1.0,1.0,1.0,9.496683298155318e-05,9.317554235458374,126658
562,FAN,mfcc,100,0.001,32,adamw,1e-5,,,,,,,128,4,0.4,relu,,,,,,,,,,,,,,0.9767441860465116,0.9767612325480233,0.9773388784469996,0.9767441860465116,1.0,1.0,1.0,1.0,9.600811226423397e-05,9.239445686340332,126658
563,FAN,mfcc,100,0.001,32,adamw,1e-5,,,,,,,128,4,0.4,silu,,,,,,,,,,,,,,0.977906976744186,0.9778724357037659,0.9780652589412189,0.977906976744186,1.0,1.0,1.0,1.0,9.509075519650482e-05,9.28011965751648,126658
564,FAN,mfcc,100,0.001,32,adamw,1e-5,,,,,,,128,5,0.1,gelu,,,,,,,,,,,,,,0.9802325581395349,0.9802764026812656,0.9806414862878601,0.9802325581395349,1.0,1.0,1.0,1.0,0.0001225745955178904,10.677767753601074,247033
565,FAN,mfcc,100,0.001,32,adamw,1e-5,,,,,,,128,5,0.1,relu,,,,,,,,,,,,,,0.9732558139534884,0.9732304661407339,0.9737637129253497,0.9732558139534884,1.0,1.0,1.0,1.0,0.00012621103331100108,10.892294883728027,247033
566,FAN,mfcc,100,0.001,32,adamw,1e-5,,,,,,,128,5,0.1,silu,,,,,,,,,,,,,,0.9720930232558139,0.9720799324005669,0.9725365706449123,0.9720930232558139,1.0,1.0,1.0,1.0,0.00012489002804423488,10.742450475692749,247033
567,FAN,mfcc,100,0.001,32,adamw,1e-5,,,,,,,128,5,0.2,gelu,,,,,,,,,,,,,,0.9802325581395349,0.9801866297110636,0.9804356806168286,0.9802325581395349,1.0,1.0,1.0,1.0,0.00012140606724938681,10.9970064163208,220345
568,FAN,mfcc,100,0.001,32,adamw,1e-5,,,,,,,128,5,0.2,relu,,,,,,,,,,,,,,0.9732558139534884,0.973237676706416,0.973563405549387,0.9732558139534884,1.0,1.0,1.0,1.0,0.0001237059748449991,10.645720481872559,220345
569,FAN,mfcc,100,0.001,32,adamw,1e-5,,,,,,,128,5,0.2,silu,,,,,,,,,,,,,,0.9767441860465116,0.9767506190858515,0.9770927442405684,0.9767441860465116,1.0,1.0,1.0,1.0,0.00012230429538460664,10.645382404327393,220345
570,FAN,mfcc,100,0.001,32,adamw,1e-5,,,,,,,128,5,0.3,gelu,,,,,,,,,,,,,,0.9744186046511628,0.9745039089287498,0.9749672792748162,0.9744186046511628,1.0,1.0,1.0,1.0,0.00012254825858182684,10.624330282211304,193849
571,FAN,mfcc,100,0.001,32,adamw,1e-5,,,,,,,128,5,0.3,relu,,,,,,,,,,,,,,0.9720930232558139,0.9720623396248194,0.9723372747891565,0.9720930232558139,1.0,1.0,1.0,1.0,0.00012412625689839208,10.718069314956665,193849
572,FAN,mfcc,100,0.001,32,adamw,1e-5,,,,,,,128,5,0.3,silu,,,,,,,,,,,,,,0.9709302325581395,0.9709204950179304,0.9712636678122374,0.9709302325581395,1.0,1.0,1.0,1.0,0.00012314097825870957,10.688375473022461,193849
573,FAN,mfcc,100,0.001,32,adamw,1e-5,,,,,,,128,5,0.4,gelu,,,,,,,,,,,,,,0.9790697674418605,0.9791095402913725,0.9795170396725567,0.9790697674418605,1.0,1.0,1.0,1.0,0.00012299210526222406,10.640807390213013,167161
574,FAN,mfcc,100,0.001,32,adamw,1e-5,,,,,,,128,5,0.4,relu,,,,,,,,,,,,,,0.9720930232558139,0.9722289624232554,0.9728325835730975,0.9720930232558139,1.0,1.0,1.0,1.0,0.0001248659089554188,10.963559865951538,167161
575,FAN,mfcc,100,0.001,32,adamw,1e-5,,,,,,,128,5,0.4,silu,,,,,,,,,,,,,,0.9697674418604652,0.9698348951668627,0.9705094281870683,0.9697674418604652,1.0,1.0,1.0,1.0,0.00012403920639392942,10.64402961730957,167161
576,FAN,mfe,100,0.001,32,adam,1e-5,,,,,,,16,2,0.1,gelu,,,,,,,,,,,,,,0.9755813953488373,0.9756249108219871,0.9760094563039158,0.9755813953488373,0.9973806752037253,0.9973821481307387,0.9973876029799694,0.9973806752037253,3.7294487620508945e-05,6.500100374221802,10777
577,FAN,mfe,100,0.001,32,adam,1e-5,,,,,,,16,2,0.1,relu,,,,,,,,,,,,,,0.9790697674418605,0.9790436134625158,0.9792282667775659,0.9790697674418605,0.9965075669383003,0.9965106619547304,0.9965258558899168,0.9965075669383003,3.7735284760940905e-05,6.542920827865601,10777
578,FAN,mfe,100,0.001,32,adam,1e-5,,,,,,,16,2,0.1,silu,,,,,,,,,,,,,,0.9767441860465116,0.9767121597718779,0.9771574114159357,0.9767441860465116,0.9973806752037253,0.9973806899615641,0.997387707925191,0.9973806752037253,3.8140596345413566e-05,6.044494390487671,10777
579,FAN,mfe,100,0.001,32,adam,1e-5,,,,,,,16,2,0.2,gelu,,,,,,,,,,,,,,0.9709302325581395,0.9710054174633886,0.9716499993907987,0.9709302325581395,0.9944703143189756,0.9944757572698623,0.9945297989284914,0.9944703143189756,3.802055536314498e-05,6.2454962730407715,9817
580,FAN,mfe,100,0.001,32,adam,1e-5,,,,,,,16,2,0.2,relu,,,,,,,,,,,,,,0.9686046511627907,0.9687024929212179,0.9691573794799775,0.9686046511627907,0.9935972060535506,0.9936073695039866,0.9936487618790487,0.9935972060535506,3.7843682045160336e-05,6.223981142044067,9817
581,FAN,mfe,100,0.001,32,adam,1e-5,,,,,,,16,2,0.2,silu,,,,,,,,,,,,,,0.9732558139534884,0.9733894357040123,0.9739010776459364,0.9732558139534884,0.9962165308498254,0.9962161965112749,0.9962361803191804,0.9962165308498254,3.7492430487344434e-05,6.511630535125732,9817
582,FAN,mfe,100,0.001,32,adam,1e-5,,,,,,,16,2,0.3,gelu,,,,,,,,,,,,,,0.9767441860465116,0.9767506194350176,0.9771133304868738,0.9767441860465116,0.9930151338766007,0.9930190674485014,0.9930478222861819,0.9930151338766007,3.714589185492937e-05,6.458484649658203,9305
583,FAN,mfe,100,0.001,32,adam,1e-5,,,,,,,16,2,0.3,relu,,,,,,,,,,,,,,0.9697674418604652,0.9697657105634367,0.9701504987479452,0.9697674418604652,0.9950523864959255,0.995047744290879,0.9950685717963832,0.9950523864959255,3.789108853007472e-05,6.548712968826294,9305
584,FAN,mfe,100,0.001,32,adam,1e-5,,,,,,,16,2,0.3,silu,,,,,,,,,,,,,,0.9709302325581395,0.9710486412284002,0.9716234913073128,0.9709302325581395,0.9956344586728755,0.9956372023990062,0.9956677119853146,0.9956344586728755,3.7572272988252865e-05,6.523971319198608,9305
585,FAN,mfe,100,0.001,32,adam,1e-5,,,,,,,16,2,0.4,gelu,,,,,,,,,,,,,,0.9709302325581395,0.9711013692070565,0.9718595115860562,0.9709302325581395,0.9921420256111758,0.9921379112449907,0.9921529729853105,0.9921420256111758,3.8052714148233104e-05,6.360285043716431,8345
586,FAN,mfe,100,0.001,32,adam,1e-5,,,,,,,16,2,0.4,relu,,,,,,,,,,,,,,0.9627906976744186,0.9627375504325988,0.962905452462697,0.9627906976744186,0.9915599534342259,0.9915628132519002,0.9915836061510273,0.9915599534342259,3.805631815001022e-05,6.448855638504028,8345
587,FAN,mfe,100,0.001,32,adam,1e-5,,,,,,,16,2,0.4,silu,,,,,,,,,,,,,,0.9686046511627907,0.9686850557373585,0.9689073601469652,0.9686046511627907,0.9924330616996507,0.9924444768010076,0.9924892980382777,0.9924330616996507,3.7524866503338484e-05,6.471952438354492,8345
588,FAN,mfe,100,0.001,32,adam,1e-5,,,,,,,16,3,0.1,gelu,,,,,,,,,,,,,,0.9709302325581395,0.9709108094150325,0.9715082910327631,0.9709302325581395,0.9941792782305006,0.9942070971250793,0.9942975865526097,0.9941792782305006,6.503310314444608e-05,7.980821847915649,12557
589,FAN,mfe,100,0.001,32,adam,1e-5,,,,,,,16,3,0.1,relu,,,,,,,,,,,,,,0.9744186046511628,0.9744917181925766,0.9751623999748426,0.9744186046511628,0.9976717112922002,0.9976712398535347,0.9976808759768495,0.9976717112922002,6.553073262059412e-05,7.856925010681152,12557
590,FAN,mfe,100,0.001,32,adam,1e-5,,,,,,,16,3,0.1,silu,,,,,,,,,,,,,,0.9662790697674418,0.966252363370284,0.9668382560785431,0.9662790697674418,0.9991268917345751,0.9991274246042103,0.999132016604976,0.9991268917345751,6.50297763735749e-05,7.717569828033447,12557
591,FAN,mfe,100,0.001,32,adam,1e-5,,,,,,,16,3,0.2,gelu,,,,,,,,,,,,,,0.9558139534883721,0.9559626624769683,0.9574018393826876,0.9558139534883721,0.9947613504074505,0.9947645501551259,0.9947836576887348,0.9947613504074505,6.488423014796057e-05,7.78447699546814,11469
592,FAN,mfe,100,0.001,32,adam,1e-5,,,,,,,16,3,0.2,relu,,,,,,,,,,,,,,0.9732558139534884,0.9732257461028997,0.9735352074000968,0.9732558139534884,0.9950523864959255,0.9950567569155464,0.9950809730294811,0.9950523864959255,6.639402966166652e-05,7.831001281738281,11469
593,FAN,mfe,100,0.001,32,adam,1e-5,,,,,,,16,3,0.2,silu,,,,,,,,,,,,,,0.9627906976744186,0.9628651952082089,0.9637616104596756,0.9627906976744186,0.9973806752037253,0.9973820966226556,0.9973993900593013,0.9973806752037253,6.650824879491052e-05,7.655033588409424,11469
594,FAN,mfe,100,0.001,32,adam,1e-5,,,,,,,16,3,0.3,gelu,,,,,,,,,,,,,,0.9662790697674418,0.9664032493397633,0.9671078919523807,0.9662790697674418,0.9953434225844005,0.9953438869044303,0.9953504320995079,0.9953434225844005,6.574614103450332e-05,7.786258697509766,10893
595,FAN,mfe,100,0.001,32,adam,1e-5,,,,,,,16,3,0.3,relu,,,,,,,,,,,,,,0.9662790697674418,0.9662579429117135,0.9666841607535651,0.9662790697674418,0.9947613504074505,0.9947616872849493,0.9947729158961464,0.9947613504074505,6.519112476082735e-05,7.6834471225738525,10893
596,FAN,mfe,100,0.001,32,adam,1e-5,,,,,,,16,3,0.3,silu,,,,,,,,,,,,,,0.9651162790697675,0.9651689198590366,0.9657698560227314,0.9651162790697675,0.9944703143189756,0.9944741328521067,0.9944971046620299,0.9944703143189756,6.511155949082485e-05,8.022836208343506,10893
597,FAN,mfe,100,0.001,32,adam,1e-5,,,,,,,16,3,0.4,gelu,,,,,,,,,,,,,,0.9686046511627907,0.9686314621360333,0.9689313834384934,0.9686046511627907,0.9933061699650757,0.9933114343787457,0.9933348839765193,0.9933061699650757,6.664547809334689e-05,7.973405599594116,9805
598,FAN,mfe,100,0.001,32,adam,1e-5,,,,,,,16,3,0.4,relu,,,,,,,,,,,,,,0.963953488372093,0.9639621848258116,0.9647180240206431,0.963953488372093,0.989813736903376,0.9898452161399738,0.9900072575678671,0.989813736903376,6.63100286971691e-05,7.742992162704468,9805
599,FAN,mfe,100,0.001,32,adam,1e-5,,,,,,,16,3,0.4,silu,,,,,,,,,,,,,,0.9406976744186046,0.9408230303258636,0.9427755938933964,0.9406976744186046,0.9857392316647264,0.9857489556088073,0.9858420655915704,0.9857392316647264,6.508744040200876e-05,8.111199617385864,9805
600,FAN,mfe,100,0.001,32,adam,1e-5,,,,,,,16,4,0.1,gelu,,,,,,,,,,,,,,0.9686046511627907,0.9687373134212416,0.9695963726848792,0.9686046511627907,0.9965075669383003,0.9965110255664725,0.9965325749211236,0.9965075669383003,9.184354959532272e-05,9.297858953475952,14402
601,FAN,mfe,100,0.001,32,adam,1e-5,,,,,,,16,4,0.1,relu,,,,,,,,,,,,,,0.9651162790697675,0.9650988385231408,0.9654876408653987,0.9651162790697675,0.9967986030267754,0.9968013439412862,0.9968151928738317,0.9967986030267754,9.255381517632063e-05,9.307464361190796,14402
602,FAN,mfe,100,0.001,32,adam,1e-5,,,,,,,16,4,0.1,silu,,,,,,,,,,,,,,0.958139534883721,0.9581977770074834,0.9587906002575247,0.958139534883721,0.9956344586728755,0.9956403130558844,0.9956830536819857,0.9956344586728755,9.265334107155023e-05,9.538177728652954,14402
603,FAN,mfe,100,0.001,32,adam,1e-5,,,,,,,16,4,0.2,gelu,,,,,,,,,,,,,,0.9616279069767442,0.9618550448821767,0.9627239383639529,0.9616279069767442,0.9973806752037253,0.9973836123049185,0.9973982947003015,0.9973806752037253,9.648411772971929e-05,9.478289604187012,13186
604,FAN,mfe,100,0.001,32,adam,1e-5,,,,,,,16,4,0.2,relu,,,,,,,,,,,,,,0.9616279069767442,0.9616515944553378,0.962270175353282,0.9616279069767442,0.9944703143189756,0.9944738240104486,0.9944925468343973,0.9944703143189756,9.276645128117051e-05,9.494591474533081,13186
605,FAN,mfe,100,0.001,32,adam,1e-5,,,,,,,16,4,0.2,silu,,,,,,,,,,,,,,0.9627906976744186,0.9629404468093336,0.9638391452653517,0.9627906976744186,0.9991268917345751,0.999126910686387,0.9991299488724474,0.9991268917345751,9.246094282283339e-05,9.504445791244507,13186
606,FAN,mfe,100,0.001,32,adam,1e-5,,,,,,,16,4,0.3,gelu,,,,,,,,,,,,,,0.9523255813953488,0.9523932518730661,0.9529350503317372,0.9523255813953488,0.9962165308498254,0.9962151854356047,0.9962219815745489,0.9962165308498254,9.226965349774028e-05,9.41214895248413,12546
607,FAN,mfe,100,0.001,32,adam,1e-5,,,,,,,16,4,0.3,relu,,,,,,,,,,,,,,0.963953488372093,0.9639728275654242,0.9642622345139197,0.963953488372093,0.9962165308498254,0.9962205390075359,0.9962326072616883,0.9962165308498254,9.31063363718432e-05,9.550549030303955,12546
608,FAN,mfe,100,0.001,32,adam,1e-5,,,,,,,16,4,0.3,silu,,,,,,,,,,,,,,0.9534883720930233,0.9536011581487057,0.9546180261365361,0.9534883720930233,0.9962165308498254,0.9962165625701038,0.996218585271353,0.9962165308498254,9.161012117252793e-05,9.530685186386108,12546
609,FAN,mfe,100,0.001,32,adam,1e-5,,,,,,,16,4,0.4,gelu,,,,,,,,,,,,,,0.9441860465116279,0.9445810188982556,0.9468861801690833,0.9441860465116279,0.9941792782305006,0.994197609041862,0.9942871638038211,0.9941792782305006,9.111027384913244e-05,9.497995376586914,11330
610,FAN,mfe,100,0.001,32,adam,1e-5,,,,,,,16,4,0.4,relu,,,,,,,,,,,,,,0.9686046511627907,0.9687114856921011,0.969690391356611,0.9686046511627907,0.9918509895227008,0.9918604615044601,0.9919086411180948,0.9918509895227008,9.292502735936364e-05,9.56493878364563,11330
611,FAN,mfe,100,0.001,32,adam,1e-5,,,,,,,16,4,0.4,silu,,,,,,,,,,,,,,0.9604651162790697,0.9605036169009524,0.9607844206864876,0.9604651162790697,0.9918509895227008,0.9918597062814294,0.9919003701191969,0.9918509895227008,9.201570998790653e-05,9.56079387664795,11330
612,FAN,mfe,100,0.001,32,adam,1e-5,,,,,,,16,5,0.1,gelu,,,,,,,,,,,,,,0.95,0.9499498680251479,0.9506914963168122,0.95,0.9921420256111758,0.9921498609236888,0.9922778146888245,0.9921420256111758,0.00011804408805314885,10.687694072723389,16377
613,FAN,mfe,100,0.001,32,adam,1e-5,,,,,,,16,5,0.1,relu,,,,,,,,,,,,,,0.9697674418604652,0.969861137987395,0.9701766072108367,0.9697674418604652,0.9982537834691502,0.9982576526534213,0.9982791496331271,0.9982537834691502,0.0001186370849609375,10.860341548919678,16377
614,FAN,mfe,100,0.001,32,adam,1e-5,,,,,,,16,5,0.1,silu,,,,,,,,,,,,,,0.9651162790697675,0.9652860260255557,0.9664227636810465,0.9651162790697675,0.9979627473806753,0.9979628717495467,0.9979702058217446,0.9979627473806753,0.00011925614157388377,10.80142855644226,16377
615,FAN,mfe,100,0.001,32,adam,1e-5,,,,,,,16,5,0.2,gelu,,,,,,,,,,,,,,0.9662790697674418,0.9663523778478827,0.9669498832917334,0.9662790697674418,0.9953434225844005,0.9953503227607287,0.9953944035208243,0.9953434225844005,0.00011885471122209416,11.033357381820679,15033
616,FAN,mfe,100,0.001,32,adam,1e-5,,,,,,,16,5,0.2,relu,,,,,,,,,,,,,,0.9627906976744186,0.9628548007083664,0.9636805586416115,0.9627906976744186,0.9924330616996507,0.9924501072666567,0.9925037675750045,0.9924330616996507,0.00012016130048175191,10.70654821395874,15033
617,FAN,mfe,100,0.001,32,adam,1e-5,,,,,,,16,5,0.2,silu,,,,,,,,,,,,,,0.9546511627906977,0.9545090477586208,0.9547177205079832,0.9546511627906977,0.9979627473806753,0.997963214773732,0.9979696007441115,0.9979627473806753,0.0001192988351333973,10.752217292785645,15033
618,FAN,mfe,100,0.001,32,adam,1e-5,,,,,,,16,5,0.3,gelu,,,,,,,,,,,,,,0.9476744186046512,0.9478267774067516,0.9492715533344022,0.9476744186046512,0.9953434225844005,0.9953504299031072,0.9953755299953524,0.9953434225844005,0.0001178472541099371,10.760056257247925,14329
619,FAN,mfe,100,0.001,32,adam,1e-5,,,,,,,16,5,0.3,relu,,,,,,,,,,,,,,0.9604651162790697,0.9607039792584567,0.9624385861352254,0.9604651162790697,0.9935972060535506,0.9936061313718412,0.9936451555766284,0.9935972060535506,0.00012047069017277207,10.930590152740479,14329
620,FAN,mfe,100,0.001,32,adam,1e-5,,,,,,,16,5,0.3,silu,,,,,,,,,,,,,,0.958139534883721,0.9580594578423999,0.958793272536239,0.958139534883721,0.9970896391152503,0.9970925349286229,0.9971043879027538,0.9970896391152503,0.0001194208167320074,10.805281639099121,14329
621,FAN,mfe,100,0.001,32,adam,1e-5,,,,,,,16,5,0.4,gelu,,,,,,,,,,,,,,0.9523255813953488,0.9525664812334074,0.9541888059258861,0.9523255813953488,0.9909778812572759,0.9910375298117037,0.991235830843485,0.9909778812572759,0.00012211938237034997,10.79259729385376,12985
622,FAN,mfe,100,0.001,32,adam,1e-5,,,,,,,16,5,0.4,relu,,,,,,,,,,,,,,0.9511627906976744,0.951595276093758,0.9536806704702451,0.9511627906976744,0.9906868451688009,0.9907148583341874,0.9908029822589792,0.9906868451688009,0.00012071243552274483,10.771548748016357,12985
623,FAN,mfe,100,0.001,32,adam,1e-5,,,,,,,16,5,0.4,silu,,,,,,,,,,,,,,0.9523255813953488,0.9524155109655467,0.9533133590857572,0.9523255813953488,0.9944703143189756,0.9944747331220216,0.9944870794702196,0.9944703143189756,0.0001187468683996866,10.886816263198853,12985
624,FAN,mfe,100,0.001,32,adam,1e-5,,,,,,,32,2,0.1,gelu,,,,,,,,,,,,,,0.977906976744186,0.9779082257907408,0.9781900003778393,0.977906976744186,0.9994179278230501,0.9994179154920947,0.9994189143860618,0.9994179278230501,3.7290051926014036e-05,6.492902755737305,18329
625,FAN,mfe,100,0.001,32,adam,1e-5,,,,,,,32,2,0.1,relu,,,,,,,,,,,,,,0.9813953488372092,0.9813861463719653,0.9818319074251871,0.9813953488372092,0.9997089639115251,0.9997089728406285,0.9997099996271424,0.9997089639115251,3.7814018338225606e-05,6.159043550491333,18329
626,FAN,mfe,100,0.001,32,adam,1e-5,,,,,,,32,2,0.1,silu,,,,,,,,,,,,,,0.9790697674418605,0.9790778402085144,0.9796088707719182,0.9790697674418605,1.0,1.0,1.0,1.0,3.759361976800963e-05,6.466465711593628,18329
627,FAN,mfe,100,0.001,32,adam,1e-5,,,,,,,32,2,0.2,gelu,,,,,,,,,,,,,,0.9767441860465116,0.9766791790369206,0.9769413593891209,0.9767441860465116,0.9988358556461001,0.9988364441240246,0.9988411870973407,0.9988358556461001,3.783397896345272e-05,6.226423263549805,16857
628,FAN,mfe,100,0.001,32,adam,1e-5,,,,,,,32,2,0.2,relu,,,,,,,,,,,,,,0.9755813953488373,0.9757071381876438,0.9763805586954917,0.9755813953488373,0.9994179278230501,0.9994179473395188,0.9994190057344888,0.9994179278230501,3.935292709705441e-05,6.158430099487305,16857
629,FAN,mfe,100,0.001,32,adam,1e-5,,,,,,,32,2,0.2,silu,,,,,,,,,,,,,,0.977906976744186,0.9778958172476256,0.9781703325010309,0.977906976744186,0.9962165308498254,0.9962160453253752,0.9962235813286044,0.9962165308498254,3.7814018338225606e-05,6.42917275428772,16857
630,FAN,mfe,100,0.001,32,adam,1e-5,,,,,,,32,2,0.3,gelu,,,,,,,,,,,,,,0.977906976744186,0.9778966413989433,0.9780915351036648,0.977906976744186,0.9982537834691502,0.9982531576277407,0.9982606862142214,0.9982537834691502,3.757310468097066e-05,6.582057476043701,15385
631,FAN,mfe,100,0.001,32,adam,1e-5,,,,,,,32,2,0.3,relu,,,,,,,,,,,,,,0.9744186046511628,0.9744304400850149,0.9748378230771529,0.9744186046511628,0.9985448195576252,0.9985428069554054,0.9985447975967809,0.9985448195576252,3.847382789434389e-05,6.311978816986084,15385
632,FAN,mfe,100,0.001,32,adam,1e-5,,,,,,,32,2,0.3,silu,,,,,,,,,,,,,,0.9755813953488373,0.975645845261465,0.9760607061884415,0.9755813953488373,0.9994179278230501,0.9994179144669525,0.9994199464289288,0.9994179278230501,3.913585529770962e-05,6.1068854331970215,15385
633,FAN,mfe,100,0.001,32,adam,1e-5,,,,,,,32,2,0.4,gelu,,,,,,,,,,,,,,0.9802325581395349,0.98024559843533,0.9806863580489422,0.9802325581395349,0.9947613504074505,0.9947618752614467,0.9947816209781821,0.9947613504074505,3.7195238956185275e-05,6.306139707565308,13913
634,FAN,mfe,100,0.001,32,adam,1e-5,,,,,,,32,2,0.4,relu,,,,,,,,,,,,,,0.9744186046511628,0.9744204683643956,0.9748687789869088,0.9744186046511628,0.9962165308498254,0.9962177163850758,0.9962361803879112,0.9962165308498254,3.7670412728952804e-05,6.143800973892212,13913
635,FAN,mfe,100,0.001,32,adam,1e-5,,,,,,,32,2,0.4,silu,,,,,,,,,,,,,,0.9720930232558139,0.9722518846195574,0.9729170528304981,0.9720930232558139,0.9947613504074505,0.9947619191746676,0.9947766192881683,0.9947613504074505,3.792906916418741e-05,6.527280569076538,13913
636,FAN,mfe,100,0.001,32,adam,1e-5,,,,,,,32,3,0.1,gelu,,,,,,,,,,,,,,0.9720930232558139,0.9722216462859614,0.9731916815179649,0.9720930232558139,1.0,1.0,1.0,1.0,6.52684721835824e-05,7.583182096481323,22925
637,FAN,mfe,100,0.001,32,adam,1e-5,,,,,,,32,3,0.1,relu,,,,,,,,,,,,,,0.977906976744186,0.9778983825574564,0.978439311329231,0.977906976744186,1.0,1.0,1.0,1.0,6.632693978243095e-05,7.915547132492065,22925
638,FAN,mfe,100,0.001,32,adam,1e-5,,,,,,,32,3,0.1,silu,,,,,,,,,,,,,,0.9744186046511628,0.9743868558460583,0.9748256514233333,0.9744186046511628,1.0,1.0,1.0,1.0,6.476834762928098e-05,7.637862682342529,22925
639,FAN,mfe,100,0.001,32,adam,1e-5,,,,,,,32,3,0.2,gelu,,,,,,,,,,,,,,0.9755813953488373,0.9756036832739804,0.9759087251741824,0.9755813953488373,0.9985448195576252,0.9985433124262619,0.9985518993997851,0.9985448195576252,6.62407209706861e-05,7.793165445327759,21069
640,FAN,mfe,100,0.001,32,adam,1e-5,,,,,,,32,3,0.2,relu,,,,,,,,,,,,,,0.9767441860465116,0.9767894331431991,0.9771824708456904,0.9767441860465116,1.0,1.0,1.0,1.0,6.696429363516874e-05,7.867774248123169,21069
641,FAN,mfe,100,0.001,32,adam,1e-5,,,,,,,32,3,0.2,silu,,,,,,,,,,,,,,0.9720930232558139,0.9720321904750285,0.9725430759784216,0.9720930232558139,0.9979627473806753,0.9979642490149075,0.9979748437728663,0.9979627473806753,6.560946619787882e-05,7.57343602180481,21069
642,FAN,mfe,100,0.001,32,adam,1e-5,,,,,,,32,3,0.3,gelu,,,,,,,,,,,,,,0.9709302325581395,0.9710327205081959,0.9714118772172187,0.9709302325581395,0.9967986030267754,0.9968014133890808,0.9968162311665182,0.9967986030267754,6.569568500962368e-05,8.022645235061646,19149
643,FAN,mfe,100,0.001,32,adam,1e-5,,,,,,,32,3,0.3,relu,,,,,,,,,,,,,,0.977906976744186,0.9779211058347492,0.9783072227006951,0.977906976744186,0.9991268917345751,0.9991268940858672,0.9991288911458497,0.9991268917345751,6.62096711092217e-05,8.024597883224487,19149
644,FAN,mfe,100,0.001,32,adam,1e-5,,,,,,,32,3,0.3,silu,,,,,,,,,,,,,,0.9802325581395349,0.9802203820010691,0.9804495883776478,0.9802325581395349,1.0,1.0,1.0,1.0,6.587477617485579e-05,7.927185773849487,19149
645,FAN,mfe,100,0.001,32,adam,1e-5,,,,,,,32,3,0.4,gelu,,,,,,,,,,,,,,0.9767441860465116,0.9767216925200608,0.9775475544749989,0.9767441860465116,1.0,1.0,1.0,1.0,6.544201873069586e-05,8.089863538742065,17293
646,FAN,mfe,100,0.001,32,adam,1e-5,,,,,,,32,3,0.4,relu,,,,,,,,,,,,,,0.9790697674418605,0.9790068876435154,0.9793198047980739,0.9790697674418605,1.0,1.0,1.0,1.0,6.608159043068109e-05,7.872314453125,17293
647,FAN,mfe,100,0.001,32,adam,1e-5,,,,,,,32,3,0.4,silu,,,,,,,,,,,,,,0.9755813953488373,0.9755947793719736,0.9757408206986616,0.9755813953488373,0.9962165308498254,0.9962145956726098,0.996235354002028,0.9962165308498254,6.68730846671171e-05,8.07032322883606,17293
648,FAN,mfe,100,0.001,32,adam,1e-5,,,,,,,32,4,0.1,gelu,,,,,,,,,,,,,,0.9697674418604652,0.9697475238658733,0.9701177240182463,0.9697674418604652,0.9959254947613504,0.9959272315307091,0.9959475966146748,0.9959254947613504,9.204260138578194e-05,9.479273557662964,27586
649,FAN,mfe,100,0.001,32,adam,1e-5,,,,,,,32,4,0.1,relu,,,,,,,,,,,,,,0.9720930232558139,0.9720472419688242,0.9724426577996877,0.9720930232558139,1.0,1.0,1.0,1.0,9.820100873015648e-05,9.573472261428833,27586
650,FAN,mfe,100,0.001,32,adam,1e-5,,,,,,,32,4,0.1,silu,,,,,,,,,,,,,,0.9732558139534884,0.9732689311804377,0.9736048038904828,0.9732558139534884,1.0,1.0,1.0,1.0,9.356792583022007e-05,9.559268951416016,27586
651,FAN,mfe,100,0.001,32,adam,1e-5,,,,,,,32,4,0.2,gelu,,,,,,,,,,,,,,0.9709302325581395,0.9708938205154246,0.971580134472553,0.9709302325581395,0.9962165308498254,0.9962206589177169,0.9962468807552901,0.9962165308498254,9.21132952667946e-05,9.30259084701538,25346
652,FAN,mfe,100,0.001,32,adam,1e-5,,,,,,,32,4,0.2,relu,,,,,,,,,,,,,,0.9755813953488373,0.9755506593028024,0.9761209125135416,0.9755813953488373,1.0,1.0,1.0,1.0,9.451938229937886e-05,9.513086795806885,25346
653,FAN,mfe,100,0.001,32,adam,1e-5,,,,,,,32,4,0.2,silu,,,,,,,,,,,,,,0.9767441860465116,0.9767854635413089,0.9773491271266765,0.9767441860465116,1.0,1.0,1.0,1.0,9.238775386366733e-05,9.30771780014038,25346
654,FAN,mfe,100,0.001,32,adam,1e-5,,,,,,,32,4,0.3,gelu,,,,,,,,,,,,,,0.9720930232558139,0.9721577443666591,0.9724556097110311,0.9720930232558139,1.0,1.0,1.0,1.0,9.275148081225018e-05,9.395148277282715,22978
655,FAN,mfe,100,0.001,32,adam,1e-5,,,,,,,32,4,0.3,relu,,,,,,,,,,,,,,0.9813953488372092,0.9814580396452146,0.9818218497758511,0.9813953488372092,1.0,1.0,1.0,1.0,9.260676627935365e-05,9.540189981460571,22978
656,FAN,mfe,100,0.001,32,adam,1e-5,,,,,,,32,4,0.3,silu,,,,,,,,,,,,,,0.9709302325581395,0.9709879871562821,0.9713456059224915,0.9709302325581395,0.9982537834691502,0.9982521498473882,0.9982586398351961,0.9982537834691502,9.327683337899142e-05,9.353488445281982,22978
657,FAN,mfe,100,0.001,32,adam,1e-5,,,,,,,32,4,0.4,gelu,,,,,,,,,,,,,,0.963953488372093,0.9640548741247177,0.9649600050537386,0.963953488372093,0.9979627473806753,0.9979644524542403,0.9979765054227174,0.9979627473806753,9.244763573934866e-05,9.325770616531372,20738
658,FAN,mfe,100,0.001,32,adam,1e-5,,,,,,,32,4,0.4,relu,,,,,,,,,,,,,,0.9686046511627907,0.9687005889575473,0.9693315013220153,0.9686046511627907,0.9991268917345751,0.9991269204756216,0.9991320064690545,0.9991268917345751,9.206810662912767e-05,9.472284078598022,20738
659,FAN,mfe,100,0.001,32,adam,1e-5,,,,,,,32,4,0.4,silu,,,,,,,,,,,,,,0.977906976744186,0.9779948641395292,0.9784560891234867,0.977906976744186,0.9967986030267754,0.9968028545071691,0.9968198284908374,0.9967986030267754,9.352440057798873e-05,9.474122524261475,20738
660,FAN,mfe,100,0.001,32,adam,1e-5,,,,,,,32,5,0.1,gelu,,,,,,,,,,,,,,0.9709302325581395,0.9710083396737388,0.9719124217711592,0.9709302325581395,0.9997089639115251,0.9997089515805696,0.9997099504745367,0.9997089639115251,0.00011924616126127021,10.88459587097168,32377
661,FAN,mfe,100,0.001,32,adam,1e-5,,,,,,,32,5,0.1,relu,,,,,,,,,,,,,,0.9709302325581395,0.9711439187711034,0.9724513975857048,0.9709302325581395,1.0,1.0,1.0,1.0,0.0001194579656734023,10.805791139602661,32377
662,FAN,mfe,100,0.001,32,adam,1e-5,,,,,,,32,5,0.1,silu,,,,,,,,,,,,,,0.9697674418604652,0.9696610610579777,0.970010470497911,0.9697674418604652,0.9991268917345751,0.9991268844111996,0.9991298716262659,0.9991268917345751,0.00012561997701955396,10.712627410888672,32377
663,FAN,mfe,100,0.001,32,adam,1e-5,,,,,,,32,5,0.2,gelu,,,,,,,,,,,,,,0.9662790697674418,0.9662469291314751,0.9669384332337927,0.9662790697674418,1.0,1.0,1.0,1.0,0.00011920346770175668,10.754925012588501,29753
664,FAN,mfe,100,0.001,32,adam,1e-5,,,,,,,32,5,0.2,relu,,,,,,,,,,,,,,0.9686046511627907,0.9686952927338692,0.9695185745823559,0.9686046511627907,0.9967986030267754,0.9967992315337988,0.9968129663506924,0.9967986030267754,0.00011992288190265035,10.817377805709839,29753
665,FAN,mfe,100,0.001,32,adam,1e-5,,,,,,,32,5,0.2,silu,,,,,,,,,,,,,,0.9744186046511628,0.9744280688256597,0.9747387880209056,0.9744186046511628,1.0,1.0,1.0,1.0,0.00011997666469840116,10.863921880722046,29753
666,FAN,mfe,100,0.001,32,adam,1e-5,,,,,,,32,5,0.3,gelu,,,,,,,,,,,,,,0.9744186046511628,0.9744432316309685,0.9751627900583737,0.9744186046511628,1.0,1.0,1.0,1.0,0.00011870472930198493,10.853430986404419,26937
667,FAN,mfe,100,0.001,32,adam,1e-5,,,,,,,32,5,0.3,relu,,,,,,,,,,,,,,0.9709302325581395,0.9710147865322799,0.9714076298378624,0.9709302325581395,0.9994179278230501,0.9994179322687889,0.9994199602376006,0.9994179278230501,0.00012021674666293832,10.788984060287476,26937
668,FAN,mfe,100,0.001,32,adam,1e-5,,,,,,,32,5,0.3,silu,,,,,,,,,,,,,,0.9674418604651163,0.9674238925896943,0.9676602936609817,0.9674418604651163,1.0,1.0,1.0,1.0,0.00011976291966992756,10.8590829372406,26937
669,FAN,mfe,100,0.001,32,adam,1e-5,,,,,,,32,5,0.4,gelu,,,,,,,,,,,,,,0.9709302325581395,0.9709925293924451,0.9713296953200334,0.9709302325581395,0.9950523864959255,0.9950587028299863,0.9950803472945001,0.9950523864959255,0.00011823232783827671,10.89671015739441,24313
670,FAN,mfe,100,0.001,32,adam,1e-5,,,,,,,32,5,0.4,relu,,,,,,,,,,,,,,0.9593023255813954,0.959493386623594,0.9603035603847038,0.9593023255813954,0.9944703143189756,0.994471274328635,0.9944836863637757,0.9944703143189756,0.00012053972066834915,10.985983848571777,24313
671,FAN,mfe,100,0.001,32,adam,1e-5,,,,,,,32,5,0.4,silu,,,,,,,,,,,,,,0.9627906976744186,0.9627939913097521,0.9635834684572075,0.9627906976744186,0.9947613504074505,0.9947651179134303,0.9947880492615704,0.9947613504074505,0.00011904128762178643,10.619913578033447,24313
672,FAN,mfe,100,0.001,32,adam,1e-5,,,,,,,64,2,0.1,gelu,,,,,,,,,,,,,,0.986046511627907,0.9859939362581583,0.9861683578420739,0.986046511627907,1.0,1.0,1.0,1.0,3.7787958633067996e-05,6.238401412963867,33881
673,FAN,mfe,100,0.001,32,adam,1e-5,,,,,,,64,2,0.1,relu,,,,,,,,,,,,,,0.9837209302325581,0.9836218730074895,0.9837600964415567,0.9837209302325581,1.0,1.0,1.0,1.0,3.78009884856468e-05,6.441320180892944,33881
674,FAN,mfe,100,0.001,32,adam,1e-5,,,,,,,64,2,0.1,silu,,,,,,,,,,,,,,0.9813953488372092,0.9813321949034781,0.9815575549128378,0.9813953488372092,1.0,1.0,1.0,1.0,3.746248954950377e-05,6.252815008163452,33881
675,FAN,mfe,100,0.001,32,adam,1e-5,,,,,,,64,2,0.2,gelu,,,,,,,,,,,,,,0.9837209302325581,0.9836798709799371,0.9838212324782505,0.9837209302325581,1.0,1.0,1.0,1.0,3.762855086215707e-05,5.947295427322388,30937
676,FAN,mfe,100,0.001,32,adam,1e-5,,,,,,,64,2,0.2,relu,,,,,,,,,,,,,,0.977906976744186,0.9779454403028759,0.9783582400701768,0.977906976744186,0.9991268917345751,0.999127413821955,0.9991320410344818,0.9991268917345751,3.9154706999313e-05,5.982004165649414,30937
677,FAN,mfe,100,0.001,32,adam,1e-5,,,,,,,64,2,0.2,silu,,,,,,,,,,,,,,0.9825581395348837,0.9825889023360758,0.9829529943017826,0.9825581395348837,1.0,1.0,1.0,1.0,3.78095826437307e-05,6.042748689651489,30937
678,FAN,mfe,100,0.001,32,adam,1e-5,,,,,,,64,2,0.3,gelu,,,,,,,,,,,,,,0.9813953488372092,0.9813093604997611,0.9817256489945761,0.9813953488372092,1.0,1.0,1.0,1.0,4.325328871261242e-05,5.992452621459961,27545
679,FAN,mfe,100,0.001,32,adam,1e-5,,,,,,,64,2,0.3,relu,,,,,,,,,,,,,,0.9744186046511628,0.9744731352817277,0.9748557094685844,0.9744186046511628,1.0,1.0,1.0,1.0,3.8092358167781384e-05,5.994130611419678,27545
680,FAN,mfe,100,0.001,32,adam,1e-5,,,,,,,64,2,0.3,silu,,,,,,,,,,,,,,0.9720930232558139,0.9721724928957344,0.9729086452943873,0.9720930232558139,0.9994179278230501,0.9994184986275584,0.9994222235586733,0.9994179278230501,3.8717513860658155e-05,6.4779579639434814,27545
681,FAN,mfe,100,0.001,32,adam,1e-5,,,,,,,64,2,0.4,gelu,,,,,,,,,,,,,,0.9709302325581395,0.9709511834360761,0.9713069002363239,0.9709302325581395,0.9962165308498254,0.9962246982489378,0.9962629352202881,0.9962165308498254,3.745029138964276e-05,6.490926504135132,24601
682,FAN,mfe,100,0.001,32,adam,1e-5,,,,,,,64,2,0.4,relu,,,,,,,,,,,,,,0.9790697674418605,0.9790309635205142,0.9793314541456297,0.9790697674418605,0.9979627473806753,0.9979671411948824,0.9979865757396861,0.9979627473806753,3.805992215178733e-05,6.248708963394165,24601
683,FAN,mfe,100,0.001,32,adam,1e-5,,,,,,,64,2,0.4,silu,,,,,,,,,,,,,,0.9848837209302326,0.9849502904745537,0.985433982014712,0.9848837209302326,1.0,1.0,1.0,1.0,3.786891005760015e-05,6.150090217590332,24601
684,FAN,mfe,100,0.001,32,adam,1e-5,,,,,,,64,3,0.1,gelu,,,,,,,,,,,,,,0.9813953488372092,0.9813952748968253,0.9819067484423162,0.9813953488372092,1.0,1.0,1.0,1.0,6.565909053004065e-05,7.745895862579346,49741
685,FAN,mfe,100,0.001,32,adam,1e-5,,,,,,,64,3,0.1,relu,,,,,,,,,,,,,,0.977906976744186,0.9778680163999907,0.9783218175317773,0.977906976744186,1.0,1.0,1.0,1.0,6.601255993510401e-05,7.8741559982299805,49741
686,FAN,mfe,100,0.001,32,adam,1e-5,,,,,,,64,3,0.1,silu,,,,,,,,,,,,,,0.9767441860465116,0.9767550710128394,0.9772651967809661,0.9767441860465116,1.0,1.0,1.0,1.0,6.638488104177076e-05,7.8578855991363525,49741
687,FAN,mfe,100,0.001,32,adam,1e-5,,,,,,,64,3,0.2,gelu,,,,,,,,,,,,,,0.9825581395348837,0.9826020364802045,0.9830957680565233,0.9825581395348837,1.0,1.0,1.0,1.0,6.621272064918695e-05,7.563420295715332,45197
688,FAN,mfe,100,0.001,32,adam,1e-5,,,,,,,64,3,0.2,relu,,,,,,,,,,,,,,0.977906976744186,0.9778757707354911,0.9784471561715268,0.977906976744186,1.0,1.0,1.0,1.0,6.797175074732581e-05,7.836505889892578,45197
689,FAN,mfe,100,0.001,32,adam,1e-5,,,,,,,64,3,0.2,silu,,,,,,,,,,,,,,0.9813953488372092,0.9814298817363348,0.9819855910573646,0.9813953488372092,1.0,1.0,1.0,1.0,6.572673487108807e-05,7.675410032272339,45197
690,FAN,mfe,100,0.001,32,adam,1e-5,,,,,,,64,3,0.3,gelu,,,,,,,,,,,,,,0.9744186046511628,0.9744777568550453,0.9754947494539042,0.9744186046511628,1.0,1.0,1.0,1.0,6.502229113911473e-05,7.943225860595703,39949
691,FAN,mfe,100,0.001,32,adam,1e-5,,,,,,,64,3,0.3,relu,,,,,,,,,,,,,,0.9825581395348837,0.9825024885261848,0.9827735495981644,0.9825581395348837,1.0,1.0,1.0,1.0,7.032294606053552e-05,7.851899147033691,39949
692,FAN,mfe,100,0.001,32,adam,1e-5,,,,,,,64,3,0.3,silu,,,,,,,,,,,,,,0.9813953488372092,0.9813714320964905,0.981650932121956,0.9813953488372092,1.0,1.0,1.0,1.0,6.510656933451808e-05,7.7690534591674805,39949
693,FAN,mfe,100,0.001,32,adam,1e-5,,,,,,,64,3,0.4,gelu,,,,,,,,,,,,,,0.9790697674418605,0.9790983778278498,0.9794122013738581,0.9790697674418605,1.0,1.0,1.0,1.0,6.481769473053688e-05,7.8405985832214355,35405
694,FAN,mfe,100,0.001,32,adam,1e-5,,,,,,,64,3,0.4,relu,,,,,,,,,,,,,,0.9755813953488373,0.9756743845564319,0.9761598211136091,0.9755813953488373,0.9967986030267754,0.9968178754903346,0.9968923244916169,0.9967986030267754,6.575917088708212e-05,7.938676834106445,35405
695,FAN,mfe,100,0.001,32,adam,1e-5,,,,,,,64,3,0.4,silu,,,,,,,,,,,,,,0.9802325581395349,0.9801928223998713,0.9804508719563905,0.9802325581395349,1.0,1.0,1.0,1.0,6.771503492843273e-05,7.854595422744751,35405
696,FAN,mfe,100,0.001,32,adam,1e-5,,,,,,,64,4,0.1,gelu,,,,,,,,,,,,,,0.9755813953488373,0.9755468015142769,0.9760851809819461,0.9755813953488373,1.0,1.0,1.0,1.0,9.195555088131926e-05,9.465234994888306,65666
697,FAN,mfe,100,0.001,32,adam,1e-5,,,,,,,64,4,0.1,relu,,,,,,,,,,,,,,0.9802325581395349,0.9803086148651008,0.9807754974923238,0.9802325581395349,1.0,1.0,1.0,1.0,9.290173996326535e-05,9.503955125808716,65666
698,FAN,mfe,100,0.001,32,adam,1e-5,,,,,,,64,4,0.1,silu,,,,,,,,,,,,,,0.9802325581395349,0.9802232376216344,0.9804430825275671,0.9802325581395349,1.0,1.0,1.0,1.0,9.333837864010833e-05,9.512910604476929,65666
699,FAN,mfe,100,0.001,32,adam,1e-5,,,,,,,64,4,0.2,gelu,,,,,,,,,,,,,,0.9732558139534884,0.9732720221468687,0.973758495318038,0.9732558139534884,1.0,1.0,1.0,1.0,9.291366089222044e-05,9.512364864349365,59522
700,FAN,mfe,100,0.001,32,adam,1e-5,,,,,,,64,4,0.2,relu,,,,,,,,,,,,,,0.9732558139534884,0.9733105644731208,0.9740895834919887,0.9732558139534884,1.0,1.0,1.0,1.0,9.286043255828147e-05,9.340231657028198,59522
701,FAN,mfe,100,0.001,32,adam,1e-5,,,,,,,64,4,0.2,silu,,,,,,,,,,,,,,0.9720930232558139,0.9719988875670474,0.9722517407682096,0.9720930232558139,1.0,1.0,1.0,1.0,9.264474691346634e-05,9.365510940551758,59522
702,FAN,mfe,100,0.001,32,adam,1e-5,,,,,,,64,4,0.3,gelu,,,,,,,,,,,,,,0.9732558139534884,0.9733113826725817,0.974394434263331,0.9732558139534884,1.0,1.0,1.0,1.0,9.236529816028684e-05,9.39371633529663,52418
703,FAN,mfe,100,0.001,32,adam,1e-5,,,,,,,64,4,0.3,relu,,,,,,,,,,,,,,0.9732558139534884,0.9731856099502987,0.9735536139729485,0.9732558139534884,1.0,1.0,1.0,1.0,9.358095568279887e-05,9.506596565246582,52418
704,FAN,mfe,100,0.001,32,adam,1e-5,,,,,,,64,4,0.3,silu,,,,,,,,,,,,,,0.9720930232558139,0.9722029390761519,0.9727510487070669,0.9720930232558139,1.0,1.0,1.0,1.0,9.253773578377657e-05,9.326668500900269,52418
705,FAN,mfe,100,0.001,32,adam,1e-5,,,,,,,64,4,0.4,gelu,,,,,,,,,,,,,,0.9813953488372092,0.9814223332076224,0.9820114594526805,0.9813953488372092,1.0,1.0,1.0,1.0,9.262561798095703e-05,9.492678880691528,46274
706,FAN,mfe,100,0.001,32,adam,1e-5,,,,,,,64,4,0.4,relu,,,,,,,,,,,,,,0.9802325581395349,0.9801879076712972,0.9805635609069847,0.9802325581395349,1.0,1.0,1.0,1.0,9.275952050852221e-05,9.550880193710327,46274
707,FAN,mfe,100,0.001,32,adam,1e-5,,,,,,,64,4,0.4,silu,,,,,,,,,,,,,,0.9767441860465116,0.9767239885278333,0.9772914920818668,0.9767441860465116,1.0,1.0,1.0,1.0,9.283964024033657e-05,9.415100574493408,46274
708,FAN,mfe,100,0.001,32,adam,1e-5,,,,,,,64,5,0.1,gelu,,,,,,,,,,,,,,0.9755813953488373,0.9755500790876787,0.9759874541661491,0.9755813953488373,1.0,1.0,1.0,1.0,0.00011819102043329283,10.960952043533325,81721
709,FAN,mfe,100,0.001,32,adam,1e-5,,,,,,,64,5,0.1,relu,,,,,,,,,,,,,,0.9744186046511628,0.9745325605632899,0.9752730626993102,0.9744186046511628,1.0,1.0,1.0,1.0,0.00011991234712822493,10.98599910736084,81721
710,FAN,mfe,100,0.001,32,adam,1e-5,,,,,,,64,5,0.1,silu,,,,,,,,,,,,,,0.977906976744186,0.9779864368090765,0.9785439286366532,0.977906976744186,1.0,1.0,1.0,1.0,0.00011995005053143169,10.806537628173828,81721
711,FAN,mfe,100,0.001,32,adam,1e-5,,,,,,,64,5,0.2,gelu,,,,,,,,,,,,,,0.9697674418604652,0.9697022245033828,0.970336238185086,0.9697674418604652,1.0,1.0,1.0,1.0,0.00011920069539269736,10.719309568405151,73977
712,FAN,mfe,100,0.001,32,adam,1e-5,,,,,,,64,5,0.2,relu,,,,,,,,,,,,,,0.9755813953488373,0.9755904467336954,0.9759275178892828,0.9755813953488373,1.0,1.0,1.0,1.0,0.00012061401855113894,10.733035564422607,73977
713,FAN,mfe,100,0.001,32,adam,1e-5,,,,,,,64,5,0.2,silu,,,,,,,,,,,,,,0.9616279069767442,0.9616543079743586,0.9623245677145763,0.9616279069767442,1.0,1.0,1.0,1.0,0.00012063481086908384,10.629245281219482,73977
714,FAN,mfe,100,0.001,32,adam,1e-5,,,,,,,64,5,0.3,gelu,,,,,,,,,,,,,,0.9744186046511628,0.974428342190378,0.9751319738315425,0.9744186046511628,0.9985448195576252,0.9985448769273363,0.9985489827340556,0.9985448195576252,0.00011902077253474746,10.606758117675781,65017
715,FAN,mfe,100,0.001,32,adam,1e-5,,,,,,,64,5,0.3,relu,,,,,,,,,,,,,,0.9767441860465116,0.9766617752815432,0.9769536935932285,0.9767441860465116,1.0,1.0,1.0,1.0,0.00012016961740892987,10.705718040466309,65017
716,FAN,mfe,100,0.001,32,adam,1e-5,,,,,,,64,5,0.3,silu,,,,,,,,,,,,,,0.9686046511627907,0.9686300980781918,0.9691357746805662,0.9686046511627907,1.0,1.0,1.0,1.0,0.00011899720790774323,10.634724378585815,65017
717,FAN,mfe,100,0.001,32,adam,1e-5,,,,,,,64,5,0.4,gelu,,,,,,,,,,,,,,0.9709302325581395,0.970902138082968,0.9714332249082006,0.9709302325581395,0.9982537834691502,0.9982538623383748,0.9982629807242523,0.9982537834691502,0.00011900718822035679,10.755209922790527,57273
718,FAN,mfe,100,0.001,32,adam,1e-5,,,,,,,64,5,0.4,relu,,,,,,,,,,,,,,0.9697674418604652,0.9697845257389766,0.9701969417150684,0.9697674418604652,1.0,1.0,1.0,1.0,0.00012253689211468363,10.787013292312622,57273
719,FAN,mfe,100,0.001,32,adam,1e-5,,,,,,,64,5,0.4,silu,,,,,,,,,,,,,,0.9720930232558139,0.9721959391190022,0.9732004045855739,0.9720930232558139,0.9985448195576252,0.9985447859332997,0.9985529576243815,0.9985448195576252,0.00011915384336959484,10.870344638824463,57273
720,FAN,mfe,100,0.001,32,adam,1e-5,,,,,,,128,2,0.1,gelu,,,,,,,,,,,,,,0.9825581395348837,0.9825345637265461,0.9827283613462624,0.9825581395348837,1.0,1.0,1.0,1.0,3.7592788075291835e-05,6.33901834487915,64985
721,FAN,mfe,100,0.001,32,adam,1e-5,,,,,,,128,2,0.1,relu,,,,,,,,,,,,,,0.9767441860465116,0.9768054066911185,0.9774271558039972,0.9767441860465116,1.0,1.0,1.0,1.0,4.116684891456782e-05,6.151082754135132,64985
722,FAN,mfe,100,0.001,32,adam,1e-5,,,,,,,128,2,0.1,silu,,,,,,,,,,,,,,0.9813953488372092,0.9814068217920892,0.9818256420430348,0.9813953488372092,1.0,1.0,1.0,1.0,3.7632432094840114e-05,6.532938003540039,64985
723,FAN,mfe,100,0.001,32,adam,1e-5,,,,,,,128,2,0.2,gelu,,,,,,,,,,,,,,0.9790697674418605,0.979060407458946,0.9792329547766249,0.9790697674418605,0.9991268917345751,0.9991273825400571,0.999130962169379,0.9991268917345751,3.7541500357694404e-05,6.532716512680054,58649
724,FAN,mfe,100,0.001,32,adam,1e-5,,,,,,,128,2,0.2,relu,,,,,,,,,,,,,,0.9767441860465116,0.9767664185756638,0.9769157610439049,0.9767441860465116,0.9950523864959255,0.9950552392957983,0.9950999941867723,0.9950523864959255,3.834186598312023e-05,6.537296533584595,58649
725,FAN,mfe,100,0.001,32,adam,1e-5,,,,,,,128,2,0.2,silu,,,,,,,,,,,,,,0.9848837209302326,0.9848616906811175,0.9850543458546587,0.9848837209302326,1.0,1.0,1.0,1.0,3.748799479284952e-05,6.562027931213379,58649
726,FAN,mfe,100,0.001,32,adam,1e-5,,,,,,,128,2,0.3,gelu,,,,,,,,,,,,,,0.9837209302325581,0.9836877773714787,0.9838794980866703,0.9837209302325581,1.0,1.0,1.0,1.0,3.7587520688079124e-05,6.5729429721832275,52313
727,FAN,mfe,100,0.001,32,adam,1e-5,,,,,,,128,2,0.3,relu,,,,,,,,,,,,,,0.9790697674418605,0.9790913886113514,0.9794297101182612,0.9790697674418605,0.9988358556461001,0.9988362745462394,0.9988456716204416,0.9988358556461001,3.790633622990098e-05,6.231409072875977,52313
728,FAN,mfe,100,0.001,32,adam,1e-5,,,,,,,128,2,0.3,silu,,,,,,,,,,,,,,0.9767441860465116,0.9766894201392087,0.9770817866990373,0.9767441860465116,1.0,1.0,1.0,1.0,3.834879675576853e-05,6.3330419063568115,52313
729,FAN,mfe,100,0.001,32,adam,1e-5,,,,,,,128,2,0.4,gelu,,,,,,,,,,,,,,0.9790697674418605,0.9790970395905739,0.9793965973342674,0.9790697674418605,1.0,1.0,1.0,1.0,3.729199254235556e-05,6.00540566444397,45977
730,FAN,mfe,100,0.001,32,adam,1e-5,,,,,,,128,2,0.4,relu,,,,,,,,,,,,,,0.9790697674418605,0.9790551184510123,0.979496607078696,0.9790697674418605,1.0,1.0,1.0,1.0,3.7937386091365374e-05,6.028624057769775,45977
731,FAN,mfe,100,0.001,32,adam,1e-5,,,,,,,128,2,0.4,silu,,,,,,,,,,,,,,0.9802325581395349,0.9801619475953287,0.9804512093846589,0.9802325581395349,1.0,1.0,1.0,1.0,3.741757814274278e-05,6.3342719078063965,45977
732,FAN,mfe,100,0.001,32,adam,1e-5,,,,,,,128,3,0.1,gelu,,,,,,,,,,,,,,0.9755813953488373,0.975573554954266,0.9760885484270101,0.9755813953488373,1.0,1.0,1.0,1.0,6.711815678796102e-05,8.002721786499023,125581
733,FAN,mfe,100,0.001,32,adam,1e-5,,,,,,,128,3,0.1,relu,,,,,,,,,,,,,,0.977906976744186,0.9780606498045114,0.9792872127003269,0.977906976744186,1.0,1.0,1.0,1.0,6.783119467801826e-05,7.751399278640747,125581
734,FAN,mfe,100,0.001,32,adam,1e-5,,,,,,,128,3,0.1,silu,,,,,,,,,,,,,,0.9802325581395349,0.9801673872375749,0.9804447876902793,0.9802325581395349,1.0,1.0,1.0,1.0,6.973493930905364e-05,7.680516719818115,125581
735,FAN,mfe,100,0.001,32,adam,1e-5,,,,,,,128,3,0.2,gelu,,,,,,,,,,,,,,0.9767441860465116,0.9768097062304645,0.9777226037847191,0.9767441860465116,1.0,1.0,1.0,1.0,6.630725638810979e-05,8.018115520477295,112461
736,FAN,mfe,100,0.001,32,adam,1e-5,,,,,,,128,3,0.2,relu,,,,,,,,,,,,,,0.9825581395348837,0.9826339920634993,0.9831745085593458,0.9825581395348837,1.0,1.0,1.0,1.0,6.760996441508449e-05,7.6918044090271,112461
737,FAN,mfe,100,0.001,32,adam,1e-5,,,,,,,128,3,0.2,silu,,,,,,,,,,,,,,0.9813953488372092,0.9814110561726019,0.9818034903542983,0.9813953488372092,1.0,1.0,1.0,1.0,6.609739259231922e-05,8.09968900680542,112461
738,FAN,mfe,100,0.001,32,adam,1e-5,,,,,,,128,3,0.3,gelu,,,,,,,,,,,,,,0.9744186046511628,0.9744989575450107,0.975065269623551,0.9744186046511628,0.9935972060535506,0.9935998280698749,0.9936441854820764,0.9935972060535506,6.697316502415856e-05,7.916851758956909,99405
739,FAN,mfe,100,0.001,32,adam,1e-5,,,,,,,128,3,0.3,relu,,,,,,,,,,,,,,0.9767441860465116,0.9768455685293361,0.9776201678757488,0.9767441860465116,1.0,1.0,1.0,1.0,6.704552229060683e-05,7.952634572982788,99405
740,FAN,mfe,100,0.001,32,adam,1e-5,,,,,,,128,3,0.3,silu,,,,,,,,,,,,,,0.9813953488372092,0.9813929742518485,0.9816556669923514,0.9813953488372092,1.0,1.0,1.0,1.0,6.732607996741007e-05,8.080026388168335,99405
741,FAN,mfe,100,0.001,32,adam,1e-5,,,,,,,128,3,0.4,gelu,,,,,,,,,,,,,,0.9790697674418605,0.9790156605429343,0.9795194314602426,0.9790697674418605,1.0,1.0,1.0,1.0,6.887718688609988e-05,8.042261600494385,86285
742,FAN,mfe,100,0.001,32,adam,1e-5,,,,,,,128,3,0.4,relu,,,,,,,,,,,,,,0.9732558139534884,0.9731823078231647,0.9734568059391284,0.9732558139534884,1.0,1.0,1.0,1.0,6.884336471557617e-05,7.763509511947632,86285
743,FAN,mfe,100,0.001,32,adam,1e-5,,,,,,,128,3,0.4,silu,,,,,,,,,,,,,,0.977906976744186,0.9779254316873625,0.9782891910589225,0.977906976744186,1.0,1.0,1.0,1.0,6.718386051266692e-05,7.571828126907349,86285
744,FAN,mfe,100,0.001,32,adam,1e-5,,,,,,,128,4,0.1,gelu,,,,,,,,,,,,,,0.9837209302325581,0.9837287317218084,0.9841662419483705,0.9837209302325581,1.0,1.0,1.0,1.0,9.971746178560478e-05,9.432992219924927,186242
745,FAN,mfe,100,0.001,32,adam,1e-5,,,,,,,128,4,0.1,relu,,,,,,,,,,,,,,0.9813953488372092,0.9814067753612853,0.981674919434378,0.9813953488372092,1.0,1.0,1.0,1.0,9.562747423038926e-05,9.599153757095337,186242
746,FAN,mfe,100,0.001,32,adam,1e-5,,,,,,,128,4,0.1,silu,,,,,,,,,,,,,,0.9732558139534884,0.9732567579634447,0.9737398726028365,0.9732558139534884,1.0,1.0,1.0,1.0,9.407220884811047e-05,9.619075775146484,186242
747,FAN,mfe,100,0.001,32,adam,1e-5,,,,,,,128,4,0.2,gelu,,,,,,,,,,,,,,0.9825581395348837,0.9825514099882363,0.9829794737865034,0.9825581395348837,0.9991268917345751,0.999126868503877,0.9991289204763751,0.9991268917345751,9.451189706491869e-05,9.443929195404053,166338
748,FAN,mfe,100,0.001,32,adam,1e-5,,,,,,,128,4,0.2,relu,,,,,,,,,,,,,,0.977906976744186,0.9780283182066105,0.9785329692006373,0.977906976744186,1.0,1.0,1.0,1.0,9.630447210267533e-05,9.515666484832764,166338
749,FAN,mfe,100,0.001,32,adam,1e-5,,,,,,,128,4,0.2,silu,,,,,,,,,,,,,,0.9767441860465116,0.9766708051706148,0.977033017206933,0.9767441860465116,1.0,1.0,1.0,1.0,9.441736132599587e-05,9.558481931686401,166338
750,FAN,mfe,100,0.001,32,adam,1e-5,,,,,,,128,4,0.3,gelu,,,,,,,,,,,,,,0.9767441860465116,0.9767015210196248,0.9769706612621398,0.9767441860465116,1.0,1.0,1.0,1.0,9.460393772568813e-05,9.514278650283813,146562
751,FAN,mfe,100,0.001,32,adam,1e-5,,,,,,,128,4,0.3,relu,,,,,,,,,,,,,,0.9686046511627907,0.9686302075944797,0.9692129241577699,0.9686046511627907,1.0,1.0,1.0,1.0,9.687418161436568e-05,9.400434732437134,146562
752,FAN,mfe,100,0.001,32,adam,1e-5,,,,,,,128,4,0.3,silu,,,,,,,,,,,,,,0.9755813953488373,0.9757099147582604,0.9762450062036638,0.9755813953488373,1.0,1.0,1.0,1.0,9.465938390687454e-05,9.550013780593872,146562
753,FAN,mfe,100,0.001,32,adam,1e-5,,,,,,,128,4,0.4,gelu,,,,,,,,,,,,,,0.9767441860465116,0.9767891028488482,0.9775169079388897,0.9767441860465116,1.0,1.0,1.0,1.0,9.478968243266262e-05,9.288587808609009,126658
754,FAN,mfe,100,0.001,32,adam,1e-5,,,,,,,128,4,0.4,relu,,,,,,,,,,,,,,0.9790697674418605,0.9789946267580613,0.9792288031664972,0.9790697674418605,1.0,1.0,1.0,1.0,9.589001189830692e-05,9.329159259796143,126658
755,FAN,mfe,100,0.001,32,adam,1e-5,,,,,,,128,4,0.4,silu,,,,,,,,,,,,,,0.9674418604651163,0.9673652021134834,0.9676793722993721,0.9674418604651163,1.0,1.0,1.0,1.0,9.568153425704601e-05,9.470903873443604,126658
756,FAN,mfe,100,0.001,32,adam,1e-5,,,,,,,128,5,0.1,gelu,,,,,,,,,,,,,,0.9732558139534884,0.9732421772941277,0.9734474612464495,0.9732558139534884,0.9976717112922002,0.9976769406467969,0.9977106088117385,0.9976717112922002,0.0001233616540598315,10.777508974075317,247033
757,FAN,mfe,100,0.001,32,adam,1e-5,,,,,,,128,5,0.1,relu,,,,,,,,,,,,,,0.9790697674418605,0.9790328416320973,0.979489179023715,0.9790697674418605,0.9994179278230501,0.9994179449514474,0.9994199529180555,0.9994179278230501,0.0001254888468010481,10.889825582504272,247033
758,FAN,mfe,100,0.001,32,adam,1e-5,,,,,,,128,5,0.1,silu,,,,,,,,,,,,,,0.9674418604651163,0.9674665818474388,0.9679250504159744,0.9674418604651163,0.9985448195576252,0.9985438525451735,0.9985519580653943,0.9985448195576252,0.00012332117834756542,10.92105484008789,247033
759,FAN,mfe,100,0.001,32,adam,1e-5,,,,,,,128,5,0.2,gelu,,,,,,,,,,,,,,0.9802325581395349,0.9801889810390604,0.9806917255870743,0.9802325581395349,0.9944703143189756,0.9944875815133573,0.9945609545601732,0.9944703143189756,0.00012146012727604357,10.803935289382935,220345
760,FAN,mfe,100,0.001,32,adam,1e-5,,,,,,,128,5,0.2,relu,,,,,,,,,,,,,,0.9674418604651163,0.967692900792857,0.9689388373027418,0.9674418604651163,0.9991268917345751,0.9991278178694496,0.9991357110099834,0.9991268917345751,0.00012371013330858807,10.95543122291565,220345
761,FAN,mfe,100,0.001,32,adam,1e-5,,,,,,,128,5,0.2,silu,,,,,,,,,,,,,,0.9813953488372092,0.9814459321376768,0.9819069897105493,0.9813953488372092,1.0,1.0,1.0,1.0,0.0001215660294821096,10.863972902297974,220345
762,FAN,mfe,100,0.001,32,adam,1e-5,,,,,,,128,5,0.3,gelu,,,,,,,,,,,,,,0.9755813953488373,0.9756671548755526,0.9765348383186959,0.9755813953488373,1.0,1.0,1.0,1.0,0.00012279832085897757,10.73654294013977,193849
763,FAN,mfe,100,0.001,32,adam,1e-5,,,,,,,128,5,0.3,relu,,,,,,,,,,,,,,0.9686046511627907,0.9685590634050506,0.9688578791072125,0.9686046511627907,0.9973806752037253,0.9973899476315577,0.9974303642920014,0.9973806752037253,0.00012387286785037018,10.905094861984253,193849
764,FAN,mfe,100,0.001,32,adam,1e-5,,,,,,,128,5,0.3,silu,,,,,,,,,,,,,,0.9709302325581395,0.9709008117857615,0.9716313678212849,0.9709302325581395,0.9973806752037253,0.9973816539316376,0.9973907485713964,0.9973806752037253,0.00012272263682165812,10.844220638275146,193849
765,FAN,mfe,100,0.001,32,adam,1e-5,,,,,,,128,5,0.4,gelu,,,,,,,,,,,,,,0.9755813953488373,0.9755370731041169,0.9762519367103473,0.9755813953488373,0.9967986030267754,0.9967954871290357,0.9968379717518537,0.9967986030267754,0.00012358371601548307,10.611119508743286,167161
766,FAN,mfe,100,0.001,32,adam,1e-5,,,,,,,128,5,0.4,relu,,,,,,,,,,,,,,0.9651162790697675,0.9651006284743974,0.9656589944180162,0.9651162790697675,0.9962165308498254,0.9962169940153548,0.9962286982849436,0.9962165308498254,0.000125134268472361,10.508538246154785,167161
767,FAN,mfe,100,0.001,32,adam,1e-5,,,,,,,128,5,0.4,silu,,,,,,,,,,,,,,0.9709302325581395,0.9709421750262439,0.9713515249661315,0.9709302325581395,0.9994179278230501,0.9994184163022104,0.9994219010119713,0.9994179278230501,0.0001253857169040414,10.63719916343689,167161
768,FAN,mfe,100,0.001,32,sgd,1e-5,,,,,,,16,2,0.1,gelu,,,,,,,,,,,,,,0.9767441860465116,0.9766879220996749,0.9771736834169709,0.9767441860465116,0.9935972060535506,0.9936003280383866,0.9936432298690147,0.9935972060535506,3.758031268452489e-05,5.752987384796143,10777
769,FAN,mfe,100,0.001,32,sgd,1e-5,,,,,,,16,2,0.1,relu,,,,,,,,,,,,,,0.9732558139534884,0.9732536851375329,0.9734176281155418,0.9732558139534884,0.9912689173457508,0.9912678460323707,0.9913131939642204,0.9912689173457508,3.8179963134055916e-05,5.405888080596924,10777
770,FAN,mfe,100,0.001,32,sgd,1e-5,,,,,,,16,2,0.1,silu,,,,,,,,,,,,,,0.9732558139534884,0.9733648195512579,0.9739504844411001,0.9732558139534884,0.9915599534342259,0.9915740236515902,0.9916575415109511,0.9915599534342259,3.758003545361896e-05,5.752480983734131,10777
771,FAN,mfe,100,0.001,32,sgd,1e-5,,,,,,,16,2,0.2,gelu,,,,,,,,,,,,,,0.9697674418604652,0.9698169210462073,0.9701893419831683,0.9697674418604652,0.9912689173457508,0.9912724140678973,0.9913422085853608,0.9912689173457508,3.776467123696971e-05,5.658548355102539,9817
772,FAN,mfe,100,0.001,32,sgd,1e-5,,,,,,,16,2,0.2,relu,,,,,,,,,,,,,,0.9709302325581395,0.9709147445913432,0.971935602550987,0.9709302325581395,0.9933061699650757,0.9933040488375598,0.9933576541793538,0.9933061699650757,3.820269606834234e-05,5.6548075675964355,9817
773,FAN,mfe,100,0.001,32,sgd,1e-5,,,,,,,16,2,0.2,silu,,,,,,,,,,,,,,0.9767441860465116,0.976728965950077,0.9771138348273098,0.9767441860465116,0.9938882421420256,0.9938903473159005,0.9939227218869651,0.9938882421420256,3.7369062734204666e-05,5.542052745819092,9817
774,FAN,mfe,100,0.001,32,sgd,1e-5,,,,,,,16,2,0.3,gelu,,,,,,,,,,,,,,0.9662790697674418,0.9662991771502841,0.9668558043040211,0.9662790697674418,0.989813736903376,0.9898222271299603,0.98988141395798,0.989813736903376,3.721242727235306e-05,5.452748775482178,9305
775,FAN,mfe,100,0.001,32,sgd,1e-5,,,,,,,16,2,0.3,relu,,,,,,,,,,,,,,0.9732558139534884,0.9732098617657445,0.97380120701092,0.9732558139534884,0.9918509895227008,0.9918834552167015,0.9920357715875383,0.9918509895227008,3.775496815526208e-05,5.328248500823975,9305
776,FAN,mfe,100,0.001,32,sgd,1e-5,,,,,,,16,2,0.3,silu,,,,,,,,,,,,,,0.9709302325581395,0.9708838731260245,0.971454082209049,0.9709302325581395,0.9927240977881258,0.9927237660328941,0.9927805946754031,0.9927240977881258,3.7701185359511266e-05,5.1579368114471436,9305
777,FAN,mfe,100,0.001,32,sgd,1e-5,,,,,,,16,2,0.4,gelu,,,,,,,,,,,,,,0.9790697674418605,0.9790865842471552,0.9793411656168585,0.9790697674418605,0.9909778812572759,0.9909816560565662,0.9910132835923613,0.9909778812572759,3.7187476490819174e-05,5.74323034286499,8345
778,FAN,mfe,100,0.001,32,sgd,1e-5,,,,,,,16,2,0.4,relu,,,,,,,,,,,,,,0.9651162790697675,0.9651081580359862,0.9657027686394752,0.9651162790697675,0.9880675203725262,0.9880659839156207,0.9881196436398809,0.9880675203725262,3.784534543059593e-05,5.387213706970215,8345
779,FAN,mfe,100,0.001,32,sgd,1e-5,,,,,,,16,2,0.4,silu,,,,,,,,,,,,,,0.9709302325581395,0.970893621400772,0.9716145549949986,0.9709302325581395,0.9863213038416764,0.9863255502442694,0.9864338902876498,0.9863213038416764,3.793821778408317e-05,5.44749641418457,8345
780,FAN,mfe,100,0.001,32,sgd,1e-5,,,,,,,16,3,0.1,gelu,,,,,,,,,,,,,,0.9755813953488373,0.9756023882338017,0.9762336789934395,0.9755813953488373,0.9950523864959255,0.9950516305164205,0.9950689274066857,0.9950523864959255,6.514094596685365e-05,7.109440088272095,12557
781,FAN,mfe,100,0.001,32,sgd,1e-5,,,,,,,16,3,0.1,relu,,,,,,,,,,,,,,0.9627906976744186,0.9626243920463541,0.9629931729657031,0.9627906976744186,0.9915599534342259,0.9915523867373366,0.9915901050571998,0.9915599534342259,6.577303243237872e-05,6.888007164001465,12557
782,FAN,mfe,100,0.001,32,sgd,1e-5,,,,,,,16,3,0.1,silu,,,,,,,,,,,,,,0.9593023255813954,0.9592193878714859,0.9595753530404908,0.9593023255813954,0.9924330616996507,0.9924349477507131,0.9924537917777034,0.9924330616996507,6.452798843383789e-05,6.990960359573364,12557
783,FAN,mfe,100,0.001,32,sgd,1e-5,,,,,,,16,3,0.2,gelu,,,,,,,,,,,,,,0.9569767441860465,0.9569365096552567,0.9576410289659231,0.9569767441860465,0.9915599534342259,0.9915807108815886,0.9916717238112637,0.9915599534342259,6.485123967015466e-05,7.251699447631836,11469
784,FAN,mfe,100,0.001,32,sgd,1e-5,,,,,,,16,3,0.2,relu,,,,,,,,,,,,,,0.9686046511627907,0.9685620260403843,0.9691423742563051,0.9686046511627907,0.9906868451688009,0.9907146935386627,0.9908175797728311,0.9906868451688009,6.559782249982967e-05,7.245541334152222,11469
785,FAN,mfe,100,0.001,32,sgd,1e-5,,,,,,,16,3,0.2,silu,,,,,,,,,,,,,,0.9651162790697675,0.9651036048094691,0.9654822162762211,0.9651162790697675,0.9938882421420256,0.993891925047368,0.9939249814640506,0.9938882421420256,6.49424486382063e-05,6.956318140029907,11469
786,FAN,mfe,100,0.001,32,sgd,1e-5,,,,,,,16,3,0.3,gelu,,,,,,,,,,,,,,0.9674418604651163,0.9676635893223987,0.9690629051607599,0.9674418604651163,0.9938882421420256,0.9939288032083876,0.9940980327631351,0.9938882421420256,6.504751915155455e-05,7.224792957305908,10893
787,FAN,mfe,100,0.001,32,sgd,1e-5,,,,,,,16,3,0.3,relu,,,,,,,,,,,,,,0.9767441860465116,0.9767083255116658,0.9771271771319016,0.9767441860465116,0.9933061699650757,0.9933084775995515,0.993341985553011,0.9933061699650757,6.591913311980491e-05,7.168924570083618,10893
788,FAN,mfe,100,0.001,32,sgd,1e-5,,,,,,,16,3,0.3,silu,,,,,,,,,,,,,,0.9593023255813954,0.9593056752457078,0.9599849993461614,0.9593023255813954,0.9886495925494762,0.988668349359951,0.988778949146,0.9886495925494762,6.507884624392487e-05,7.204061031341553,10893
789,FAN,mfe,100,0.001,32,sgd,1e-5,,,,,,,16,3,0.4,gelu,,,,,,,,,,,,,,0.9558139534883721,0.955946314506366,0.9567587978343792,0.9558139534883721,0.979336437718277,0.9793390803770254,0.9794112736148494,0.979336437718277,6.456486014432686e-05,7.272662401199341,9805
790,FAN,mfe,100,0.001,32,sgd,1e-5,,,,,,,16,3,0.4,relu,,,,,,,,,,,,,,0.9651162790697675,0.9651893555021802,0.9664536187218224,0.9651162790697675,0.9877764842840512,0.9877752970537166,0.9878116131096102,0.9877764842840512,6.522439246953919e-05,7.2956531047821045,9805
791,FAN,mfe,100,0.001,32,sgd,1e-5,,,,,,,16,3,0.4,silu,,,,,,,,,,,,,,0.9453488372093023,0.9453793343725463,0.9462916963638696,0.9453488372093023,0.9825378346915018,0.9825360414384822,0.9826015594768466,0.9825378346915018,6.497793419416561e-05,7.021389484405518,9805
792,FAN,mfe,100,0.001,32,sgd,1e-5,,,,,,,16,4,0.1,gelu,,,,,,,,,,,,,,0.9558139534883721,0.9558736782854325,0.9570912507685969,0.9558139534883721,0.9947613504074505,0.994763626579372,0.9947858135335717,0.9947613504074505,9.191396624542946e-05,8.66603398323059,14402
793,FAN,mfe,100,0.001,32,sgd,1e-5,,,,,,,16,4,0.1,relu,,,,,,,,,,,,,,0.958139534883721,0.9579229168166895,0.9587234846711123,0.958139534883721,0.9950523864959255,0.9950544476954025,0.99509420035237,0.9950523864959255,9.208252263623615e-05,8.651488542556763,14402
794,FAN,mfe,100,0.001,32,sgd,1e-5,,,,,,,16,4,0.1,silu,,,,,,,,,,,,,,0.958139534883721,0.9579836333858563,0.9584670890827428,0.958139534883721,0.9921420256111758,0.9921771052893479,0.9922697284143585,0.9921420256111758,9.167000304820926e-05,8.34538722038269,14402
795,FAN,mfe,100,0.001,32,sgd,1e-5,,,,,,,16,4,0.2,gelu,,,,,,,,,,,,,,0.9546511627906977,0.9547037345577905,0.9556711810564649,0.9546511627906977,0.9976717112922002,0.997671532362184,0.9976882942548468,0.9976717112922002,9.205729462379632e-05,8.561830997467041,13186
796,FAN,mfe,100,0.001,32,sgd,1e-5,,,,,,,16,4,0.2,relu,,,,,,,,,,,,,,0.9465116279069767,0.9461375328275835,0.9479498437430944,0.9465116279069767,0.9915599534342259,0.9915789692792878,0.9916613242205187,0.9915599534342259,9.444397549296534e-05,8.596804857254028,13186
797,FAN,mfe,100,0.001,32,sgd,1e-5,,,,,,,16,4,0.2,silu,,,,,,,,,,,,,,0.9662790697674418,0.9662650295894796,0.9671533188940556,0.9662790697674418,0.9930151338766007,0.9930177070534194,0.9930656499788724,0.9930151338766007,9.363972863485647e-05,8.487079381942749,13186
798,FAN,mfe,100,0.001,32,sgd,1e-5,,,,,,,16,4,0.3,gelu,,,,,,,,,,,,,,0.9604651162790697,0.9605000978082285,0.960919182319829,0.9604651162790697,0.9927240977881258,0.9927406277564047,0.9927868813690217,0.9927240977881258,9.164727011392283e-05,8.286458969116211,12546
799,FAN,mfe,100,0.001,32,sgd,1e-5,,,,,,,16,4,0.3,relu,,,,,,,,,,,,,,0.9709302325581395,0.9708794616463805,0.9711368811140669,0.9709302325581395,0.9909778812572759,0.9909855239875978,0.9910635553748618,0.9909778812572759,9.318728779637537e-05,8.665036916732788,12546
800,FAN,mfe,100,0.001,32,sgd,1e-5,,,,,,,16,4,0.3,silu,,,,,,,,,,,,,,0.9476744186046512,0.9477288923282038,0.9486479322846075,0.9476744186046512,0.9909778812572759,0.9909807073006868,0.9910086977131244,0.9909778812572759,9.217622668244118e-05,8.454838752746582,12546
801,FAN,mfe,100,0.001,32,sgd,1e-5,,,,,,,16,4,0.4,gelu,,,,,,,,,,,,,,0.9441860465116279,0.9444571696232794,0.9454844422798369,0.9441860465116279,0.989522700814901,0.9895283705363784,0.9895984810741716,0.989522700814901,9.211717649947766e-05,8.649706602096558,11330
802,FAN,mfe,100,0.001,32,sgd,1e-5,,,,,,,16,4,0.4,relu,,,,,,,,,,,,,,0.9534883720930233,0.953483593475669,0.9539384869586902,0.9534883720930233,0.9880675203725262,0.9880787501055932,0.9881668848193882,0.9880675203725262,9.317924810010334e-05,8.611833095550537,11330
803,FAN,mfe,100,0.001,32,sgd,1e-5,,,,,,,16,4,0.4,silu,,,,,,,,,,,,,,0.9593023255813954,0.9592697101169647,0.9607329033035832,0.9593023255813954,0.9927240977881258,0.9927573621805832,0.9929030204247176,0.9927240977881258,9.675552678662678e-05,8.574043273925781,11330
804,FAN,mfe,100,0.001,32,sgd,1e-5,,,,,,,16,5,0.1,gelu,,,,,,,,,,,,,,0.9569767441860465,0.9569781590847566,0.9573946182032202,0.9569767441860465,0.9965075669383003,0.9965088267792404,0.9965386267997962,0.9965075669383003,0.00011966505716013353,9.808464288711548,16377
805,FAN,mfe,100,0.001,32,sgd,1e-5,,,,,,,16,5,0.1,relu,,,,,,,,,,,,,,0.9511627906976744,0.9512098699724788,0.9518694444542217,0.9511627906976744,0.9941792782305006,0.9941893269726921,0.994226667516579,0.9941792782305006,0.00012065809826518215,9.858162641525269,16377
806,FAN,mfe,100,0.001,32,sgd,1e-5,,,,,,,16,5,0.1,silu,,,,,,,,,,,,,,0.9232558139534883,0.923705744659656,0.926352696307042,0.9232558139534883,0.9874854481955763,0.9874884199920979,0.9875111879482077,0.9874854481955763,0.00012002795241599859,9.844240188598633,16377
807,FAN,mfe,100,0.001,32,sgd,1e-5,,,,,,,16,5,0.2,gelu,,,,,,,,,,,,,,0.9081395348837209,0.9082798369367662,0.9112056634643196,0.9081395348837209,0.9892316647264261,0.9892654214633954,0.989419353079591,0.9892316647264261,0.00011990098066108172,9.816837310791016,15033
808,FAN,mfe,100,0.001,32,sgd,1e-5,,,,,,,16,5,0.2,relu,,,,,,,,,,,,,,0.9127906976744186,0.9130661633553813,0.914526345460079,0.9127906976744186,0.9834109429569267,0.9834145654163021,0.9835371983358757,0.9834109429569267,0.00012060348377671352,9.942728281021118,15033
809,FAN,mfe,100,0.001,32,sgd,1e-5,,,,,,,16,5,0.2,silu,,,,,,,,,,,,,,0.9186046511627907,0.918479437034963,0.9202133552969088,0.9186046511627907,0.980791618160652,0.9807958629398922,0.9809383479244906,0.980791618160652,0.00011968446332354879,9.859640121459961,15033
810,FAN,mfe,100,0.001,32,sgd,1e-5,,,,,,,16,5,0.3,gelu,,,,,,,,,,,,,,0.9372093023255814,0.9371055062859495,0.9376557416227906,0.9372093023255814,0.9834109429569267,0.9834138690037911,0.9835263544509407,0.9834109429569267,0.00011883918629136197,9.752721309661865,14329
811,FAN,mfe,100,0.001,32,sgd,1e-5,,,,,,,16,5,0.3,relu,,,,,,,,,,,,,,0.9348837209302325,0.9348046426140032,0.9361480074140982,0.9348837209302325,0.9883585564610011,0.9884384649849894,0.9886880123939517,0.9883585564610011,0.00012041995691698651,9.726843118667603,14329
812,FAN,mfe,100,0.001,32,sgd,1e-5,,,,,,,16,5,0.3,silu,,,,,,,,,,,,,,0.936046511627907,0.9360689447247681,0.9373032573365272,0.936046511627907,0.9883585564610011,0.9884242330144425,0.9886435327588617,0.9883585564610011,0.00011917657630388127,9.924928903579712,14329
813,FAN,mfe,100,0.001,32,sgd,1e-5,,,,,,,16,5,0.4,gelu,,,,,,,,,,,,,,0.9476744186046512,0.9476236418012096,0.9485942983081324,0.9476744186046512,0.9909778812572759,0.9910054601281195,0.9911144403357774,0.9909778812572759,0.00011925725049750749,9.837933540344238,12985
814,FAN,mfe,100,0.001,32,sgd,1e-5,,,,,,,16,5,0.4,relu,,,,,,,,,,,,,,0.9244186046511628,0.9244022107171748,0.9250873944877969,0.9244186046511628,0.9816647264260768,0.9817531970169114,0.9819740977247795,0.9816647264260768,0.0001195028770801633,10.12638807296753,12985
815,FAN,mfe,100,0.001,32,sgd,1e-5,,,,,,,16,5,0.4,silu,,,,,,,,,,,,,,0.9302325581395349,0.9306240056114884,0.9327785172815835,0.9302325581395349,0.9866123399301513,0.9866273209886098,0.9867755665797402,0.9866123399301513,0.00012026720268781795,9.878220558166504,12985
816,FAN,mfe,100,0.001,32,sgd,1e-5,,,,,,,32,2,0.1,gelu,,,,,,,,,,,,,,0.9813953488372092,0.9813543714338008,0.9815576335156265,0.9813953488372092,0.9979627473806753,0.9979627244797395,0.9979677245966485,0.9979627473806753,3.7164466325626814e-05,5.180705785751343,18329
817,FAN,mfe,100,0.001,32,sgd,1e-5,,,,,,,32,2,0.1,relu,,,,,,,,,,,,,,0.977906976744186,0.9778805832235501,0.9780729871791148,0.977906976744186,0.9953434225844005,0.9953420939855052,0.9953622772845019,0.9953434225844005,3.804772399192632e-05,5.107867002487183,18329
818,FAN,mfe,100,0.001,32,sgd,1e-5,,,,,,,32,2,0.1,silu,,,,,,,,,,,,,,0.9732558139534884,0.973266150846522,0.9738039551506452,0.9732558139534884,0.9953434225844005,0.9953386460673626,0.9953492945634848,0.9953434225844005,3.770229428313499e-05,5.462027311325073,18329
819,FAN,mfe,100,0.001,32,sgd,1e-5,,,,,,,32,2,0.2,gelu,,,,,,,,,,,,,,0.9790697674418605,0.9789968396359969,0.9793488025026023,0.9790697674418605,0.9979627473806753,0.9979620474875003,0.9979775435892267,0.9979627473806753,3.7489658178285114e-05,5.216796636581421,16857
820,FAN,mfe,100,0.001,32,sgd,1e-5,,,,,,,32,2,0.2,relu,,,,,,,,,,,,,,0.9744186046511628,0.9745990696711349,0.975334119740681,0.9744186046511628,0.9967986030267754,0.996795224383084,0.9968075703847792,0.9967986030267754,3.811980402746866e-05,5.109012126922607,16857
821,FAN,mfe,100,0.001,32,sgd,1e-5,,,,,,,32,2,0.2,silu,,,,,,,,,,,,,,0.9662790697674418,0.966283868747725,0.9670771571833158,0.9662790697674418,0.9956344586728755,0.995636617656031,0.9956584430785568,0.9956344586728755,4.025420477223951e-05,5.129320383071899,16857
822,FAN,mfe,100,0.001,32,sgd,1e-5,,,,,,,32,2,0.3,gelu,,,,,,,,,,,,,,0.9767441860465116,0.9767172983410333,0.9769725819741196,0.9767441860465116,0.9976717112922002,0.997673573584299,0.997684502368945,0.9976717112922002,3.7802929101988326e-05,5.7398316860198975,15385
823,FAN,mfe,100,0.001,32,sgd,1e-5,,,,,,,32,2,0.3,relu,,,,,,,,,,,,,,0.9790697674418605,0.979111284014498,0.979524408647324,0.9790697674418605,0.9976717112922002,0.9976717045711854,0.9976906641801319,0.9976717112922002,3.787390021390693e-05,5.588810682296753,15385
824,FAN,mfe,100,0.001,32,sgd,1e-5,,,,,,,32,2,0.3,silu,,,,,,,,,,,,,,0.9802325581395349,0.9802405670816322,0.9804481416817374,0.9802325581395349,0.9967986030267754,0.9967987613353898,0.9968190380227181,0.9967986030267754,3.789386083913404e-05,5.80206561088562,15385
825,FAN,mfe,100,0.001,32,sgd,1e-5,,,,,,,32,2,0.4,gelu,,,,,,,,,,,,,,0.9744186046511628,0.9744726908739602,0.9751806252130556,0.9744186046511628,0.9976717112922002,0.9976716668707241,0.9976777540797841,0.9976717112922002,3.7480232327483424e-05,5.484024524688721,13913
826,FAN,mfe,100,0.001,32,sgd,1e-5,,,,,,,32,2,0.4,relu,,,,,,,,,,,,,,0.9744186046511628,0.9744068159448583,0.9747627255449395,0.9744186046511628,0.9970896391152503,0.9970890104892829,0.9971003294007281,0.9970896391152503,3.793017808781114e-05,5.209785223007202,13913
827,FAN,mfe,100,0.001,32,sgd,1e-5,,,,,,,32,2,0.4,silu,,,,,,,,,,,,,,0.9720930232558139,0.9721096100103573,0.9729413901381013,0.9720930232558139,0.9965075669383003,0.9965082209507571,0.9965314107806792,0.9965075669383003,3.839204477709393e-05,5.471758842468262,13913
828,FAN,mfe,100,0.001,32,sgd,1e-5,,,,,,,32,3,0.1,gelu,,,,,,,,,,,,,,0.9790697674418605,0.97921539141468,0.9799207130013438,0.9790697674418605,0.9979627473806753,0.9979655004059254,0.9979870491324723,0.9979627473806753,6.583014199900073e-05,7.051552057266235,22925
829,FAN,mfe,100,0.001,32,sgd,1e-5,,,,,,,32,3,0.1,relu,,,,,,,,,,,,,,0.9744186046511628,0.9743664337136912,0.9753283809820005,0.9744186046511628,0.9997089639115251,0.9997089728406285,0.9997099996271424,0.9997089639115251,6.558701049449832e-05,7.04578971862793,22925
830,FAN,mfe,100,0.001,32,sgd,1e-5,,,,,,,32,3,0.1,silu,,,,,,,,,,,,,,0.9744186046511628,0.9742700673071003,0.9747809104605145,0.9744186046511628,0.9997089639115251,0.9997089547736316,0.9997099276071822,0.9997089639115251,6.522716477859853e-05,7.091579437255859,22925
831,FAN,mfe,100,0.001,32,sgd,1e-5,,,,,,,32,3,0.2,gelu,,,,,,,,,,,,,,0.9662790697674418,0.9664595131357144,0.9671104460165753,0.9662790697674418,0.9985448195576252,0.9985442571375579,0.9985477495055202,0.9985448195576252,6.43333723378736e-05,7.098724603652954,21069
832,FAN,mfe,100,0.001,32,sgd,1e-5,,,,,,,32,3,0.2,relu,,,,,,,,,,,,,,0.9720930232558139,0.9719920558032971,0.972486065313546,0.9720930232558139,0.9985448195576252,0.9985437531439608,0.9985509329391973,0.9985448195576252,6.630143453908522e-05,6.8909289836883545,21069
833,FAN,mfe,100,0.001,32,sgd,1e-5,,,,,,,32,3,0.2,silu,,,,,,,,,,,,,,0.9755813953488373,0.9756048287005226,0.9761074123015193,0.9755813953488373,0.9985448195576252,0.9985431922926333,0.9985498284707376,0.9985448195576252,6.635688072027161e-05,6.806931018829346,21069
834,FAN,mfe,100,0.001,32,sgd,1e-5,,,,,,,32,3,0.3,gelu,,,,,,,,,,,,,,0.977906976744186,0.978061892295362,0.9788991482522614,0.977906976744186,0.9997089639115251,0.9997089557906704,0.9997099709568139,0.9997089639115251,6.888799889143123e-05,6.763301849365234,19149
835,FAN,mfe,100,0.001,32,sgd,1e-5,,,,,,,32,3,0.3,relu,,,,,,,,,,,,,,0.9767441860465116,0.9768212721880464,0.9776028161792341,0.9767441860465116,0.9991268917345751,0.9991268828416188,0.9991289204763751,0.9991268917345751,6.635660348936568e-05,7.144561529159546,19149
836,FAN,mfe,100,0.001,32,sgd,1e-5,,,,,,,32,3,0.3,silu,,,,,,,,,,,,,,0.9767441860465116,0.9767487871126054,0.9769686115597623,0.9767441860465116,0.9997089639115251,0.9997089620620151,0.9997099959543919,0.9997089639115251,6.496046864709189e-05,7.184681415557861,19149
837,FAN,mfe,100,0.001,32,sgd,1e-5,,,,,,,32,3,0.4,gelu,,,,,,,,,,,,,,0.9709302325581395,0.9710219466083548,0.9717714329003692,0.9709302325581395,0.9994179278230501,0.9994179512582265,0.9994199882619893,0.9994179278230501,6.560336711794831e-05,6.855193376541138,17293
838,FAN,mfe,100,0.001,32,sgd,1e-5,,,,,,,32,3,0.4,relu,,,,,,,,,,,,,,0.9697674418604652,0.9696850700491292,0.9699623226734333,0.9697674418604652,0.9979627473806753,0.9979622280053166,0.9979749283012291,0.9979627473806753,6.569707116415334e-05,6.878753423690796,17293
839,FAN,mfe,100,0.001,32,sgd,1e-5,,,,,,,32,3,0.4,silu,,,,,,,,,,,,,,0.9697674418604652,0.9699466698495944,0.9716205863657018,0.9697674418604652,0.9982537834691502,0.9982542468553557,0.9982607413127444,0.9982537834691502,6.504031114800032e-05,7.176166772842407,17293
840,FAN,mfe,100,0.001,32,sgd,1e-5,,,,,,,32,4,0.1,gelu,,,,,,,,,,,,,,0.9720930232558139,0.9720281719354134,0.9723606474964477,0.9720930232558139,0.9991268917345751,0.9991268739693865,0.9991298961757777,0.9991268917345751,9.156825930573219e-05,8.464497566223145,27586
841,FAN,mfe,100,0.001,32,sgd,1e-5,,,,,,,32,4,0.1,relu,,,,,,,,,,,,,,0.9662790697674418,0.9662684717130329,0.9668884756924356,0.9662790697674418,0.9994179278230501,0.9994179225716883,0.9994199464289288,0.9994179278230501,9.303869203079579e-05,8.599723815917969,27586
842,FAN,mfe,100,0.001,32,sgd,1e-5,,,,,,,32,4,0.1,silu,,,,,,,,,,,,,,0.9720930232558139,0.9719736638292119,0.9721915283590326,0.9720930232558139,0.9994179278230501,0.9994179145640429,0.9994189143860618,0.9994179278230501,9.269991586374682e-05,8.58549451828003,27586
843,FAN,mfe,100,0.001,32,sgd,1e-5,,,,,,,32,4,0.2,gelu,,,,,,,,,,,,,,0.963953488372093,0.9639237355180462,0.9643159829740771,0.963953488372093,0.9994179278230501,0.9994178968557788,0.9994199110849948,0.9994179278230501,9.242518003596816e-05,8.609314918518066,25346
844,FAN,mfe,100,0.001,32,sgd,1e-5,,,,,,,32,4,0.2,relu,,,,,,,,,,,,,,0.9767441860465116,0.976802056042037,0.9771761082295802,0.9767441860465116,0.9991268917345751,0.9991273773748873,0.9991308246546896,0.9991268917345751,9.331786355306936e-05,8.585954189300537,25346
845,FAN,mfe,100,0.001,32,sgd,1e-5,,,,,,,32,4,0.2,silu,,,,,,,,,,,,,,0.9686046511627907,0.9686510393599393,0.9691031548637331,0.9686046511627907,0.9994179278230501,0.999417931224753,0.9994219010119713,0.9994179278230501,9.191701578539471e-05,8.530075073242188,25346
846,FAN,mfe,100,0.001,32,sgd,1e-5,,,,,,,32,4,0.3,gelu,,,,,,,,,,,,,,0.9569767441860465,0.9570930967508346,0.9583693464615896,0.9569767441860465,1.0,1.0,1.0,1.0,9.189622346744982e-05,8.565471649169922,22978
847,FAN,mfe,100,0.001,32,sgd,1e-5,,,,,,,32,4,0.3,relu,,,,,,,,,,,,,,0.9604651162790697,0.960600558057501,0.9614629542212878,0.9604651162790697,0.9991268917345751,0.9991269456589433,0.9991322158662707,0.9991268917345751,9.307639543400255e-05,8.90355396270752,22978
848,FAN,mfe,100,0.001,32,sgd,1e-5,,,,,,,32,4,0.3,silu,,,,,,,,,,,,,,0.9697674418604652,0.969828061104769,0.9704286651078309,0.9697674418604652,0.9994179278230501,0.9994179180347311,0.9994189245219832,0.9994179278230501,9.234395138053007e-05,8.613767385482788,22978
849,FAN,mfe,100,0.001,32,sgd,1e-5,,,,,,,32,4,0.4,gelu,,,,,,,,,,,,,,0.9662790697674418,0.9664409227609148,0.9671908810998819,0.9662790697674418,0.9979627473806753,0.9979636474737403,0.9979724839105717,0.9979627473806753,9.230735690094704e-05,8.493032932281494,20738
850,FAN,mfe,100,0.001,32,sgd,1e-5,,,,,,,32,4,0.4,relu,,,,,,,,,,,,,,0.9651162790697675,0.9651857820462014,0.965867603142698,0.9651162790697675,0.9994179278230501,0.999417910813343,0.9994218607431645,0.9994179278230501,9.350721226182095e-05,8.559789180755615,20738
851,FAN,mfe,100,0.001,32,sgd,1e-5,,,,,,,32,4,0.4,silu,,,,,,,,,,,,,,0.9616279069767442,0.9616070790145097,0.9627624023961738,0.9616279069767442,0.9997089639115251,0.9997089605096732,0.9997099504745367,0.9997089639115251,9.321584257968637e-05,8.254727840423584,20738
852,FAN,mfe,100,0.001,32,sgd,1e-5,,,,,,,32,5,0.1,gelu,,,,,,,,,,,,,,0.9616279069767442,0.9618317169908756,0.9625117261290659,0.9616279069767442,0.9991268917345751,0.9991268900335895,0.9991288749965199,0.9991268917345751,0.0001191629919894906,9.906288623809814,32377
853,FAN,mfe,100,0.001,32,sgd,1e-5,,,,,,,32,5,0.1,relu,,,,,,,,,,,,,,0.9534883720930233,0.953806937755571,0.9547889510153366,0.9534883720930233,0.9973806752037253,0.9973917109455318,0.9974413123111845,0.9973806752037253,0.00012313321579334347,9.908963680267334,32377
854,FAN,mfe,100,0.001,32,sgd,1e-5,,,,,,,32,5,0.1,silu,,,,,,,,,,,,,,0.9569767441860465,0.9569584863339536,0.9578115916452072,0.9569767441860465,0.9941792782305006,0.9941791858762123,0.9942118795033843,0.9941792782305006,0.00011914663536604061,10.119386911392212,32377
855,FAN,mfe,100,0.001,32,sgd,1e-5,,,,,,,32,5,0.2,gelu,,,,,,,,,,,,,,0.9651162790697675,0.9653180673000967,0.9663456754016455,0.9651162790697675,0.9967986030267754,0.9968066315122781,0.9968572516928044,0.9967986030267754,0.00012174817018730696,9.792960405349731,29753
856,FAN,mfe,100,0.001,32,sgd,1e-5,,,,,,,32,5,0.2,relu,,,,,,,,,,,,,,0.9523255813953488,0.9524638486202615,0.9534675331043072,0.9523255813953488,0.9991268917345751,0.9991268972488484,0.9991299387365262,0.9991268917345751,0.0001239759977473769,9.894948482513428,29753
857,FAN,mfe,100,0.001,32,sgd,1e-5,,,,,,,32,5,0.2,silu,,,,,,,,,,,,,,0.9534883720930233,0.9534137417886467,0.9541030683921279,0.9534883720930233,0.9941792782305006,0.994194972490161,0.9943110441367501,0.9941792782305006,0.00012312268101891805,9.859468698501587,29753
858,FAN,mfe,100,0.001,32,sgd,1e-5,,,,,,,32,5,0.3,gelu,,,,,,,,,,,,,,0.9348837209302325,0.9349700250074593,0.9356346771078945,0.9348837209302325,0.9933061699650757,0.9933085101692292,0.9933439934654305,0.9933061699650757,0.0001233893771504247,9.836416482925415,26937
859,FAN,mfe,100,0.001,32,sgd,1e-5,,,,,,,32,5,0.3,relu,,,,,,,,,,,,,,0.9441860465116279,0.9442688312616374,0.9452363147037814,0.9441860465116279,0.9956344586728755,0.9956374896880501,0.9956807863235283,0.9956344586728755,0.00012138388877691224,9.974049806594849,26937
860,FAN,mfe,100,0.001,32,sgd,1e-5,,,,,,,32,5,0.3,silu,,,,,,,,,,,,,,0.9627906976744186,0.9628069980094952,0.9630501159240036,0.9627906976744186,0.9991268917345751,0.9991273762880033,0.9991318458339473,0.9991268917345751,0.00012039389721182889,10.082842350006104,26937
861,FAN,mfe,100,0.001,32,sgd,1e-5,,,,,,,32,5,0.4,gelu,,,,,,,,,,,,,,0.9558139534883721,0.9556382456321878,0.9562307001209851,0.9558139534883721,0.9985448195576252,0.998545253201794,0.9985546355319666,0.9985448195576252,0.0001195289367853209,9.747143507003784,24313
862,FAN,mfe,100,0.001,32,sgd,1e-5,,,,,,,32,5,0.4,relu,,,,,,,,,,,,,,0.9593023255813954,0.9592258868912344,0.9597881421162672,0.9593023255813954,0.9956344586728755,0.9956367066793393,0.9956770994812499,0.9956344586728755,0.00012019623157589935,9.8497793674469,24313
863,FAN,mfe,100,0.001,32,sgd,1e-5,,,,,,,32,5,0.4,silu,,,,,,,,,,,,,,0.9569767441860465,0.956861409786689,0.957547607586123,0.9569767441860465,0.9953434225844005,0.9953487684922401,0.9953810761214611,0.9953434225844005,0.00011874742286149845,9.83815860748291,24313
864,FAN,mfe,100,0.001,32,sgd,1e-5,,,,,,,64,2,0.1,gelu,,,,,,,,,,,,,,0.9744186046511628,0.9743751000431221,0.9747014011587527,0.9744186046511628,0.9994179278230501,0.9994179325342105,0.9994199529180555,0.9994179278230501,3.7117891533430235e-05,5.340462923049927,33881
865,FAN,mfe,100,0.001,32,sgd,1e-5,,,,,,,64,2,0.1,relu,,,,,,,,,,,,,,0.9744186046511628,0.9745084194838806,0.9750618488410734,0.9744186046511628,0.9994179278230501,0.9994179400916436,0.9994199565648502,0.9994179278230501,3.793295039687046e-05,5.272827386856079,33881
866,FAN,mfe,100,0.001,32,sgd,1e-5,,,,,,,64,2,0.1,silu,,,,,,,,,,,,,,0.9790697674418605,0.9791098396139253,0.9796135230912862,0.9790697674418605,0.9991268917345751,0.9991269088984066,0.9991289271759363,0.9991268917345751,3.77577404643214e-05,5.184173822402954,33881
867,FAN,mfe,100,0.001,32,sgd,1e-5,,,,,,,64,2,0.2,gelu,,,,,,,,,,,,,,0.9709302325581395,0.9708750006830207,0.9711904135378377,0.9709302325581395,0.9997089639115251,0.9997089531951544,0.9997099606104581,0.9997089639115251,3.767512565435365e-05,5.691876411437988,30937
868,FAN,mfe,100,0.001,32,sgd,1e-5,,,,,,,64,2,0.2,relu,,,,,,,,,,,,,,0.9802325581395349,0.9802263391228465,0.9806279850352021,0.9802325581395349,0.9994179278230501,0.9994179214030618,0.999419931567272,0.9994179278230501,3.798534703809161e-05,5.324718236923218,30937
869,FAN,mfe,100,0.001,32,sgd,1e-5,,,,,,,64,2,0.2,silu,,,,,,,,,,,,,,0.977906976744186,0.9779425763444911,0.9784061054084995,0.977906976744186,0.9991268917345751,0.9991268751174269,0.999129913738948,0.9991268917345751,3.740537998288177e-05,5.432700872421265,30937
870,FAN,mfe,100,0.001,32,sgd,1e-5,,,,,,,64,2,0.3,gelu,,,,,,,,,,,,,,0.9790697674418605,0.9791259994231123,0.9796076429322522,0.9790697674418605,0.9991268917345751,0.9991268710038123,0.9991288911458497,0.9991268917345751,3.772391829379769e-05,5.184694766998291,27545
871,FAN,mfe,100,0.001,32,sgd,1e-5,,,,,,,64,2,0.3,relu,,,,,,,,,,,,,,0.9790697674418605,0.9791138242810463,0.9796377212833228,0.9790697674418605,0.9988358556461001,0.9988353077257975,0.9988367947855515,0.9988358556461001,3.79177026970442e-05,5.220844507217407,27545
872,FAN,mfe,100,0.001,32,sgd,1e-5,,,,,,,64,2,0.3,silu,,,,,,,,,,,,,,0.977906976744186,0.9779080598284231,0.9783334541605123,0.977906976744186,0.9994179278230501,0.9994179325342105,0.9994199529180555,0.9994179278230501,3.7860038668610326e-05,5.733209848403931,27545
873,FAN,mfe,100,0.001,32,sgd,1e-5,,,,,,,64,2,0.4,gelu,,,,,,,,,,,,,,0.9767441860465116,0.9769000206169568,0.9774695849809006,0.9767441860465116,0.9991268917345751,0.9991268695470509,0.9991288853428757,0.9991268917345751,3.745389539141988e-05,5.780949831008911,24601
874,FAN,mfe,100,0.001,32,sgd,1e-5,,,,,,,64,2,0.4,relu,,,,,,,,,,,,,,0.9802325581395349,0.980168517367362,0.9805625854518186,0.9802325581395349,0.9991268917345751,0.9991268727395266,0.9991278554302323,0.9991268917345751,3.859858180201331e-05,5.533512592315674,24601
875,FAN,mfe,100,0.001,32,sgd,1e-5,,,,,,,64,2,0.4,silu,,,,,,,,,,,,,,0.9755813953488373,0.9756843192070541,0.9762148128806368,0.9755813953488373,0.9994179278230501,0.9994178775831134,0.9994220559945178,0.9994179278230501,3.786225651585779e-05,5.365285634994507,24601
876,FAN,mfe,100,0.001,32,sgd,1e-5,,,,,,,64,3,0.1,gelu,,,,,,,,,,,,,,0.9802325581395349,0.9802830750754344,0.9808479350553121,0.9802325581395349,0.9991268917345751,0.9991264055935395,0.9991289168295805,0.9991268917345751,6.512375765068586e-05,6.993626832962036,49741
877,FAN,mfe,100,0.001,32,sgd,1e-5,,,,,,,64,3,0.1,relu,,,,,,,,,,,,,,0.977906976744186,0.9778623955913117,0.9782338748342961,0.977906976744186,0.9997089639115251,0.9997089425303366,0.9997099606104581,0.9997089639115251,6.615228431169376e-05,7.173181533813477,49741
878,FAN,mfe,100,0.001,32,sgd,1e-5,,,,,,,64,3,0.1,silu,,,,,,,,,,,,,,0.9709302325581395,0.9708967455542703,0.9713745274832499,0.9709302325581395,0.9994179278230501,0.9994179351297264,0.9994199632644112,0.9994179278230501,6.508938101835029e-05,7.236594915390015,49741
879,FAN,mfe,100,0.001,32,sgd,1e-5,,,,,,,64,3,0.2,gelu,,,,,,,,,,,,,,0.9767441860465116,0.9768508992898564,0.9773451596645072,0.9767441860465116,1.0,1.0,1.0,1.0,6.54553258141806e-05,6.9897847175598145,45197
880,FAN,mfe,100,0.001,32,sgd,1e-5,,,,,,,64,3,0.2,relu,,,,,,,,,,,,,,0.9802325581395349,0.9801997974436213,0.9807951267981311,0.9802325581395349,1.0,1.0,1.0,1.0,6.628979084103607e-05,6.999054431915283,45197
881,FAN,mfe,100,0.001,32,sgd,1e-5,,,,,,,64,3,0.2,silu,,,,,,,,,,,,,,0.9744186046511628,0.9744545005323895,0.9748521129068297,0.9744186046511628,0.9997089639115251,0.9997089656123913,0.9997099606104581,0.9997089639115251,6.613869999730309e-05,7.078064680099487,45197
882,FAN,mfe,100,0.001,32,sgd,1e-5,,,,,,,64,3,0.3,gelu,,,,,,,,,,,,,,0.977906976744186,0.9779322947830638,0.9784375059682064,0.977906976744186,1.0,1.0,1.0,1.0,6.457927615143532e-05,7.020483016967773,39949
883,FAN,mfe,100,0.001,32,sgd,1e-5,,,,,,,64,3,0.3,relu,,,,,,,,,,,,,,0.9732558139534884,0.9733093262847093,0.9738368717691382,0.9732558139534884,0.9997089639115251,0.9997089656123913,0.9997099606104581,0.9997089639115251,6.62268594253895e-05,6.9093852043151855,39949
884,FAN,mfe,100,0.001,32,sgd,1e-5,,,,,,,64,3,0.3,silu,,,,,,,,,,,,,,0.9732558139534884,0.9732424599772825,0.9734316228519736,0.9732558139534884,0.9997089639115251,0.9997089656123913,0.9997099606104581,0.9997089639115251,6.492498309113258e-05,6.98465371131897,39949
885,FAN,mfe,100,0.001,32,sgd,1e-5,,,,,,,64,3,0.4,gelu,,,,,,,,,,,,,,0.9744186046511628,0.974383162942038,0.9746424493761581,0.9744186046511628,1.0,1.0,1.0,1.0,6.56784966934559e-05,7.175000905990601,35405
886,FAN,mfe,100,0.001,32,sgd,1e-5,,,,,,,64,3,0.4,relu,,,,,,,,,,,,,,0.9744186046511628,0.9743574164034602,0.9748495109297568,0.9744186046511628,1.0,1.0,1.0,1.0,6.699229395666788e-05,7.122174501419067,35405
887,FAN,mfe,100,0.001,32,sgd,1e-5,,,,,,,64,3,0.4,silu,,,,,,,,,,,,,,0.9744186046511628,0.974337178605194,0.974624694245117,0.9744186046511628,1.0,1.0,1.0,1.0,6.487813106803007e-05,6.828689813613892,35405
888,FAN,mfe,100,0.001,32,sgd,1e-5,,,,,,,64,4,0.1,gelu,,,,,,,,,,,,,,0.9697674418604652,0.9698335740792984,0.9703332468857258,0.9697674418604652,1.0,1.0,1.0,1.0,9.250086407328761e-05,8.242224216461182,65666
889,FAN,mfe,100,0.001,32,sgd,1e-5,,,,,,,64,4,0.1,relu,,,,,,,,,,,,,,0.9674418604651163,0.9675036179889979,0.9682228348854339,0.9674418604651163,1.0,1.0,1.0,1.0,9.331287339676258e-05,8.55951976776123,65666
890,FAN,mfe,100,0.001,32,sgd,1e-5,,,,,,,64,4,0.1,silu,,,,,,,,,,,,,,0.9732558139534884,0.9732391092800783,0.9734059905020638,0.9732558139534884,0.9994179278230501,0.9994179276744067,0.9994199565648502,0.9994179278230501,9.284934332204419e-05,8.372669458389282,65666
891,FAN,mfe,100,0.001,32,sgd,1e-5,,,,,,,64,4,0.2,gelu,,,,,,,,,,,,,,0.9662790697674418,0.9662883507346511,0.966833417958281,0.9662790697674418,0.9997089639115251,0.9997089399877002,0.9997099504745367,0.9997089639115251,9.140053460764331e-05,8.449419498443604,59522
892,FAN,mfe,100,0.001,32,sgd,1e-5,,,,,,,64,4,0.2,relu,,,,,,,,,,,,,,0.9755813953488373,0.9755181707940563,0.975900339058689,0.9755813953488373,1.0,1.0,1.0,1.0,9.918601013893305e-05,8.606652021408081,59522
893,FAN,mfe,100,0.001,32,sgd,1e-5,,,,,,,64,4,0.2,silu,,,,,,,,,,,,,,0.9720930232558139,0.9721541880868041,0.9724160787713902,0.9720930232558139,1.0,1.0,1.0,1.0,9.228739627571993e-05,8.491979837417603,59522
894,FAN,mfe,100,0.001,32,sgd,1e-5,,,,,,,64,4,0.3,gelu,,,,,,,,,,,,,,0.9674418604651163,0.9674888739150628,0.9681376952079455,0.9674418604651163,1.0,1.0,1.0,1.0,9.215349374815474e-05,8.354723453521729,52418
895,FAN,mfe,100,0.001,32,sgd,1e-5,,,,,,,64,4,0.3,relu,,,,,,,,,,,,,,0.9709302325581395,0.9710383657746894,0.9715131330289342,0.9709302325581395,0.9997089639115251,0.9997089547736316,0.9997099276071822,0.9997089639115251,9.313794069511946e-05,8.543996334075928,52418
896,FAN,mfe,100,0.001,32,sgd,1e-5,,,,,,,64,4,0.3,silu,,,,,,,,,,,,,,0.9697674418604652,0.9697861808008058,0.9703577956184339,0.9697674418604652,0.9997089639115251,0.9997089513971975,0.9997099959543919,0.9997089639115251,9.20146010642828e-05,8.542688846588135,52418
897,FAN,mfe,100,0.001,32,sgd,1e-5,,,,,,,64,4,0.4,gelu,,,,,,,,,,,,,,0.9686046511627907,0.9685823927033962,0.9689174224843545,0.9686046511627907,1.0,1.0,1.0,1.0,9.240494217983512e-05,8.415794610977173,46274
898,FAN,mfe,100,0.001,32,sgd,1e-5,,,,,,,64,4,0.4,relu,,,,,,,,,,,,,,0.9767441860465116,0.9768014389036709,0.9771609295482948,0.9767441860465116,0.9997089639115251,0.9997089793390561,0.9997099923075974,0.9997089639115251,9.326186291007109e-05,8.301081418991089,46274
899,FAN,mfe,100,0.001,32,sgd,1e-5,,,,,,,64,4,0.4,silu,,,,,,,,,,,,,,0.9674418604651163,0.9675179357912442,0.968426239167457,0.9674418604651163,1.0,1.0,1.0,1.0,9.505693302598111e-05,8.475063562393188,46274
900,FAN,mfe,100,0.001,32,sgd,1e-5,,,,,,,64,5,0.1,gelu,,,,,,,,,,,,,,0.958139534883721,0.9582473917170006,0.9588607365944352,0.958139534883721,0.9991268917345751,0.9991273614023375,0.9991318213536227,0.9991268917345751,0.0001200401505758596,9.685028076171875,81721
901,FAN,mfe,100,0.001,32,sgd,1e-5,,,,,,,64,5,0.1,relu,,,,,,,,,,,,,,0.963953488372093,0.9639881675570863,0.9645663021775125,0.963953488372093,1.0,1.0,1.0,1.0,0.00012006094289380451,9.888490915298462,81721
902,FAN,mfe,100,0.001,32,sgd,1e-5,,,,,,,64,5,0.1,silu,,,,,,,,,,,,,,0.9616279069767442,0.9614669619301035,0.9621852543877979,0.9616279069767442,0.9985448195576252,0.9985448156270441,0.9985487965242698,0.9985448195576252,0.00011918350707652957,9.87158489227295,81721
903,FAN,mfe,100,0.001,32,sgd,1e-5,,,,,,,64,5,0.2,gelu,,,,,,,,,,,,,,0.9604651162790697,0.9604276545114306,0.9612693349121981,0.9604651162790697,1.0,1.0,1.0,1.0,0.00011994090191153593,9.86764645576477,73977
904,FAN,mfe,100,0.001,32,sgd,1e-5,,,,,,,64,5,0.2,relu,,,,,,,,,,,,,,0.9546511627906977,0.9544299916244161,0.9551004652048607,0.9546511627906977,0.9997089639115251,0.9997089515805696,0.9997099504745367,0.9997089639115251,0.00012000050655631132,9.94325876235962,73977
905,FAN,mfe,100,0.001,32,sgd,1e-5,,,,,,,64,5,0.2,silu,,,,,,,,,,,,,,0.9546511627906977,0.9548284340146542,0.9564252511904993,0.9546511627906977,0.9991268917345751,0.9991268800967462,0.9991289204763751,0.9991268917345751,0.00011965313623117847,9.798239707946777,73977
906,FAN,mfe,100,0.001,32,sgd,1e-5,,,,,,,64,5,0.3,gelu,,,,,,,,,,,,,,0.9546511627906977,0.9544794671080746,0.9548398599232861,0.9546511627906977,1.0,1.0,1.0,1.0,0.00011944992597713027,9.774652242660522,65017
907,FAN,mfe,100,0.001,32,sgd,1e-5,,,,,,,64,5,0.3,relu,,,,,,,,,,,,,,0.9569767441860465,0.9571008009975784,0.9576513431504191,0.9569767441860465,1.0,1.0,1.0,1.0,0.00012115628220314203,9.849801063537598,65017
908,FAN,mfe,100,0.001,32,sgd,1e-5,,,,,,,64,5,0.3,silu,,,,,,,,,,,,,,0.9616279069767442,0.9616221850854492,0.96191836422237,0.9616279069767442,0.9994179278230501,0.9994179084486482,0.9994199110849948,0.9994179278230501,0.00011986300002696903,9.805274486541748,65017
909,FAN,mfe,100,0.001,32,sgd,1e-5,,,,,,,64,5,0.4,gelu,,,,,,,,,,,,,,0.9604651162790697,0.960487376306311,0.9607908598649355,0.9604651162790697,0.9982537834691502,0.99825371435768,0.9982617018788604,0.9982537834691502,0.00011885748353115348,9.749783039093018,57273
910,FAN,mfe,100,0.001,32,sgd,1e-5,,,,,,,64,5,0.4,relu,,,,,,,,,,,,,,0.9686046511627907,0.9688166112500282,0.9697434773501227,0.9686046511627907,0.9994179278230501,0.9994179173777517,0.9994199110849948,0.9994179278230501,0.00012106784554414971,9.841278314590454,57273
911,FAN,mfe,100,0.001,32,sgd,1e-5,,,,,,,64,5,0.4,silu,,,,,,,,,,,,,,0.9441860465116279,0.9442508405941207,0.9457410486157005,0.9441860465116279,0.9970896391152503,0.99709396414361,0.997119872616532,0.9970896391152503,0.0001189259595649187,9.804656505584717,57273
912,FAN,mfe,100,0.001,32,sgd,1e-5,,,,,,,128,2,0.1,gelu,,,,,,,,,,,,,,0.9767441860465116,0.9767668848614938,0.9770563754814441,0.9767441860465116,0.9997089639115251,0.9997089557906704,0.9997099709568139,0.9997089639115251,4.0586604628452036e-05,5.521095275878906,64985
913,FAN,mfe,100,0.001,32,sgd,1e-5,,,,,,,128,2,0.1,relu,,,,,,,,,,,,,,0.9732558139534884,0.9732314430238883,0.9733748470471865,0.9732558139534884,1.0,1.0,1.0,1.0,3.778574078582054e-05,5.458812952041626,64985
914,FAN,mfe,100,0.001,32,sgd,1e-5,,,,,,,128,2,0.1,silu,,,,,,,,,,,,,,0.977906976744186,0.9779527139920772,0.9782219674183273,0.977906976744186,0.9991268917345751,0.9991283512706217,0.9991358010025896,0.9991268917345751,3.774637399717819e-05,5.51424765586853,64985
915,FAN,mfe,100,0.001,32,sgd,1e-5,,,,,,,128,2,0.2,gelu,,,,,,,,,,,,,,0.9720930232558139,0.9721851109532669,0.9725046398689128,0.9720930232558139,0.9991268917345751,0.9991268622325321,0.999128895478797,0.9991268917345751,3.846301588901254e-05,5.620118618011475,58649
916,FAN,mfe,100,0.001,32,sgd,1e-5,,,,,,,128,2,0.2,relu,,,,,,,,,,,,,,0.9767441860465116,0.9767675511025395,0.9769529018651252,0.9767441860465116,0.9997089639115251,0.9997089557906704,0.9997099709568139,0.9997089639115251,3.865430521410565e-05,5.526513576507568,58649
917,FAN,mfe,100,0.001,32,sgd,1e-5,,,,,,,128,2,0.2,silu,,,,,,,,,,,,,,0.9755813953488373,0.9755521542124316,0.9757599579653169,0.9755813953488373,0.9988358556461001,0.9988358083718986,0.9988388356069781,0.9988358556461001,3.8088199704192404e-05,5.8232691287994385,58649
918,FAN,mfe,100,0.001,32,sgd,1e-5,,,,,,,128,2,0.3,gelu,,,,,,,,,,,,,,0.9767441860465116,0.9767926114383404,0.9771054124523874,0.9767441860465116,0.9997089639115251,0.9997089557906704,0.9997099709568139,0.9997089639115251,3.760581792787064e-05,5.755171298980713,52313
919,FAN,mfe,100,0.001,32,sgd,1e-5,,,,,,,128,2,0.3,relu,,,,,,,,,,,,,,0.9790697674418605,0.9791688493506657,0.9798057555196088,0.9790697674418605,0.9997089639115251,0.9997089656123913,0.9997099606104581,0.9997089639115251,3.765433333640875e-05,5.31063175201416,52313
920,FAN,mfe,100,0.001,32,sgd,1e-5,,,,,,,128,2,0.3,silu,,,,,,,,,,,,,,0.9744186046511628,0.9745723361377315,0.9751170562617381,0.9744186046511628,0.9994179278230501,0.9994179179310468,0.9994199602376006,0.9994179278230501,3.752209419427916e-05,5.138080835342407,52313
921,FAN,mfe,100,0.001,32,sgd,1e-5,,,,,,,128,2,0.4,gelu,,,,,,,,,,,,,,0.9744186046511628,0.9746083087230994,0.9753997664906728,0.9744186046511628,0.9994179278230501,0.9994179351297264,0.9994199632644112,0.9994179278230501,3.7230724512144575e-05,5.444519996643066,45977
922,FAN,mfe,100,0.001,32,sgd,1e-5,,,,,,,128,2,0.4,relu,,,,,,,,,,,,,,0.9825581395348837,0.9826478899581607,0.9835268633124788,0.9825581395348837,1.0,1.0,1.0,1.0,3.757421360459438e-05,5.590466737747192,45977
923,FAN,mfe,100,0.001,32,sgd,1e-5,,,,,,,128,2,0.4,silu,,,,,,,,,,,,,,0.977906976744186,0.9779635314279104,0.9784350291957142,0.977906976744186,0.9994179278230501,0.9994173508600833,0.9994199602376006,0.9994179278230501,3.739456797755042e-05,5.543737411499023,45977
924,FAN,mfe,100,0.001,32,sgd,1e-5,,,,,,,128,3,0.1,gelu,,,,,,,,,,,,,,0.9790697674418605,0.9790893858024939,0.9795029166616629,0.9790697674418605,1.0,1.0,1.0,1.0,6.652127864748933e-05,7.189384698867798,125581
925,FAN,mfe,100,0.001,32,sgd,1e-5,,,,,,,128,3,0.1,relu,,,,,,,,,,,,,,0.9744186046511628,0.9745336558528251,0.9754353471198446,0.9744186046511628,1.0,1.0,1.0,1.0,6.810010865677234e-05,6.9710657596588135,125581
926,FAN,mfe,100,0.001,32,sgd,1e-5,,,,,,,128,3,0.1,silu,,,,,,,,,,,,,,0.9744186046511628,0.9744095544188441,0.9749670996916647,0.9744186046511628,0.9991268917345751,0.9991267882809711,0.9991298285562559,0.9991268917345751,6.668096364930619e-05,6.794970989227295,125581
927,FAN,mfe,100,0.001,32,sgd,1e-5,,,,,,,128,3,0.2,gelu,,,,,,,,,,,,,,0.9790697674418605,0.979127726942243,0.9796236349541341,0.9790697674418605,1.0,1.0,1.0,1.0,6.610210551772006e-05,6.818638324737549,112461
928,FAN,mfe,100,0.001,32,sgd,1e-5,,,,,,,128,3,0.2,relu,,,,,,,,,,,,,,0.9720930232558139,0.9721237722649064,0.9724585092795607,0.9720930232558139,1.0,1.0,1.0,1.0,6.745443787685661e-05,6.7023468017578125,112461
929,FAN,mfe,100,0.001,32,sgd,1e-5,,,,,,,128,3,0.2,silu,,,,,,,,,,,,,,0.9755813953488373,0.9757686692734883,0.9766830111969511,0.9755813953488373,1.0,1.0,1.0,1.0,6.654844727627067e-05,6.954143762588501,112461
930,FAN,mfe,100,0.001,32,sgd,1e-5,,,,,,,128,3,0.3,gelu,,,,,,,,,,,,,,0.9755813953488373,0.975591339385259,0.975942046849814,0.9755813953488373,1.0,1.0,1.0,1.0,6.70832256938136e-05,6.78475546836853,99405
931,FAN,mfe,100,0.001,32,sgd,1e-5,,,,,,,128,3,0.3,relu,,,,,,,,,,,,,,0.9802325581395349,0.9802393637889956,0.9807235088104816,0.9802325581395349,1.0,1.0,1.0,1.0,6.791159164073855e-05,6.7342915534973145,99405
932,FAN,mfe,100,0.001,32,sgd,1e-5,,,,,,,128,3,0.3,silu,,,,,,,,,,,,,,0.9790697674418605,0.9791185359354191,0.9798324293375901,0.9790697674418605,1.0,1.0,1.0,1.0,6.654456604358762e-05,7.032440662384033,99405
933,FAN,mfe,100,0.001,32,sgd,1e-5,,,,,,,128,3,0.4,gelu,,,,,,,,,,,,,,0.9790697674418605,0.9790970159713261,0.9796753817228638,0.9790697674418605,1.0,1.0,1.0,1.0,6.806711817896643e-05,7.141742706298828,86285
934,FAN,mfe,100,0.001,32,sgd,1e-5,,,,,,,128,3,0.4,relu,,,,,,,,,,,,,,0.9744186046511628,0.9744113069022872,0.9751453609551541,0.9744186046511628,1.0,1.0,1.0,1.0,6.741839785908544e-05,6.940886735916138,86285
935,FAN,mfe,100,0.001,32,sgd,1e-5,,,,,,,128,3,0.4,silu,,,,,,,,,,,,,,0.9790697674418605,0.9790670555086468,0.9793030008348441,0.9790697674418605,1.0,1.0,1.0,1.0,6.717942481817202e-05,6.922903537750244,86285
936,FAN,mfe,100,0.001,32,sgd,1e-5,,,,,,,128,4,0.1,gelu,,,,,,,,,,,,,,0.977906976744186,0.97779795828831,0.9780532989239961,0.977906976744186,1.0,1.0,1.0,1.0,9.549800739731899e-05,8.389146327972412,186242
937,FAN,mfe,100,0.001,32,sgd,1e-5,,,,,,,128,4,0.1,relu,,,,,,,,,,,,,,0.9767441860465116,0.9767159649356858,0.9771356018092526,0.9767441860465116,1.0,1.0,1.0,1.0,9.611928185751272e-05,8.646706819534302,186242
938,FAN,mfe,100,0.001,32,sgd,1e-5,,,,,,,128,4,0.1,silu,,,,,,,,,,,,,,0.9709302325581395,0.9710256723976021,0.971748387271643,0.9709302325581395,0.9997089639115251,0.9997089605096732,0.9997099504745367,0.9997089639115251,0.00010052503541458484,8.661357879638672,186242
939,FAN,mfe,100,0.001,32,sgd,1e-5,,,,,,,128,4,0.2,gelu,,,,,,,,,,,,,,0.9813953488372092,0.9813654305682774,0.9816219247109601,0.9813953488372092,1.0,1.0,1.0,1.0,9.454793708268986e-05,8.399133682250977,166338
940,FAN,mfe,100,0.001,32,sgd,1e-5,,,,,,,128,4,0.2,relu,,,,,,,,,,,,,,0.9744186046511628,0.9744367228067013,0.9752086452838481,0.9744186046511628,1.0,1.0,1.0,1.0,9.595599285391873e-05,8.364544868469238,166338
941,FAN,mfe,100,0.001,32,sgd,1e-5,,,,,,,128,4,0.2,silu,,,,,,,,,,,,,,0.9709302325581395,0.9709130441478261,0.9712502872782909,0.9709302325581395,1.0,1.0,1.0,1.0,9.504861609880315e-05,8.271232604980469,166338
942,FAN,mfe,100,0.001,32,sgd,1e-5,,,,,,,128,4,0.3,gelu,,,,,,,,,,,,,,0.9790697674418605,0.9790705612798071,0.9791748953629209,0.9790697674418605,1.0,1.0,1.0,1.0,9.486342585364053e-05,8.318588972091675,146562
943,FAN,mfe,100,0.001,32,sgd,1e-5,,,,,,,128,4,0.3,relu,,,,,,,,,,,,,,0.9720930232558139,0.9720278341914231,0.9721981091438391,0.9720930232558139,1.0,1.0,1.0,1.0,9.657366331233534e-05,8.286415815353394,146562
944,FAN,mfe,100,0.001,32,sgd,1e-5,,,,,,,128,4,0.3,silu,,,,,,,,,,,,,,0.977906976744186,0.9778939985275595,0.9784287760576357,0.977906976744186,1.0,1.0,1.0,1.0,9.5555116963941e-05,8.460994958877563,146562
945,FAN,mfe,100,0.001,32,sgd,1e-5,,,,,,,128,4,0.4,gelu,,,,,,,,,,,,,,0.9744186046511628,0.9743685916299726,0.9748584189167078,0.9744186046511628,1.0,1.0,1.0,1.0,9.409466455149096e-05,8.439308166503906,126658
946,FAN,mfe,100,0.001,32,sgd,1e-5,,,,,,,128,4,0.4,relu,,,,,,,,,,,,,,0.9755813953488373,0.9755326284659891,0.9760275109453183,0.9755813953488373,1.0,1.0,1.0,1.0,9.647302849348201e-05,8.551998853683472,126658
947,FAN,mfe,100,0.001,32,sgd,1e-5,,,,,,,128,4,0.4,silu,,,,,,,,,,,,,,0.9755813953488373,0.9755897064941749,0.9760108034447655,0.9755813953488373,1.0,1.0,1.0,1.0,9.488061416980833e-05,8.52979302406311,126658
948,FAN,mfe,100,0.001,32,sgd,1e-5,,,,,,,128,5,0.1,gelu,,,,,,,,,,,,,,0.9732558139534884,0.9732958220983926,0.9734711119985779,0.9732558139534884,1.0,1.0,1.0,1.0,0.00012234477109687272,9.959780216217041,247033
949,FAN,mfe,100,0.001,32,sgd,1e-5,,,,,,,128,5,0.1,relu,,,,,,,,,,,,,,0.9604651162790697,0.9604258653255334,0.9607143314343743,0.9604651162790697,1.0,1.0,1.0,1.0,0.00012400843376337095,10.039928197860718,247033
950,FAN,mfe,100,0.001,32,sgd,1e-5,,,,,,,128,5,0.1,silu,,,,,,,,,,,,,,0.9534883720930233,0.9536288980406691,0.9542703292805892,0.9534883720930233,0.9982537834691502,0.9982552824427446,0.9982618073642215,0.9982537834691502,0.00012353686399238053,9.919711589813232,247033
951,FAN,mfe,100,0.001,32,sgd,1e-5,,,,,,,128,5,0.2,gelu,,,,,,,,,,,,,,0.9674418604651163,0.9674457834975185,0.967721426102646,0.9674418604651163,1.0,1.0,1.0,1.0,0.00012269130972928779,9.835599660873413,220345
952,FAN,mfe,100,0.001,32,sgd,1e-5,,,,,,,128,5,0.2,relu,,,,,,,,,,,,,,0.95,0.9501719984299144,0.9510934935960119,0.95,1.0,1.0,1.0,1.0,0.00012306557145229605,9.772525072097778,220345
953,FAN,mfe,100,0.001,32,sgd,1e-5,,,,,,,128,5,0.2,silu,,,,,,,,,,,,,,0.9465116279069767,0.9462948464995634,0.9467668260297667,0.9465116279069767,1.0,1.0,1.0,1.0,0.00012321056321609852,9.923511981964111,220345
954,FAN,mfe,100,0.001,32,sgd,1e-5,,,,,,,128,5,0.3,gelu,,,,,,,,,,,,,,0.9604651162790697,0.9605229964146403,0.9608444034074444,0.9604651162790697,1.0,1.0,1.0,1.0,0.00012437437855920125,9.83525538444519,193849
955,FAN,mfe,100,0.001,32,sgd,1e-5,,,,,,,128,5,0.3,relu,,,,,,,,,,,,,,0.9709302325581395,0.9708248919368152,0.9715425000766291,0.9709302325581395,1.0,1.0,1.0,1.0,0.0001282220663026322,9.946754932403564,193849
956,FAN,mfe,100,0.001,32,sgd,1e-5,,,,,,,128,5,0.3,silu,,,,,,,,,,,,,,0.9511627906976744,0.9512778934247871,0.9521605339660928,0.9511627906976744,1.0,1.0,1.0,1.0,0.00012334307958913404,9.926467895507812,193849
957,FAN,mfe,100,0.001,32,sgd,1e-5,,,,,,,128,5,0.4,gelu,,,,,,,,,,,,,,0.9674418604651163,0.9673083526900852,0.9676473153986143,0.9674418604651163,1.0,1.0,1.0,1.0,0.00012191728103992551,9.748962640762329,167161
958,FAN,mfe,100,0.001,32,sgd,1e-5,,,,,,,128,5,0.4,relu,,,,,,,,,,,,,,0.9593023255813954,0.9593136827034242,0.9598791534618639,0.9593023255813954,1.0,1.0,1.0,1.0,0.00012377805488054142,9.909084796905518,167161
959,FAN,mfe,100,0.001,32,sgd,1e-5,,,,,,,128,5,0.4,silu,,,,,,,,,,,,,,0.9651162790697675,0.9651096565413392,0.9656607542490752,0.9651162790697675,1.0,1.0,1.0,1.0,0.0001230702843776969,9.705504417419434,167161
960,FAN,mfe,100,0.001,32,adamw,1e-5,,,,,,,16,2,0.1,gelu,,,,,,,,,,,,,,0.9790697674418605,0.9790659657406193,0.9793170760085224,0.9790697674418605,0.9944703143189756,0.9944821733249799,0.994526300356517,0.9944703143189756,4.0040182512859965e-05,5.853785276412964,10777
961,FAN,mfe,100,0.001,32,adamw,1e-5,,,,,,,16,2,0.1,relu,,,,,,,,,,,,,,0.9697674418604652,0.9697511204802008,0.9701584771302809,0.9697674418604652,0.9985448195576252,0.9985457424456777,0.998550672496628,0.9985448195576252,4.006346990895826e-05,5.775917291641235,10777
962,FAN,mfe,100,0.001,32,adamw,1e-5,,,,,,,16,2,0.1,silu,,,,,,,,,,,,,,0.9790697674418605,0.979026064990534,0.9792913648282965,0.9790697674418605,0.9982537834691502,0.9982536706316778,0.9982660098377358,0.9982537834691502,3.749603448912155e-05,6.1204750537872314,10777
963,FAN,mfe,100,0.001,32,adamw,1e-5,,,,,,,16,2,0.2,gelu,,,,,,,,,,,,,,0.9709302325581395,0.9709276506171136,0.9715307114598047,0.9709302325581395,0.9921420256111758,0.9921659005108565,0.9922446498224411,0.9921420256111758,3.7570055141005404e-05,5.889743089675903,9817
964,FAN,mfe,100,0.001,32,adamw,1e-5,,,,,,,16,2,0.2,relu,,,,,,,,,,,,,,0.963953488372093,0.9638893791811485,0.9642054412938745,0.963953488372093,0.9956344586728755,0.9956341433701994,0.995647167213638,0.9956344586728755,3.7563124368357104e-05,5.986362934112549,9817
965,FAN,mfe,100,0.001,32,adamw,1e-5,,,,,,,16,2,0.2,silu,,,,,,,,,,,,,,0.9569767441860465,0.9567357028273492,0.9575180717713906,0.9569767441860465,0.9970896391152503,0.9970894572121682,0.9970983769832771,0.9970896391152503,3.732304240381995e-05,6.111309766769409,9817
966,FAN,mfe,100,0.001,32,adamw,1e-5,,,,,,,16,2,0.3,gelu,,,,,,,,,,,,,,0.9686046511627907,0.9686890333124966,0.9690747548474615,0.9686046511627907,0.9944703143189756,0.9944799264978038,0.994530848697255,0.9944703143189756,3.746443016584529e-05,6.43796443939209,9305
967,FAN,mfe,100,0.001,32,adamw,1e-5,,,,,,,16,2,0.3,relu,,,,,,,,,,,,,,0.9651162790697675,0.9651492665596294,0.965724944242347,0.9651162790697675,0.9967986030267754,0.9967980637982544,0.9968036266688212,0.9967986030267754,3.7855880205021347e-05,6.222260475158691,9305
968,FAN,mfe,100,0.001,32,adamw,1e-5,,,,,,,16,2,0.3,silu,,,,,,,,,,,,,,0.9720930232558139,0.972108685568725,0.9724694252546817,0.9720930232558139,0.9950523864959255,0.9950501566186012,0.995070058656011,0.9950523864959255,3.737904304681822e-05,6.448581695556641,9305
969,FAN,mfe,100,0.001,32,adamw,1e-5,,,,,,,16,2,0.4,gelu,,,,,,,,,,,,,,0.963953488372093,0.9640965946497856,0.9647251822375363,0.963953488372093,0.9912689173457508,0.9912775264671209,0.9913223236103063,0.9912689173457508,3.750435141629951e-05,6.32107400894165,8345
970,FAN,mfe,100,0.001,32,adamw,1e-5,,,,,,,16,2,0.4,relu,,,,,,,,,,,,,,0.9697674418604652,0.9697702671454054,0.9701912172188779,0.9697674418604652,0.9930151338766007,0.9930358936231595,0.9931151294907941,0.9930151338766007,3.788859345192133e-05,6.363708972930908,8345
971,FAN,mfe,100,0.001,32,adamw,1e-5,,,,,,,16,2,0.4,silu,,,,,,,,,,,,,,0.9790697674418605,0.9791403051377022,0.9799420166084788,0.9790697674418605,0.9947613504074505,0.9947652963765654,0.9947905969355193,0.9947613504074505,3.8234300391618596e-05,6.105623722076416,8345
972,FAN,mfe,100,0.001,32,adamw,1e-5,,,,,,,16,3,0.1,gelu,,,,,,,,,,,,,,0.9720930232558139,0.9721224241104892,0.972902907456744,0.9720930232558139,0.9947613504074505,0.9948046361061889,0.9949586942928471,0.9947613504074505,6.519944168800531e-05,7.808563232421875,12557
973,FAN,mfe,100,0.001,32,adamw,1e-5,,,,,,,16,3,0.1,relu,,,,,,,,,,,,,,0.9697674418604652,0.9700585715445994,0.9708858565352668,0.9697674418604652,0.9956344586728755,0.9956482221859719,0.9957103497134643,0.9956344586728755,6.569014039150504e-05,7.590847015380859,12557
974,FAN,mfe,100,0.001,32,adamw,1e-5,,,,,,,16,3,0.1,silu,,,,,,,,,,,,,,0.9732558139534884,0.9733221815976538,0.9743050892963298,0.9732558139534884,0.9988358556461001,0.9988358536937203,0.998838883816208,0.9988358556461001,6.513429242511128e-05,7.613034963607788,12557
975,FAN,mfe,100,0.001,32,adamw,1e-5,,,,,,,16,3,0.2,gelu,,,,,,,,,,,,,,0.9744186046511628,0.9744057958674671,0.9746478682815893,0.9744186046511628,0.9973806752037253,0.997382605864063,0.9973916590047771,0.9973806752037253,6.959077923796898e-05,7.901125907897949,11469
976,FAN,mfe,100,0.001,32,adamw,1e-5,,,,,,,16,3,0.2,relu,,,,,,,,,,,,,,0.9686046511627907,0.9686378385934049,0.9692893697668288,0.9686046511627907,0.9959254947613504,0.9959336726847468,0.9959623651768766,0.9959254947613504,6.76931336868641e-05,7.852975606918335,11469
977,FAN,mfe,100,0.001,32,adamw,1e-5,,,,,,,16,3,0.2,silu,,,,,,,,,,,,,,0.9720930232558139,0.9721796120431281,0.9728312659187601,0.9720930232558139,0.9965075669383003,0.9965129453623103,0.996552841672878,0.9965075669383003,6.522162016047987e-05,7.480029821395874,11469
978,FAN,mfe,100,0.001,32,adamw,1e-5,,,,,,,16,3,0.3,gelu,,,,,,,,,,,,,,0.9604651162790697,0.9606337301359769,0.9615539263900642,0.9604651162790697,0.9935972060535506,0.9936203263875678,0.9936930415577097,0.9935972060535506,6.510130194730537e-05,7.869115829467773,10893
979,FAN,mfe,100,0.001,32,adamw,1e-5,,,,,,,16,3,0.3,relu,,,,,,,,,,,,,,0.9744186046511628,0.9744052638122689,0.9748717612751816,0.9744186046511628,0.9941792782305006,0.994187387904834,0.9942167648023261,0.9941792782305006,6.473591161328693e-05,7.889713525772095,10893
980,FAN,mfe,100,0.001,32,adamw,1e-5,,,,,,,16,3,0.3,silu,,,,,,,,,,,,,,0.9662790697674418,0.9663243929519759,0.9672243536696989,0.9662790697674418,0.9915599534342259,0.991595422503039,0.9917070463987556,0.9915599534342259,6.54561575068984e-05,7.746900796890259,10893
981,FAN,mfe,100,0.001,32,adamw,1e-5,,,,,,,16,3,0.4,gelu,,,,,,,,,,,,,,0.9744186046511628,0.9745103459740918,0.9751794889780638,0.9744186046511628,0.9906868451688009,0.9906883106426884,0.9907141713318924,0.9906868451688009,6.442957146223202e-05,7.8490190505981445,9805
982,FAN,mfe,100,0.001,32,adamw,1e-5,,,,,,,16,3,0.4,relu,,,,,,,,,,,,,,0.9697674418604652,0.969821465646837,0.9700853041253196,0.9697674418604652,0.9930151338766007,0.9930452422128015,0.9931394451560145,0.9930151338766007,6.591164788534475e-05,7.9908246994018555,9805
983,FAN,mfe,100,0.001,32,adamw,1e-5,,,,,,,16,3,0.4,silu,,,,,,,,,,,,,,0.9686046511627907,0.9685819236209879,0.9688868248053081,0.9686046511627907,0.9938882421420256,0.9938856981573483,0.9939076504506624,0.9938882421420256,6.61664230878963e-05,7.476095676422119,9805
984,FAN,mfe,100,0.001,32,adamw,1e-5,,,,,,,16,4,0.1,gelu,,,,,,,,,,,,,,0.9662790697674418,0.966325170852268,0.9672790250657844,0.9662790697674418,0.9953434225844005,0.9953519861898322,0.9953840238765065,0.9953434225844005,9.15882199309593e-05,9.280864000320435,14402
985,FAN,mfe,100,0.001,32,adamw,1e-5,,,,,,,16,4,0.1,relu,,,,,,,,,,,,,,0.9662790697674418,0.9663315259944494,0.9668489920894795,0.9662790697674418,0.9988358556461001,0.9988363836571191,0.9988419387893269,0.9988358556461001,9.274787681047306e-05,9.174055576324463,14402
986,FAN,mfe,100,0.001,32,adamw,1e-5,,,,,,,16,4,0.1,silu,,,,,,,,,,,,,,0.9616279069767442,0.9616503335515341,0.9619357353841574,0.9616279069767442,0.9953434225844005,0.9953459141137228,0.9953634091511063,0.9953434225844005,9.248062621715457e-05,9.235815525054932,14402
987,FAN,mfe,100,0.001,32,adamw,1e-5,,,,,,,16,4,0.2,gelu,,,,,,,,,,,,,,0.9651162790697675,0.9651467338935976,0.9660952941924694,0.9651162790697675,0.9976717112922002,0.9976755982637114,0.9976952884701971,0.9976717112922002,9.360784708067428e-05,9.077657222747803,13186
988,FAN,mfe,100,0.001,32,adamw,1e-5,,,,,,,16,4,0.2,relu,,,,,,,,,,,,,,0.963953488372093,0.9642197303692331,0.9655722560998113,0.963953488372093,0.9927240977881258,0.9927595941261501,0.9928662978785593,0.9927240977881258,9.311881176261015e-05,9.195448875427246,13186
989,FAN,mfe,100,0.001,32,adamw,1e-5,,,,,,,16,4,0.2,silu,,,,,,,,,,,,,,0.9534883720930233,0.953669059571884,0.9547301083697097,0.9534883720930233,0.9941792782305006,0.9941812325008427,0.9942042712782947,0.9941792782305006,9.1797529264938e-05,9.254908800125122,13186
990,FAN,mfe,100,0.001,32,adamw,1e-5,,,,,,,16,4,0.3,gelu,,,,,,,,,,,,,,0.9616279069767442,0.9616472354446435,0.9627494977041787,0.9616279069767442,0.9950523864959255,0.9950563053078703,0.9950672837417365,0.9950523864959255,9.295413660448652e-05,9.269108533859253,12546
991,FAN,mfe,100,0.001,32,adamw,1e-5,,,,,,,16,4,0.3,relu,,,,,,,,,,,,,,0.9651162790697675,0.9653343184399715,0.9672579521333678,0.9651162790697675,0.9973806752037253,0.997382617091345,0.9973936122787177,0.9973806752037253,9.321916935055755e-05,9.15399432182312,12546
992,FAN,mfe,100,0.001,32,adamw,1e-5,,,,,,,16,4,0.3,silu,,,,,,,,,,,,,,0.9720930232558139,0.9721963042658327,0.9728190662145569,0.9720930232558139,0.9970896391152503,0.9970921569754102,0.997099709618831,0.9970896391152503,9.20345616895099e-05,9.148261070251465,12546
993,FAN,mfe,100,0.001,32,adamw,1e-5,,,,,,,16,4,0.4,gelu,,,,,,,,,,,,,,0.9546511627906977,0.9551143413555893,0.9574441883048891,0.9546511627906977,0.9909778812572759,0.9910158631055351,0.9911603266307409,0.9909778812572759,9.212493896484374e-05,9.099998235702515,11330
994,FAN,mfe,100,0.001,32,adamw,1e-5,,,,,,,16,4,0.4,relu,,,,,,,,,,,,,,0.9697674418604652,0.9698204997214651,0.9703209797725619,0.9697674418604652,0.9941792782305006,0.9942411735216974,0.9944835648068309,0.9941792782305006,9.328126907348633e-05,9.21544885635376,11330
995,FAN,mfe,100,0.001,32,adamw,1e-5,,,,,,,16,4,0.4,silu,,,,,,,,,,,,,,0.9569767441860465,0.9571309314781147,0.9582534253373007,0.9569767441860465,0.9912689173457508,0.9912765640190978,0.9913172736964877,0.9912689173457508,9.332728940387105e-05,9.285208463668823,11330
996,FAN,mfe,100,0.001,32,adamw,1e-5,,,,,,,16,5,0.1,gelu,,,,,,,,,,,,,,0.9558139534883721,0.9560057256844243,0.9573969277170353,0.9558139534883721,0.9985448195576252,0.9985471730303882,0.9985593597007811,0.9985448195576252,0.00011872663054355356,10.69270634651184,16377
997,FAN,mfe,100,0.001,32,adamw,1e-5,,,,,,,16,5,0.1,relu,,,,,,,,,,,,,,0.9546511627906977,0.9546891674389713,0.9552516916961624,0.9546511627906977,0.9994179278230501,0.9994179599659486,0.9994220559945178,0.9994179278230501,0.00011930049851883289,10.5140540599823,16377
998,FAN,mfe,100,0.001,32,adamw,1e-5,,,,,,,16,5,0.1,silu,,,,,,,,,,,,,,0.9604651162790697,0.9605090410336489,0.9611944908988219,0.9604651162790697,0.9941792782305006,0.9941820444431505,0.9942215670942616,0.9941792782305006,0.00011906901071237963,10.450243711471558,16377
999,FAN,mfe,100,0.001,32,adamw,1e-5,,,,,,,16,5,0.2,gelu,,,,,,,,,,,,,,0.9616279069767442,0.9617935367499323,0.9623998813870905,0.9616279069767442,0.9953434225844005,0.9953462490732616,0.9953649819679391,0.9953434225844005,0.0001180263452751692,10.487154245376587,15033
1000,FAN,mfe,100,0.001,32,adamw,1e-5,,,,,,,16,5,0.2,relu,,,,,,,,,,,,,,0.9709302325581395,0.9710110352623921,0.971598225525752,0.9709302325581395,0.9959254947613504,0.9959292641121288,0.9959450786494338,0.9959254947613504,0.00012002296225969182,10.692553758621216,15033
1001,FAN,mfe,100,0.001,32,adamw,1e-5,,,,,,,16,5,0.2,silu,,,,,,,,,,,,,,0.9593023255813954,0.9593165840213291,0.960285292691552,0.9593023255813954,0.9979627473806753,0.9979637544172679,0.9979717809165162,0.9979627473806753,0.0001194848570712777,10.563073635101318,15033
1002,FAN,mfe,100,0.001,32,adamw,1e-5,,,,,,,16,5,0.3,gelu,,,,,,,,,,,,,,0.958139534883721,0.9584636790258482,0.9597277478668456,0.958139534883721,0.9924330616996507,0.9924640895053821,0.9925841475502339,0.9924330616996507,0.00012338993161223655,10.56350588798523,14329
1003,FAN,mfe,100,0.001,32,adamw,1e-5,,,,,,,16,5,0.3,relu,,,,,,,,,,,,,,0.9604651162790697,0.9604943117344156,0.9611781889356537,0.9604651162790697,0.9956344586728755,0.9956360305396064,0.9956597979421419,0.9956344586728755,0.00012083386265954306,10.675802230834961,14329
1004,FAN,mfe,100,0.001,32,adamw,1e-5,,,,,,,16,5,0.3,silu,,,,,,,,,,,,,,0.9558139534883721,0.9558799417108625,0.9565951905626559,0.9558139534883721,0.9973806752037253,0.9973819627153241,0.9973953077093318,0.9973806752037253,0.0001203575799631518,10.614248991012573,14329
1005,FAN,mfe,100,0.001,32,adamw,1e-5,,,,,,,16,5,0.4,gelu,,,,,,,,,,,,,,0.9546511627906977,0.9546554392329045,0.9557013753542155,0.9546511627906977,0.9921420256111758,0.9921506636934109,0.9922129320946487,0.9921420256111758,0.00011816801026810047,10.563429117202759,12985
1006,FAN,mfe,100,0.001,32,adamw,1e-5,,,,,,,16,5,0.4,relu,,,,,,,,,,,,,,0.9395348837209302,0.9393774902674953,0.939634334633198,0.9395348837209302,0.9924330616996507,0.992461057774365,0.9925261434941254,0.9924330616996507,0.00011967808701271234,10.555962800979614,12985
1007,FAN,mfe,100,0.001,32,adamw,1e-5,,,,,,,16,5,0.4,silu,,,,,,,,,,,,,,0.95,0.9497446479124406,0.9502903017495278,0.95,0.9918509895227008,0.9918588447265584,0.9918965119184708,0.9918509895227008,0.00011943329212277434,10.67346477508545,12985
1008,FAN,mfe,100,0.001,32,adamw,1e-5,,,,,,,32,2,0.1,gelu,,,,,,,,,,,,,,0.9697674418604652,0.9697843846344223,0.9703101260785288,0.9697674418604652,1.0,1.0,1.0,1.0,3.773473029912904e-05,6.121622562408447,18329
1009,FAN,mfe,100,0.001,32,adamw,1e-5,,,,,,,32,2,0.1,relu,,,,,,,,,,,,,,0.977906976744186,0.9779071126788196,0.9784377945355218,0.977906976744186,1.0,1.0,1.0,1.0,3.8423094638558323e-05,5.897591829299927,18329
1010,FAN,mfe,100,0.001,32,adamw,1e-5,,,,,,,32,2,0.1,silu,,,,,,,,,,,,,,0.9755813953488373,0.9755599040090752,0.9759107184480671,0.9755813953488373,1.0,1.0,1.0,1.0,3.7727245064668875e-05,5.926769018173218,18329
1011,FAN,mfe,100,0.001,32,adamw,1e-5,,,,,,,32,2,0.2,gelu,,,,,,,,,,,,,,0.9767441860465116,0.9767845825226648,0.9771271477059642,0.9767441860465116,0.9982537834691502,0.9982542309940178,0.998260767426727,0.9982537834691502,3.756783729375795e-05,6.050748109817505,16857
1012,FAN,mfe,100,0.001,32,adamw,1e-5,,,,,,,32,2,0.2,relu,,,,,,,,,,,,,,0.9848837209302326,0.9849664111244141,0.9857479277968001,0.9848837209302326,0.9991268917345751,0.9991268558807715,0.9991319428349351,0.9991268917345751,3.785255343415016e-05,6.309326887130737,16857
1013,FAN,mfe,100,0.001,32,adamw,1e-5,,,,,,,32,2,0.2,silu,,,,,,,,,,,,,,0.9732558139534884,0.9732122183908326,0.9733991609710697,0.9732558139534884,1.0,1.0,1.0,1.0,3.92619953599087e-05,6.453163385391235,16857
1014,FAN,mfe,100,0.001,32,adamw,1e-5,,,,,,,32,2,0.3,gelu,,,,,,,,,,,,,,0.977906976744186,0.9779041083092622,0.9784748269268729,0.977906976744186,0.9967986030267754,0.996798974097707,0.9968096817121855,0.9967986030267754,3.80682390789653e-05,6.0170738697052,15385
1015,FAN,mfe,100,0.001,32,adamw,1e-5,,,,,,,32,2,0.3,relu,,,,,,,,,,,,,,0.9813953488372092,0.981372245078645,0.9815835230660812,0.9813953488372092,0.9991268917345751,0.9991268998219084,0.9991289140132041,0.9991268917345751,3.833909367406091e-05,5.871801137924194,15385
1016,FAN,mfe,100,0.001,32,adamw,1e-5,,,,,,,32,2,0.3,silu,,,,,,,,,,,,,,0.9732558139534884,0.9733000257076627,0.9737442274252848,0.9732558139534884,0.9953434225844005,0.9953564859509306,0.9954171585458961,0.9953434225844005,3.829778626907704e-05,6.298469543457031,15385
1017,FAN,mfe,100,0.001,32,adamw,1e-5,,,,,,,32,2,0.4,gelu,,,,,,,,,,,,,,0.9709302325581395,0.9709088549228702,0.9711774488291872,0.9709302325581395,0.9956344586728755,0.9956336312217748,0.9956501933123237,0.9956344586728755,3.8077387698861054e-05,5.874369859695435,13913
1018,FAN,mfe,100,0.001,32,adamw,1e-5,,,,,,,32,2,0.4,relu,,,,,,,,,,,,,,0.9674418604651163,0.9673391902191047,0.9674493403969996,0.9674418604651163,0.9927240977881258,0.9927235798910864,0.9927565557441285,0.9927240977881258,3.774276999540107e-05,6.048187255859375,13913
1019,FAN,mfe,100,0.001,32,adamw,1e-5,,,,,,,32,2,0.4,silu,,,,,,,,,,,,,,0.9686046511627907,0.9686242716080498,0.9692329896610681,0.9686046511627907,0.9953434225844005,0.995343420970167,0.9953616492469964,0.9953434225844005,3.794126732404842e-05,6.054719686508179,13913
1020,FAN,mfe,100,0.001,32,adamw,1e-5,,,,,,,32,3,0.1,gelu,,,,,,,,,,,,,,0.9767441860465116,0.9767070903609973,0.9773679960940692,0.9767441860465116,0.9988358556461001,0.9988358240401344,0.9988388372199483,0.9988358556461001,6.513678750326467e-05,7.587993860244751,22925
1021,FAN,mfe,100,0.001,32,adamw,1e-5,,,,,,,32,3,0.1,relu,,,,,,,,,,,,,,0.9790697674418605,0.9790664914422789,0.9796338566923618,0.9790697674418605,0.9997089639115251,0.9997089515805696,0.9997099504745367,0.9997089639115251,6.571786348209825e-05,7.933297634124756,22925
1022,FAN,mfe,100,0.001,32,adamw,1e-5,,,,,,,32,3,0.1,silu,,,,,,,,,,,,,,0.9697674418604652,0.969828803994281,0.970398119174425,0.9697674418604652,0.9985448195576252,0.998545719132312,0.9985556322308997,0.9985448195576252,6.624321604883949e-05,7.650520324707031,22925
1023,FAN,mfe,100,0.001,32,adamw,1e-5,,,,,,,32,3,0.2,gelu,,,,,,,,,,,,,,0.9720930232558139,0.9721337175221374,0.9725063973333773,0.9720930232558139,0.9976717112922002,0.9976736609593234,0.9976893942857854,0.9976717112922002,6.494827048723088e-05,7.630206823348999,21069
1024,FAN,mfe,100,0.001,32,adamw,1e-5,,,,,,,32,3,0.2,relu,,,,,,,,,,,,,,0.9790697674418605,0.9790937379591047,0.979379284401299,0.9790697674418605,1.0,1.0,1.0,1.0,6.657367528871049e-05,7.642137289047241,21069
1025,FAN,mfe,100,0.001,32,adamw,1e-5,,,,,,,32,3,0.2,silu,,,,,,,,,,,,,,0.9720930232558139,0.9722070854325958,0.9730381142012009,0.9720930232558139,1.0,1.0,1.0,1.0,6.561112958331441e-05,7.702181100845337,21069
1026,FAN,mfe,100,0.001,32,adamw,1e-5,,,,,,,32,3,0.3,gelu,,,,,,,,,,,,,,0.9697674418604652,0.9698103822178258,0.9701998633586967,0.9697674418604652,0.9994179278230501,0.9994174425969491,0.9994199565648502,0.9994179278230501,6.558922834174578e-05,7.967093467712402,19149
1027,FAN,mfe,100,0.001,32,adamw,1e-5,,,,,,,32,3,0.3,relu,,,,,,,,,,,,,,0.9720930232558139,0.9720186945716627,0.9727782144373303,0.9720930232558139,0.9994179278230501,0.9994179278230501,0.9994179278230501,0.9994179278230501,6.545366242874501e-05,7.843575716018677,19149
1028,FAN,mfe,100,0.001,32,adamw,1e-5,,,,,,,32,3,0.3,silu,,,,,,,,,,,,,,0.9744186046511628,0.9744296651167091,0.9751121705644812,0.9744186046511628,1.0,1.0,1.0,1.0,6.615699723709461e-05,7.820951223373413,19149
1029,FAN,mfe,100,0.001,32,adamw,1e-5,,,,,,,32,3,0.4,gelu,,,,,,,,,,,,,,0.9755813953488373,0.9756138986155011,0.9760074091912823,0.9755813953488373,0.9976717112922002,0.9976721427697124,0.9976805948534055,0.9976717112922002,6.550190060637718e-05,7.8921799659729,17293
1030,FAN,mfe,100,0.001,32,adamw,1e-5,,,,,,,32,3,0.4,relu,,,,,,,,,,,,,,0.9627906976744186,0.962734822565513,0.9630484482043421,0.9627906976744186,0.9967986030267754,0.9968037219639678,0.996827617324367,0.9967986030267754,6.540902825288995e-05,7.916379451751709,17293
1031,FAN,mfe,100,0.001,32,adamw,1e-5,,,,,,,32,3,0.4,silu,,,,,,,,,,,,,,0.9755813953488373,0.9755897786546255,0.9759817350417135,0.9755813953488373,0.9967986030267754,0.9967999996135011,0.9968155867183047,0.9967986030267754,6.579410198122956e-05,7.548131465911865,17293
1032,FAN,mfe,100,0.001,32,adamw,1e-5,,,,,,,32,4,0.1,gelu,,,,,,,,,,,,,,0.9627906976744186,0.9627528808641628,0.9632649922305724,0.9627906976744186,1.0,1.0,1.0,1.0,9.303786033807798e-05,9.249323844909668,27586
1033,FAN,mfe,100,0.001,32,adamw,1e-5,,,,,,,32,4,0.1,relu,,,,,,,,,,,,,,0.9709302325581395,0.9708945234664804,0.9713029249174951,0.9709302325581395,0.9994179278230501,0.9994179137048274,0.9994199110849948,0.9994179278230501,9.309025697929915e-05,9.298714637756348,27586
1034,FAN,mfe,100,0.001,32,adamw,1e-5,,,,,,,32,4,0.1,silu,,,,,,,,,,,,,,0.9686046511627907,0.968541444030913,0.969132698658037,0.9686046511627907,0.9991268917345751,0.999127876857982,0.9991358010025896,0.9991268917345751,9.248755698980287e-05,9.30681824684143,27586
1035,FAN,mfe,100,0.001,32,adamw,1e-5,,,,,,,32,4,0.2,gelu,,,,,,,,,,,,,,0.9651162790697675,0.9651640487772523,0.9658844329407711,0.9651162790697675,1.0,1.0,1.0,1.0,9.203317553498025e-05,9.603806018829346,25346
1036,FAN,mfe,100,0.001,32,adamw,1e-5,,,,,,,32,4,0.2,relu,,,,,,,,,,,,,,0.9709302325581395,0.9709880143609088,0.9713947245341223,0.9709302325581395,1.0,1.0,1.0,1.0,9.394856386406478e-05,9.279001474380493,25346
1037,FAN,mfe,100,0.001,32,adamw,1e-5,,,,,,,32,4,0.2,silu,,,,,,,,,,,,,,0.9697674418604652,0.969896026467323,0.970357933532632,0.9697674418604652,1.0,1.0,1.0,1.0,9.228351504303688e-05,9.245850086212158,25346
1038,FAN,mfe,100,0.001,32,adamw,1e-5,,,,,,,32,4,0.3,gelu,,,,,,,,,,,,,,0.9674418604651163,0.9675171523065286,0.9682085804997319,0.9674418604651163,1.0,1.0,1.0,1.0,9.212521619574969e-05,9.388702869415283,22978
1039,FAN,mfe,100,0.001,32,adamw,1e-5,,,,,,,32,4,0.3,relu,,,,,,,,,,,,,,0.9720930232558139,0.972048160023318,0.9722603556653762,0.9720930232558139,1.0,1.0,1.0,1.0,9.386816690134447e-05,9.390766143798828,22978
1040,FAN,mfe,100,0.001,32,adamw,1e-5,,,,,,,32,4,0.3,silu,,,,,,,,,,,,,,0.977906976744186,0.9779546093117953,0.9785535446095079,0.977906976744186,1.0,1.0,1.0,1.0,9.196220442306163e-05,9.387633085250854,22978
1041,FAN,mfe,100,0.001,32,adamw,1e-5,,,,,,,32,4,0.4,gelu,,,,,,,,,,,,,,0.9651162790697675,0.9651207485482101,0.9655580621552148,0.9651162790697675,0.9994179278230501,0.9994179063542014,0.999419878081719,0.9994179278230501,9.20484232348065e-05,9.380317211151123,20738
1042,FAN,mfe,100,0.001,32,adamw,1e-5,,,,,,,32,4,0.4,relu,,,,,,,,,,,,,,0.9755813953488373,0.9756036919674727,0.975897170038757,0.9755813953488373,0.9985448195576252,0.9985453057914044,0.9985477893825818,0.9985448195576252,9.284019470214843e-05,9.254360437393188,20738
1043,FAN,mfe,100,0.001,32,adamw,1e-5,,,,,,,32,4,0.4,silu,,,,,,,,,,,,,,0.9674418604651163,0.9674148580459809,0.9680583314947269,0.9674418604651163,0.9976717112922002,0.9976732033579645,0.9976806205602148,0.9976717112922002,9.252636931663336e-05,9.3714439868927,20738
1044,FAN,mfe,100,0.001,32,adamw,1e-5,,,,,,,32,5,0.1,gelu,,,,,,,,,,,,,,0.9674418604651163,0.9674182342005195,0.9678351164780495,0.9674418604651163,1.0,1.0,1.0,1.0,0.00011891514755958735,10.710612773895264,32377
1045,FAN,mfe,100,0.001,32,adamw,1e-5,,,,,,,32,5,0.1,relu,,,,,,,,,,,,,,0.9755813953488373,0.9755930575174686,0.9760259879119045,0.9755813953488373,0.9994179278230501,0.9994179599659486,0.9994220559945178,0.9994179278230501,0.00012184825054434843,10.650014638900757,32377
1046,FAN,mfe,100,0.001,32,adamw,1e-5,,,,,,,32,5,0.1,silu,,,,,,,,,,,,,,0.9697674418604652,0.9699264137732869,0.9705138964708506,0.9697674418604652,1.0,1.0,1.0,1.0,0.00011974046396654706,10.569087266921997,32377
1047,FAN,mfe,100,0.001,32,adamw,1e-5,,,,,,,32,5,0.2,gelu,,,,,,,,,,,,,,0.9697674418604652,0.9698849092096099,0.9704029116797227,0.9697674418604652,1.0,1.0,1.0,1.0,0.00011826310046883517,10.545398950576782,29753
1048,FAN,mfe,100,0.001,32,adamw,1e-5,,,,,,,32,5,0.2,relu,,,,,,,,,,,,,,0.9604651162790697,0.9607046124100568,0.9615318410919764,0.9604651162790697,0.9988358556461001,0.9988368171689881,0.9988418019610448,0.9988358556461001,0.0001217476157254951,10.696250677108765,29753
1049,FAN,mfe,100,0.001,32,adamw,1e-5,,,,,,,32,5,0.2,silu,,,,,,,,,,,,,,0.9709302325581395,0.9709073077778281,0.9709498866691454,0.9709302325581395,0.9994179278230501,0.9994179278230501,0.9994179278230501,0.9994179278230501,0.00011920651724172193,10.596935749053955,29753
1050,FAN,mfe,100,0.001,32,adamw,1e-5,,,,,,,32,5,0.3,gelu,,,,,,,,,,,,,,0.9627906976744186,0.9627134866469086,0.9630349263667948,0.9627906976744186,0.9944703143189756,0.994439397401747,0.9945625108667391,0.9944703143189756,0.00011936647947444472,10.96589732170105,26937
1051,FAN,mfe,100,0.001,32,adamw,1e-5,,,,,,,32,5,0.3,relu,,,,,,,,,,,,,,0.9697674418604652,0.9698334614225049,0.9710336043675721,0.9697674418604652,1.0,1.0,1.0,1.0,0.00011985357417616734,10.78996729850769,26937
1052,FAN,mfe,100,0.001,32,adamw,1e-5,,,,,,,32,5,0.3,silu,,,,,,,,,,,,,,0.9604651162790697,0.960399730310023,0.961018608821576,0.9604651162790697,0.9930151338766007,0.9930071501774046,0.9930474364379934,0.9930151338766007,0.00011951258016187091,10.647546529769897,26937
1053,FAN,mfe,100,0.001,32,adamw,1e-5,,,,,,,32,5,0.4,gelu,,,,,,,,,,,,,,0.9697674418604652,0.9699076257928092,0.9702770154358087,0.9697674418604652,0.9979627473806753,0.9979617009530463,0.9979688816561211,0.9979627473806753,0.00011877514595209167,10.714712142944336,24313
1054,FAN,mfe,100,0.001,32,adamw,1e-5,,,,,,,32,5,0.4,relu,,,,,,,,,,,,,,0.9604651162790697,0.9605968622170113,0.9614357166115309,0.9604651162790697,0.9973806752037253,0.9973815847844116,0.9973944407118095,0.9973806752037253,0.00012100768643756246,10.782568454742432,24313
1055,FAN,mfe,100,0.001,32,adamw,1e-5,,,,,,,32,5,0.4,silu,,,,,,,,,,,,,,0.9720930232558139,0.9720347190845336,0.9726377343319831,0.9720930232558139,1.0,1.0,1.0,1.0,0.00011876211609951286,10.604732990264893,24313
1056,FAN,mfe,100,0.001,32,adamw,1e-5,,,,,,,64,2,0.1,gelu,,,,,,,,,,,,,,0.9802325581395349,0.9802106084897578,0.9805415071085105,0.9802325581395349,1.0,1.0,1.0,1.0,3.80751698516136e-05,5.968888282775879,33881
1057,FAN,mfe,100,0.001,32,adamw,1e-5,,,,,,,64,2,0.1,relu,,,,,,,,,,,,,,0.9813953488372092,0.9813774257770927,0.9817426472242055,0.9813953488372092,1.0,1.0,1.0,1.0,3.845885742542355e-05,6.469670295715332,33881
1058,FAN,mfe,100,0.001,32,adamw,1e-5,,,,,,,64,2,0.1,silu,,,,,,,,,,,,,,0.9744186046511628,0.9743729708006401,0.9749326543036932,0.9744186046511628,0.9883585564610011,0.9883519268557922,0.9888984154118423,0.9883585564610011,3.792324731516284e-05,6.496372222900391,33881
1059,FAN,mfe,100,0.001,32,adamw,1e-5,,,,,,,64,2,0.2,gelu,,,,,,,,,,,,,,0.9825581395348837,0.9825567225609227,0.9831218394731591,0.9825581395348837,1.0,1.0,1.0,1.0,3.763714502024096e-05,6.493707656860352,30937
1060,FAN,mfe,100,0.001,32,adamw,1e-5,,,,,,,64,2,0.2,relu,,,,,,,,,,,,,,0.9802325581395349,0.9801866615935253,0.9805328491733224,0.9802325581395349,1.0,1.0,1.0,1.0,3.802221874858058e-05,6.096961259841919,30937
1061,FAN,mfe,100,0.001,32,adamw,1e-5,,,,,,,64,2,0.2,silu,,,,,,,,,,,,,,0.9848837209302326,0.9848554493447316,0.9850060181417934,0.9848837209302326,1.0,1.0,1.0,1.0,3.7575045297312185e-05,6.182945728302002,30937
1062,FAN,mfe,100,0.001,32,adamw,1e-5,,,,,,,64,2,0.3,gelu,,,,,,,,,,,,,,0.9848837209302326,0.9848772449394879,0.98528876128133,0.9848837209302326,1.0,1.0,1.0,1.0,3.745334092960801e-05,6.326211214065552,27545
1063,FAN,mfe,100,0.001,32,adamw,1e-5,,,,,,,64,2,0.3,relu,,,,,,,,,,,,,,0.9802325581395349,0.9802223936898165,0.9808070193638375,0.9802325581395349,1.0,1.0,1.0,1.0,3.8315806277962616e-05,6.032366514205933,27545
1064,FAN,mfe,100,0.001,32,adamw,1e-5,,,,,,,64,2,0.3,silu,,,,,,,,,,,,,,0.9720930232558139,0.9720682327834297,0.9724110974182228,0.9720930232558139,1.0,1.0,1.0,1.0,3.7573659142782525e-05,6.071212291717529,27545
1065,FAN,mfe,100,0.001,32,adamw,1e-5,,,,,,,64,2,0.4,gelu,,,,,,,,,,,,,,0.9790697674418605,0.9790804759845916,0.9794081356566758,0.9790697674418605,0.9991268917345751,0.9991268959019522,0.9991299733902359,0.9991268917345751,3.74272812244504e-05,5.904407501220703,24601
1066,FAN,mfe,100,0.001,32,adamw,1e-5,,,,,,,64,2,0.4,relu,,,,,,,,,,,,,,0.9720930232558139,0.9721226737691303,0.9725257863992772,0.9720930232558139,0.9970896391152503,0.9970900737783338,0.9971057467425617,0.9970896391152503,3.773057183554006e-05,6.448200464248657,24601
1067,FAN,mfe,100,0.001,32,adamw,1e-5,,,,,,,64,2,0.4,silu,,,,,,,,,,,,,,0.9744186046511628,0.9745036574311928,0.9749710657968075,0.9744186046511628,0.9979627473806753,0.9979631524426402,0.9979686775624839,0.9979627473806753,3.758696622626726e-05,6.1909120082855225,24601
1068,FAN,mfe,100,0.001,32,adamw,1e-5,,,,,,,64,3,0.1,gelu,,,,,,,,,,,,,,0.9767441860465116,0.976748273580668,0.9771095796294311,0.9767441860465116,1.0,1.0,1.0,1.0,6.46025635475336e-05,7.95917010307312,49741
1069,FAN,mfe,100,0.001,32,adamw,1e-5,,,,,,,64,3,0.1,relu,,,,,,,,,,,,,,0.9755813953488373,0.9756565939176283,0.976649332283635,0.9755813953488373,1.0,1.0,1.0,1.0,6.590638049813204e-05,7.77264404296875,49741
1070,FAN,mfe,100,0.001,32,adamw,1e-5,,,,,,,64,3,0.1,silu,,,,,,,,,,,,,,0.9825581395348837,0.9825614595311337,0.9829369807807736,0.9825581395348837,1.0,1.0,1.0,1.0,6.510656933451808e-05,7.446027517318726,49741
1071,FAN,mfe,100,0.001,32,adamw,1e-5,,,,,,,64,3,0.2,gelu,,,,,,,,,,,,,,0.986046511627907,0.986047706530066,0.9862881368397665,0.986046511627907,1.0,1.0,1.0,1.0,6.627648375755132e-05,7.823933124542236,45197
1072,FAN,mfe,100,0.001,32,adamw,1e-5,,,,,,,64,3,0.2,relu,,,,,,,,,,,,,,0.977906976744186,0.9779178901121548,0.9784058898480248,0.977906976744186,1.0,1.0,1.0,1.0,6.644115891567497e-05,7.6940529346466064,45197
1073,FAN,mfe,100,0.001,32,adamw,1e-5,,,,,,,64,3,0.2,silu,,,,,,,,,,,,,,0.9848837209302326,0.9849016413385506,0.98521776184714,0.9848837209302326,1.0,1.0,1.0,1.0,6.534193837365438e-05,7.891566276550293,45197
1074,FAN,mfe,100,0.001,32,adamw,1e-5,,,,,,,64,3,0.3,gelu,,,,,,,,,,,,,,0.9813953488372092,0.9814816413130523,0.9822022251730889,0.9813953488372092,1.0,1.0,1.0,1.0,6.572978441105333e-05,7.856969118118286,39949
1075,FAN,mfe,100,0.001,32,adamw,1e-5,,,,,,,64,3,0.3,relu,,,,,,,,,,,,,,0.9837209302325581,0.9837062131524792,0.9839880810814113,0.9837209302325581,1.0,1.0,1.0,1.0,6.60591347273006e-05,7.856986999511719,39949
1076,FAN,mfe,100,0.001,32,adamw,1e-5,,,,,,,64,3,0.3,silu,,,,,,,,,,,,,,0.9767441860465116,0.9769192129189322,0.9775149689390158,0.9767441860465116,1.0,1.0,1.0,1.0,6.640983182330465e-05,7.627807140350342,39949
1077,FAN,mfe,100,0.001,32,adamw,1e-5,,,,,,,64,3,0.4,gelu,,,,,,,,,,,,,,0.9697674418604652,0.9698500922953842,0.9704472190411673,0.9697674418604652,1.0,1.0,1.0,1.0,6.522217462229174e-05,7.974111080169678,35405
1078,FAN,mfe,100,0.001,32,adamw,1e-5,,,,,,,64,3,0.4,relu,,,,,,,,,,,,,,0.9709302325581395,0.971005031863053,0.971368053038211,0.9709302325581395,0.9967986030267754,0.9967968552894242,0.9968183071210582,0.9967986030267754,6.584927093151004e-05,7.737233400344849,35405
1079,FAN,mfe,100,0.001,32,adamw,1e-5,,,,,,,64,3,0.4,silu,,,,,,,,,,,,,,0.9732558139534884,0.9732429286631946,0.973938344410532,0.9732558139534884,1.0,1.0,1.0,1.0,6.848351899967637e-05,7.801660060882568,35405
1080,FAN,mfe,100,0.001,32,adamw,1e-5,,,,,,,64,4,0.1,gelu,,,,,,,,,,,,,,0.977906976744186,0.9778549617939839,0.9779724081174502,0.977906976744186,1.0,1.0,1.0,1.0,9.406084238096724e-05,9.294548749923706,65666
1081,FAN,mfe,100,0.001,32,adamw,1e-5,,,,,,,64,4,0.1,relu,,,,,,,,,,,,,,0.9767441860465116,0.9767937932764835,0.9772984656468203,0.9767441860465116,1.0,1.0,1.0,1.0,9.285821471103402e-05,9.19514536857605,65666
1082,FAN,mfe,100,0.001,32,adamw,1e-5,,,,,,,64,4,0.1,silu,,,,,,,,,,,,,,0.977906976744186,0.9778829332458342,0.9782641712292873,0.977906976744186,1.0,1.0,1.0,1.0,9.302316710006358e-05,9.187633037567139,65666
1083,FAN,mfe,100,0.001,32,adamw,1e-5,,,,,,,64,4,0.2,gelu,,,,,,,,,,,,,,0.9732558139534884,0.9733226454959184,0.973815685378529,0.9732558139534884,1.0,1.0,1.0,1.0,9.227298026861147e-05,9.336371898651123,59522
1084,FAN,mfe,100,0.001,32,adamw,1e-5,,,,,,,64,4,0.2,relu,,,,,,,,,,,,,,0.9755813953488373,0.9755368479774159,0.9759128742777303,0.9755813953488373,1.0,1.0,1.0,1.0,9.380024532939112e-05,9.122472286224365,59522
1085,FAN,mfe,100,0.001,32,adamw,1e-5,,,,,,,64,4,0.2,silu,,,,,,,,,,,,,,0.9813953488372092,0.9814913808802698,0.9821440940086307,0.9813953488372092,1.0,1.0,1.0,1.0,9.279888729716456e-05,9.424127340316772,59522
1086,FAN,mfe,100,0.001,32,adamw,1e-5,,,,,,,64,4,0.3,gelu,,,,,,,,,,,,,,0.9732558139534884,0.9732292496852304,0.9735273169456027,0.9732558139534884,1.0,1.0,1.0,1.0,9.253856747649437e-05,9.083152294158936,52418
1087,FAN,mfe,100,0.001,32,adamw,1e-5,,,,,,,64,4,0.3,relu,,,,,,,,,,,,,,0.9732558139534884,0.973230361341445,0.9736270746137242,0.9732558139534884,1.0,1.0,1.0,1.0,9.21626423680505e-05,9.235248565673828,52418
1088,FAN,mfe,100,0.001,32,adamw,1e-5,,,,,,,64,4,0.3,silu,,,,,,,,,,,,,,0.9755813953488373,0.9755800264161715,0.9756519406985132,0.9755813953488373,1.0,1.0,1.0,1.0,9.33311706365541e-05,9.248014211654663,52418
1089,FAN,mfe,100,0.001,32,adamw,1e-5,,,,,,,64,4,0.4,gelu,,,,,,,,,,,,,,0.9744186046511628,0.9743623295773158,0.9746267776932064,0.9744186046511628,1.0,1.0,1.0,1.0,9.237139724021734e-05,9.35340404510498,46274
1090,FAN,mfe,100,0.001,32,adamw,1e-5,,,,,,,64,4,0.4,relu,,,,,,,,,,,,,,0.9709302325581395,0.9710528399382128,0.9714369468984299,0.9709302325581395,0.9997089639115251,0.9997089605096732,0.9997099504745367,0.9997089639115251,9.331675462944563e-05,9.38517165184021,46274
1091,FAN,mfe,100,0.001,32,adamw,1e-5,,,,,,,64,4,0.4,silu,,,,,,,,,,,,,,0.9709302325581395,0.9709219236970826,0.9715705688669396,0.9709302325581395,1.0,1.0,1.0,1.0,9.35828962991404e-05,9.36689019203186,46274
1092,FAN,mfe,100,0.001,32,adamw,1e-5,,,,,,,64,5,0.1,gelu,,,,,,,,,,,,,,0.9709302325581395,0.9709524462301952,0.9712917881107058,0.9709302325581395,0.9997089639115251,0.9997089691936625,0.9997099850907828,0.9997089639115251,0.00011890627617059752,10.442840337753296,81721
1093,FAN,mfe,100,0.001,32,adamw,1e-5,,,,,,,64,5,0.1,relu,,,,,,,,,,,,,,0.9755813953488373,0.9755568412640523,0.9763220140250697,0.9755813953488373,1.0,1.0,1.0,1.0,0.00011999357578366302,10.736608028411865,81721
1094,FAN,mfe,100,0.001,32,adamw,1e-5,,,,,,,64,5,0.1,silu,,,,,,,,,,,,,,0.9720930232558139,0.9720339669316129,0.9728172609376337,0.9720930232558139,0.9994179278230501,0.9994179599659486,0.9994220559945178,0.9994179278230501,0.00011855835138365279,10.67798113822937,81721
1095,FAN,mfe,100,0.001,32,adamw,1e-5,,,,,,,64,5,0.2,gelu,,,,,,,,,,,,,,0.9744186046511628,0.974434689783717,0.9748671367771915,0.9744186046511628,0.9991268917345751,0.9991278438541773,0.9991357110099834,0.9991268917345751,0.00012576801832332168,10.684974908828735,73977
1096,FAN,mfe,100,0.001,32,adamw,1e-5,,,,,,,64,5,0.2,relu,,,,,,,,,,,,,,0.9744186046511628,0.9744789279620972,0.9749232810781178,0.9744186046511628,0.9991268917345751,0.9991268897884754,0.999128909612766,0.9991268917345751,0.00012072380198988804,10.733036518096924,73977
1097,FAN,mfe,100,0.001,32,adamw,1e-5,,,,,,,64,5,0.2,silu,,,,,,,,,,,,,,0.9767441860465116,0.9768517175279129,0.977427103859308,0.9767441860465116,1.0,1.0,1.0,1.0,0.00011996696161669354,10.62009072303772,73977
1098,FAN,mfe,100,0.001,32,adamw,1e-5,,,,,,,64,5,0.3,gelu,,,,,,,,,,,,,,0.9674418604651163,0.9674412291517852,0.9678160835801691,0.9674418604651163,1.0,1.0,1.0,1.0,0.0001197970190713572,10.487782716751099,65017
1099,FAN,mfe,100,0.001,32,adamw,1e-5,,,,,,,64,5,0.3,relu,,,,,,,,,,,,,,0.9697674418604652,0.9697570596337766,0.9702454254209673,0.9697674418604652,0.9979627473806753,0.9979625457665298,0.997974659266576,0.9979627473806753,0.00012034371841785519,10.437170267105103,65017
1100,FAN,mfe,100,0.001,32,adamw,1e-5,,,,,,,64,5,0.3,silu,,,,,,,,,,,,,,0.9755813953488373,0.9755819540136214,0.9759381453137839,0.9755813953488373,0.9991268917345751,0.9991268774697404,0.999131860370307,0.9991268917345751,0.00011853561844936637,10.515601634979248,65017
1101,FAN,mfe,100,0.001,32,adamw,1e-5,,,,,,,64,5,0.4,gelu,,,,,,,,,,,,,,0.9755813953488373,0.9755301877399541,0.9759817462289779,0.9755813953488373,1.0,1.0,1.0,1.0,0.00012305947237236555,10.457959413528442,57273
1102,FAN,mfe,100,0.001,32,adamw,1e-5,,,,,,,64,5,0.4,relu,,,,,,,,,,,,,,0.9720930232558139,0.9720905509307239,0.9725851427290004,0.9720930232558139,0.9953434225844005,0.9953486914302169,0.995386474681319,0.9953434225844005,0.00012296964955884357,10.581449031829834,57273
1103,FAN,mfe,100,0.001,32,adamw,1e-5,,,,,,,64,5,0.4,silu,,,,,,,,,,,,,,0.9767441860465116,0.9768723188387021,0.9771705184151575,0.9767441860465116,0.9959254947613504,0.9959631685248419,0.9961106995449254,0.9959254947613504,0.00011893455372300259,10.721218824386597,57273
1104,FAN,mfe,100,0.001,32,adamw,1e-5,,,,,,,128,2,0.1,gelu,,,,,,,,,,,,,,0.9802325581395349,0.9801802417856096,0.9805693974834745,0.9802325581395349,1.0,1.0,1.0,1.0,3.784035527428915e-05,6.391560792922974,64985
1105,FAN,mfe,100,0.001,32,adamw,1e-5,,,,,,,128,2,0.1,relu,,,,,,,,,,,,,,0.9825581395348837,0.9825238246894729,0.9829235447270815,0.9825581395348837,1.0,1.0,1.0,1.0,3.7672907807106195e-05,6.395184278488159,64985
1106,FAN,mfe,100,0.001,32,adamw,1e-5,,,,,,,128,2,0.1,silu,,,,,,,,,,,,,,0.9837209302325581,0.9836881765779012,0.9839117225586933,0.9837209302325581,1.0,1.0,1.0,1.0,3.835101460301599e-05,6.265884637832642,64985
1107,FAN,mfe,100,0.001,32,adamw,1e-5,,,,,,,128,2,0.2,gelu,,,,,,,,,,,,,,0.9837209302325581,0.9836490714083453,0.9838453221349334,0.9837209302325581,1.0,1.0,1.0,1.0,3.754732220671898e-05,6.297582626342773,58649
1108,FAN,mfe,100,0.001,32,adamw,1e-5,,,,,,,128,2,0.2,relu,,,,,,,,,,,,,,0.986046511627907,0.9860119137830452,0.986272849974338,0.986046511627907,1.0,1.0,1.0,1.0,3.7804315256517986e-05,6.42289662361145,58649
1109,FAN,mfe,100,0.001,32,adamw,1e-5,,,,,,,128,2,0.2,silu,,,,,,,,,,,,,,0.9813953488372092,0.9813955465206802,0.98152714110557,0.9813953488372092,1.0,1.0,1.0,1.0,3.754039143407067e-05,6.110547304153442,58649
1110,FAN,mfe,100,0.001,32,adamw,1e-5,,,,,,,128,2,0.3,gelu,,,,,,,,,,,,,,0.9813953488372092,0.9813511383945976,0.9816336596920897,0.9813953488372092,1.0,1.0,1.0,1.0,3.760193669518759e-05,6.372267484664917,52313
1111,FAN,mfe,100,0.001,32,adamw,1e-5,,,,,,,128,2,0.3,relu,,,,,,,,,,,,,,0.9802325581395349,0.980252926990368,0.9808781888952597,0.9802325581395349,1.0,1.0,1.0,1.0,3.8218220999074535e-05,5.905133962631226,52313
1112,FAN,mfe,100,0.001,32,adamw,1e-5,,,,,,,128,2,0.3,silu,,,,,,,,,,,,,,0.9825581395348837,0.9825921360373894,0.9829422631322307,0.9825581395348837,1.0,1.0,1.0,1.0,3.8283093031062636e-05,5.898364067077637,52313
1113,FAN,mfe,100,0.001,32,adamw,1e-5,,,,,,,128,2,0.4,gelu,,,,,,,,,,,,,,0.9825581395348837,0.9825374943672271,0.9827647392045266,0.9825581395348837,1.0,1.0,1.0,1.0,3.7679561348848565e-05,6.2294697761535645,45977
1114,FAN,mfe,100,0.001,32,adamw,1e-5,,,,,,,128,2,0.4,relu,,,,,,,,,,,,,,0.9825581395348837,0.9825186979398234,0.9826942536974185,0.9825581395348837,1.0,1.0,1.0,1.0,3.8703929546267485e-05,6.446128606796265,45977
1115,FAN,mfe,100,0.001,32,adamw,1e-5,,,,,,,128,2,0.4,silu,,,,,,,,,,,,,,0.9813953488372092,0.9814266967024183,0.9820654182796124,0.9813953488372092,1.0,1.0,1.0,1.0,3.74766283257063e-05,6.241753101348877,45977
1116,FAN,mfe,100,0.001,32,adamw,1e-5,,,,,,,128,3,0.1,gelu,,,,,,,,,,,,,,0.9744186046511628,0.9743880300339479,0.9747157786284243,0.9744186046511628,1.0,1.0,1.0,1.0,6.70884930810263e-05,7.6485326290130615,125581
1117,FAN,mfe,100,0.001,32,adamw,1e-5,,,,,,,128,3,0.1,relu,,,,,,,,,,,,,,0.9813953488372092,0.9814070112227883,0.9819762653354994,0.9813953488372092,1.0,1.0,1.0,1.0,6.677300431007563e-05,7.7525084018707275,125581
1118,FAN,mfe,100,0.001,32,adamw,1e-5,,,,,,,128,3,0.1,silu,,,,,,,,,,,,,,0.977906976744186,0.9779659484040863,0.9784872722281788,0.977906976744186,1.0,1.0,1.0,1.0,6.738374399584394e-05,7.794426679611206,125581
1119,FAN,mfe,100,0.001,32,adamw,1e-5,,,,,,,128,3,0.2,gelu,,,,,,,,,,,,,,0.9802325581395349,0.9802470116677658,0.980520818051828,0.9802325581395349,1.0,1.0,1.0,1.0,6.674029106317565e-05,7.540133476257324,112461
1120,FAN,mfe,100,0.001,32,adamw,1e-5,,,,,,,128,3,0.2,relu,,,,,,,,,,,,,,0.9790697674418605,0.9790586248778568,0.9795842804625763,0.9790697674418605,1.0,1.0,1.0,1.0,6.78877497828284e-05,7.56541895866394,112461
1121,FAN,mfe,100,0.001,32,adamw,1e-5,,,,,,,128,3,0.2,silu,,,,,,,,,,,,,,0.986046511627907,0.9860517366654118,0.9862717820705048,0.986046511627907,1.0,1.0,1.0,1.0,6.690524345220521e-05,7.4125657081604,112461
1122,FAN,mfe,100,0.001,32,adamw,1e-5,,,,,,,128,3,0.3,gelu,,,,,,,,,,,,,,0.9837209302325581,0.9837488113145836,0.9843343005635364,0.9837209302325581,1.0,1.0,1.0,1.0,6.633192993873774e-05,7.9526448249816895,99405
1123,FAN,mfe,100,0.001,32,adamw,1e-5,,,,,,,128,3,0.3,relu,,,,,,,,,,,,,,0.9790697674418605,0.9791302840805141,0.9795781994126905,0.9790697674418605,1.0,1.0,1.0,1.0,6.789745286453602e-05,7.52726936340332,99405
1124,FAN,mfe,100,0.001,32,adamw,1e-5,,,,,,,128,3,0.3,silu,,,,,,,,,,,,,,0.9767441860465116,0.9766784396917552,0.9768312082447346,0.9767441860465116,1.0,1.0,1.0,1.0,6.71611275783805e-05,7.662626266479492,99405
1125,FAN,mfe,100,0.001,32,adamw,1e-5,,,,,,,128,3,0.4,gelu,,,,,,,,,,,,,,0.9802325581395349,0.9802660194197372,0.980767066372032,0.9802325581395349,1.0,1.0,1.0,1.0,6.681403448415357e-05,7.594192743301392,86285
1126,FAN,mfe,100,0.001,32,adamw,1e-5,,,,,,,128,3,0.4,relu,,,,,,,,,,,,,,0.9813953488372092,0.9814668238349211,0.981938979270383,0.9813953488372092,1.0,1.0,1.0,1.0,6.72199005304381e-05,7.85982346534729,86285
1127,FAN,mfe,100,0.001,32,adamw,1e-5,,,,,,,128,3,0.4,silu,,,,,,,,,,,,,,0.9825581395348837,0.9825754342673072,0.9832625450572212,0.9825581395348837,1.0,1.0,1.0,1.0,6.672282551610193e-05,7.921166896820068,86285
1128,FAN,mfe,100,0.001,32,adamw,1e-5,,,,,,,128,4,0.1,gelu,,,,,,,,,,,,,,0.9790697674418605,0.9790013097762452,0.9794243575529981,0.9790697674418605,0.9970896391152503,0.9970920756570695,0.9971115331551477,0.9970896391152503,9.778072667676348e-05,9.292808055877686,186242
1129,FAN,mfe,100,0.001,32,adamw,1e-5,,,,,,,128,4,0.1,relu,,,,,,,,,,,,,,0.9755813953488373,0.975620268125459,0.976253866428381,0.9755813953488373,0.9991268917345751,0.999126888730803,0.999129900576216,0.9991268917345751,9.583179340806119e-05,9.334688901901245,186242
1130,FAN,mfe,100,0.001,32,adamw,1e-5,,,,,,,128,4,0.1,silu,,,,,,,,,,,,,,0.9755813953488373,0.9756295824847934,0.9760958894252753,0.9755813953488373,0.9997089639115251,0.999708950652518,0.9997099504745367,0.9997089639115251,9.452076845390852e-05,9.312187671661377,186242
1131,FAN,mfe,100,0.001,32,adamw,1e-5,,,,,,,128,4,0.2,gelu,,,,,,,,,,,,,,0.9813953488372092,0.9813316166917545,0.981693989873621,0.9813953488372092,1.0,1.0,1.0,1.0,9.478469227635583e-05,9.307847023010254,166338
1132,FAN,mfe,100,0.001,32,adamw,1e-5,,,,,,,128,4,0.2,relu,,,,,,,,,,,,,,0.9755813953488373,0.9755497064796695,0.9759448209619691,0.9755813953488373,0.9985448195576252,0.9985441182383986,0.9985517802591307,0.9985448195576252,9.534026301184366e-05,9.295599699020386,166338
1133,FAN,mfe,100,0.001,32,adamw,1e-5,,,,,,,128,4,0.2,silu,,,,,,,,,,,,,,0.9720930232558139,0.972044962649961,0.9724519906323873,0.9720930232558139,1.0,1.0,1.0,1.0,9.459700695303983e-05,9.276962518692017,166338
1134,FAN,mfe,100,0.001,32,adamw,1e-5,,,,,,,128,4,0.3,gelu,,,,,,,,,,,,,,0.9767441860465116,0.9768411358352994,0.9775690472697998,0.9767441860465116,1.0,1.0,1.0,1.0,9.411185286765875e-05,9.362226963043213,146562
1135,FAN,mfe,100,0.001,32,adamw,1e-5,,,,,,,128,4,0.3,relu,,,,,,,,,,,,,,0.9732558139534884,0.9732474298069995,0.973549470032035,0.9732558139534884,0.9997089639115251,0.9997089728406285,0.9997099996271424,0.9997089639115251,9.58656155785849e-05,9.304332971572876,146562
1136,FAN,mfe,100,0.001,32,adamw,1e-5,,,,,,,128,4,0.3,silu,,,,,,,,,,,,,,0.9825581395348837,0.9825249033159356,0.9827695900010381,0.9825581395348837,1.0,1.0,1.0,1.0,9.491804034210914e-05,9.320403099060059,146562
1137,FAN,mfe,100,0.001,32,adamw,1e-5,,,,,,,128,4,0.4,gelu,,,,,,,,,,,,,,0.9616279069767442,0.961670918572129,0.963678307106179,0.9616279069767442,0.9941792782305006,0.9941777675414355,0.9942998156674901,0.9941792782305006,9.481324705966683e-05,9.054172992706299,126658
1138,FAN,mfe,100,0.001,32,adamw,1e-5,,,,,,,128,4,0.4,relu,,,,,,,,,,,,,,0.9697674418604652,0.9698485212393742,0.9707274086252111,0.9697674418604652,0.9976717112922002,0.9976727212587535,0.9976817103281533,0.9976717112922002,9.554180988045626e-05,9.457254648208618,126658
1139,FAN,mfe,100,0.001,32,adamw,1e-5,,,,,,,128,4,0.4,silu,,,,,,,,,,,,,,0.9813953488372092,0.9814939519690883,0.982078384320937,0.9813953488372092,1.0,1.0,1.0,1.0,9.498374406681505e-05,9.124210834503174,126658
1140,FAN,mfe,100,0.001,32,adamw,1e-5,,,,,,,128,5,0.1,gelu,,,,,,,,,,,,,,0.9767441860465116,0.9767927450628971,0.9772050215119923,0.9767441860465116,0.9997089639115251,0.9997089656123913,0.9997099606104581,0.9997089639115251,0.00012297796648602153,10.689699411392212,247033
1141,FAN,mfe,100,0.001,32,adamw,1e-5,,,,,,,128,5,0.1,relu,,,,,,,,,,,,,,0.9767441860465116,0.9766976981446095,0.9769718897700197,0.9767441860465116,0.9991268917345751,0.9991268213695814,0.999131851486508,0.9991268917345751,0.00012357706247374068,10.780559062957764,247033
1142,FAN,mfe,100,0.001,32,adamw,1e-5,,,,,,,128,5,0.1,silu,,,,,,,,,,,,,,0.9790697674418605,0.9791937803835917,0.9796681321040864,0.9790697674418605,1.0,1.0,1.0,1.0,0.0001237295394720033,10.777921915054321,247033
1143,FAN,mfe,100,0.001,32,adamw,1e-5,,,,,,,128,5,0.2,gelu,,,,,,,,,,,,,,0.9744186046511628,0.974382709437337,0.9748039634869026,0.9744186046511628,1.0,1.0,1.0,1.0,0.00012176619019619254,10.726890802383423,220345
1144,FAN,mfe,100,0.001,32,adamw,1e-5,,,,,,,128,5,0.2,relu,,,,,,,,,,,,,,0.9593023255813954,0.9593589612218636,0.9607385329187454,0.9593023255813954,0.9839930151338766,0.9840368087667924,0.9844882717356376,0.9839930151338766,0.0001231506813404172,10.551251411437988,220345
1145,FAN,mfe,100,0.001,32,adamw,1e-5,,,,,,,128,5,0.2,silu,,,,,,,,,,,,,,0.9662790697674418,0.9663502802788956,0.9668351684701385,0.9662790697674418,1.0,1.0,1.0,1.0,0.00012251720872036247,10.625705003738403,220345
1146,FAN,mfe,100,0.001,32,adamw,1e-5,,,,,,,128,5,0.3,gelu,,,,,,,,,,,,,,0.963953488372093,0.9639503838704904,0.9645788126062683,0.963953488372093,0.9988358556461001,0.9988358253291675,0.9988460142562015,0.9988358556461001,0.00012321333552515784,10.766267776489258,193849
1147,FAN,mfe,100,0.001,32,adamw,1e-5,,,,,,,128,5,0.3,relu,,,,,,,,,,,,,,0.9732558139534884,0.9732601789837071,0.9735599596514873,0.9732558139534884,0.9976717112922002,0.9976774738077905,0.9977048854264534,0.9976717112922002,0.00012406221655912177,10.802443981170654,193849
1148,FAN,mfe,100,0.001,32,adamw,1e-5,,,,,,,128,5,0.3,silu,,,,,,,,,,,,,,0.9755813953488373,0.9755061075936993,0.9761646351463242,0.9755813953488373,0.9997089639115251,0.9997089605096732,0.9997099504745367,0.9997089639115251,0.00012473339258238327,10.538131475448608,193849
1149,FAN,mfe,100,0.001,32,adamw,1e-5,,,,,,,128,5,0.4,gelu,,,,,,,,,,,,,,0.9662790697674418,0.9662992348221334,0.967124201601049,0.9662790697674418,0.9944703143189756,0.9944738865330499,0.9945114189702816,0.9944703143189756,0.00012213379837745843,10.545608043670654,167161
1150,FAN,mfe,100,0.001,32,adamw,1e-5,,,,,,,128,5,0.4,relu,,,,,,,,,,,,,,0.9616279069767442,0.9617820658076509,0.9634968071649935,0.9616279069767442,0.9973806752037253,0.9973831537907932,0.9973935896723145,0.9973806752037253,0.0001241861387740734,10.676245927810669,167161
1151,FAN,mfe,100,0.001,32,adamw,1e-5,,,,,,,128,5,0.4,silu,,,,,,,,,,,,,,0.9616279069767442,0.9614955776614392,0.9618202113660903,0.9616279069767442,0.9959254947613504,0.9959248268848332,0.9959542060345643,0.9959254947613504,0.0001228141230206157,10.655917882919312,167161
