run_id,model_name,feature_type,epochs,lr,batch_size,optimizer,weight_decay,cnn_conv_layers,cnn_filters,cnn_kernel,cnn_dense_layers,cnn_dense_units,cnn_dropout,fan_hidden,fan_layers,d_p_ratio,fan_activation,mlp_scenario,mlp_init_weight,mlp_dropout,kan_hidden,kan_grid,kan_k,kan_lambda,rbf_units,rbf_type,rbf_width_method,rbf_p_neighbors,rbf_fixed_width,rbf_regularization,accuracy_test,f1_score_test,precision_test,recall_test,accuracy_train,f1_score_train,precision_train,recall_train,inference_time_sec,training_time_sec,cpp_code_size_bytes
0,MLP,mfcc,100,0.001,32,adam,1e-5,,,,,,,,,,,0,HeNormal,0.0,,,,,,,,,,,0.9302325581395349,0.9303858289868805,0.9310037179041543,0.9302325581395349,0.9775902211874272,0.97768766070878,0.9780337879489919,0.9775902211874272,3.908955773641897e-07,0.6437463760375977,46679
1,MLP,mfcc,100,0.001,32,adam,1e-5,,,,,,,,,,,0,HeNormal,0.2,,,,,,,,,,,0.9151162790697674,0.9145759791102867,0.9151532478132178,0.9151162790697674,0.9665308498253784,0.9666286872399187,0.9669998231604805,0.9665308498253784,3.731527993845385e-07,0.6420738697052002,46647
2,MLP,mfcc,100,0.001,32,adam,1e-5,,,,,,,,,,,0,HeNormal,0.5,,,,,,,,,,,0.9476744186046512,0.9476960277358117,0.948681214229342,0.9476744186046512,0.9819557625145519,0.9819833818184998,0.9820782432287293,0.9819557625145519,3.992125045421512e-07,0.6397838592529297,46943
3,MLP,mfcc,100,0.001,32,adam,1e-5,,,,,,,,,,,0,RandomNormal,0.0,,,,,,,,,,,0.47325581395348837,0.45924251403884214,0.472718558008338,0.47325581395348837,0.5349243306169965,0.5176205890564918,0.5173815667468649,0.5349243306169965,4.175097443336664e-07,0.6406893730163574,45797
4,MLP,mfcc,100,0.001,32,adam,1e-5,,,,,,,,,,,0,RandomNormal,0.2,,,,,,,,,,,0.4872093023255814,0.47431247877827565,0.4971841071101202,0.4872093023255814,0.5486030267753201,0.5374199961296701,0.549681745969289,0.5486030267753201,3.268552380938863e-07,0.6393823623657227,45956
5,MLP,mfcc,100,0.001,32,adam,1e-5,,,,,,,,,,,0,RandomNormal,0.5,,,,,,,,,,,0.43372093023255814,0.4201135746504866,0.4263383581924712,0.43372093023255814,0.4770081490104773,0.4660626418527355,0.47342334261273583,0.4770081490104773,4.396882168082304e-07,0.6349937915802002,45670
6,MLP,mfcc,100,0.001,32,adam,1e-5,,,,,,,,,,,0,RandomUniform,0.0,,,,,,,,,,,0.7546511627906977,0.7493739169099898,0.7559069465758647,0.7546511627906977,0.7983119906868452,0.794502589351955,0.7944013936779161,0.7983119906868452,4.3275744415992915e-07,0.6320483684539795,45977
7,MLP,mfcc,100,0.001,32,adam,1e-5,,,,,,,,,,,0,RandomUniform,0.2,,,,,,,,,,,0.7069767441860465,0.7042266627812523,0.7107099292250587,0.7069767441860465,0.7863795110593713,0.7841422452224849,0.7864080167472439,0.7863795110593713,3.864598828692769e-07,0.659660816192627,45908
8,MLP,mfcc,100,0.001,32,adam,1e-5,,,,,,,,,,,0,RandomUniform,0.5,,,,,,,,,,,0.8151162790697675,0.8143305901078156,0.8153088845151897,0.8151162790697675,0.8620488940628638,0.8616816385736351,0.8624985085814642,0.8620488940628638,3.831331119980923e-07,0.6316709518432617,46076
9,MLP,mfcc,100,0.001,32,adam,1e-5,,,,,,,,,,,0,GlorotUniform,0.0,,,,,,,,,,,0.9244186046511628,0.9242745577159326,0.9250603644835739,0.9244186046511628,0.9787543655413271,0.9787817032504217,0.9789383893429342,0.9787543655413271,4.4079714043195856e-07,0.6329541206359863,46763
10,MLP,mfcc,100,0.001,32,adam,1e-5,,,,,,,,,,,0,GlorotUniform,0.2,,,,,,,,,,,0.9418604651162791,0.9419054456932516,0.9424496560726766,0.9418604651162791,0.9825378346915018,0.9825864159246445,0.9827194588453839,0.9825378346915018,3.484792487565861e-07,0.6339974403381348,46750
11,MLP,mfcc,100,0.001,32,adam,1e-5,,,,,,,,,,,0,GlorotUniform,0.5,,,,,,,,,,,0.95,0.950098582952703,0.9511844029491487,0.95,0.979918509895227,0.9800294961408729,0.9804302156356683,0.979918509895227,3.994897354480832e-07,0.6325790882110596,47105
12,MLP,mfcc,100,0.001,32,adam,1e-5,,,,,,,,,,,0,HeNormal,0.0,,,,,,,,,,,0.9267441860465117,0.9270308264147169,0.928382649760496,0.9267441860465117,0.9746798603026775,0.9747336757864057,0.974943578958945,0.9746798603026775,3.6788541217182955e-07,0.6349921226501465,46707
13,MLP,mfcc,100,0.001,32,adam,1e-5,,,,,,,,,,,0,HeNormal,0.2,,,,,,,,,,,0.9511627906976744,0.9511309025252039,0.9516492255819825,0.9511627906976744,0.9848661233993015,0.9848743118989871,0.9849388616028907,0.9848661233993015,3.42102937920149e-07,0.6294195652008057,46864
14,MLP,mfcc,100,0.001,32,adam,1e-5,,,,,,,,,,,0,HeNormal,0.5,,,,,,,,,,,0.9453488372093023,0.945248742657745,0.9458647224460022,0.9453488372093023,0.9828288707799767,0.9828605707844622,0.9829582504018161,0.9828288707799767,3.936678864235102e-07,0.6320006847381592,47007
15,MLP,mfcc,100,0.001,32,adam,1e-5,,,,,,,,,,,1,HeNormal,0.0,,,,,,,,,,,0.25465116279069766,0.1821287200236303,0.2701795305482554,0.25465116279069766,0.25261932479627475,0.17776987773457184,0.25475362454299694,0.25261932479627475,3.64558641300645e-07,0.9925239086151123,95809
16,MLP,mfcc,100,0.001,32,adam,1e-5,,,,,,,,,,,1,HeNormal,0.2,,,,,,,,,,,0.08139534883720931,0.012253063265816454,0.00662520281233099,0.08139534883720931,0.08381839348079162,0.012964391687684203,0.0070255230857008116,0.08381839348079162,4.2444051698196765e-07,0.9970738887786865,96076
17,MLP,mfcc,100,0.001,32,adam,1e-5,,,,,,,,,,,1,HeNormal,0.5,,,,,,,,,,,0.2534883720930233,0.15217007611630276,0.16760432744989678,0.2534883720930233,0.22671711292200233,0.13642367589214754,0.14431606824749715,0.22671711292200233,3.908955773641897e-07,1.988710641860962,96025
18,MLP,mfcc,100,0.001,32,adam,1e-5,,,,,,,,,,,1,RandomNormal,0.0,,,,,,,,,,,0.2558139534883721,0.23347044360858443,0.2552734180336077,0.2558139534883721,0.2892898719441211,0.26579137660196106,0.2874703786912556,0.2892898719441211,7.90939774624137e-07,2.686691999435425,96590
19,MLP,mfcc,100,0.001,32,adam,1e-5,,,,,,,,,,,1,RandomNormal,0.2,,,,,,,,,,,0.16511627906976745,0.13493325532308195,0.13500531689408637,0.16511627906976745,0.21769499417927823,0.18398088451569322,0.1978243621365099,0.21769499417927823,7.729197657385538e-07,1.4682815074920654,96374
20,MLP,mfcc,100,0.001,32,adam,1e-5,,,,,,,,,,,1,RandomNormal,0.5,,,,,,,,,,,0.2895348837209302,0.278469969327172,0.30433067528224966,0.2895348837209302,0.30908032596041907,0.30381066673149076,0.32633137520824884,0.30908032596041907,7.585037586300872e-07,2.707146406173706,96523
21,MLP,mfcc,100,0.001,32,adam,1e-5,,,,,,,,,,,1,RandomUniform,0.0,,,,,,,,,,,0.313953488372093,0.27821526472907254,0.3528727548197532,0.313953488372093,0.3428405122235157,0.30288139865148306,0.3689303109257316,0.3428405122235157,3.6372694858284886e-07,1.0383951663970947,95936
22,MLP,mfcc,100,0.001,32,adam,1e-5,,,,,,,,,,,1,RandomUniform,0.2,,,,,,,,,,,0.25465116279069766,0.188076249949528,0.28321247302729513,0.25465116279069766,0.22933643771827705,0.1723993545154469,0.2954756849424299,0.22933643771827705,4.0808389353197674e-07,0.9974255561828613,96070
23,MLP,mfcc,100,0.001,32,adam,1e-5,,,,,,,,,,,1,RandomUniform,0.5,,,,,,,,,,,0.32906976744186045,0.22598825270240788,0.2179572471193761,0.32906976744186045,0.3061699650756694,0.2167219487635612,0.24511850093149798,0.3061699650756694,4.1972759158112285e-07,1.002018928527832,96049
24,MLP,mfcc,100,0.001,32,adam,1e-5,,,,,,,,,,,1,GlorotUniform,0.0,,,,,,,,,,,0.08604651162790698,0.013634779144464917,0.00740400216333153,0.08604651162790698,0.08265424912689173,0.012620326210772715,0.006831724898730283,0.08265424912689173,4.2998513510060865e-07,0.994042158126831,96031
25,MLP,mfcc,100,0.001,32,adam,1e-5,,,,,,,,,,,1,GlorotUniform,0.2,,,,,,,,,,,0.12325581395348838,0.06448260254272734,0.08559712391866083,0.12325581395348838,0.11292200232828871,0.05759112463950372,0.09174281047317275,0.11292200232828871,3.989352736362191e-07,1.1326189041137695,95948
26,MLP,mfcc,100,0.001,32,adam,1e-5,,,,,,,,,,,1,GlorotUniform,0.5,,,,,,,,,,,0.07441860465116279,0.010309070774187053,0.005538128718226068,0.07441860465116279,0.08556461001164144,0.013488469353041599,0.00732130248644429,0.08556461001164144,4.2111374611078304e-07,1.0289514064788818,96185
27,MLP,mfcc,100,0.001,32,adam,1e-5,,,,,,,,,,,1,HeNormal,0.0,,,,,,,,,,,0.11627906976744186,0.05681854644063945,0.11580503039428922,0.11627906976744186,0.10768335273573923,0.053163891937503656,0.12879004798129162,0.10768335273573923,4.144602043684139e-07,1.001739263534546,95633
28,MLP,mfcc,100,0.001,32,adam,1e-5,,,,,,,,,,,1,HeNormal,0.2,,,,,,,,,,,0.3383720930232558,0.25016348003692124,0.30627919166320233,0.3383720930232558,0.3213038416763679,0.23648711804071101,0.3257702228513759,0.3213038416763679,6.135119948276253e-07,1.2237815856933594,96442
29,MLP,mfcc,100,0.001,32,adam,1e-5,,,,,,,,,,,1,HeNormal,0.5,,,,,,,,,,,0.10930232558139535,0.057465886939571144,0.08414709866787085,0.10930232558139535,0.11437718277066357,0.05752701878783004,0.09130819982748548,0.11437718277066357,4.0808389353197674e-07,0.9962232112884521,95879
30,MLP,mfcc,100,0.001,32,adam,1e-5,,,,,,,,,,,2,HeNormal,0.0,,,,,,,,,,,0.07790697674418605,0.011261634178771228,0.006069497025419146,0.07790697674418605,0.08469150174621654,0.013225235850898315,0.007172650468029397,0.08469150174621654,7.972051930982014e-06,1.813263177871704,222849
31,MLP,mfcc,100,0.001,32,adam,1e-5,,,,,,,,,,,2,HeNormal,0.2,,,,,,,,,,,0.08953488372093023,0.01471544513663101,0.008016495402920498,0.08953488372093023,0.08178114086146682,0.012365079678273973,0.006688155000603078,0.08178114086146682,8.694238440935003e-06,2.430206060409546,223054
32,MLP,mfcc,100,0.001,32,adam,1e-5,,,,,,,,,,,2,HeNormal,0.5,,,,,,,,,,,0.08953488372093023,0.01471544513663101,0.008016495402920498,0.08953488372093023,0.08178114086146682,0.012365079678273973,0.006688155000603078,0.08178114086146682,9.76130019786746e-07,1.7680399417877197,223361
33,MLP,mfcc,100,0.001,32,adam,1e-5,,,,,,,,,,,2,RandomNormal,0.0,,,,,,,,,,,0.07906976744186046,0.02943043205654355,0.10327643487226487,0.07906976744186046,0.09749708963911526,0.03258964277455315,0.1955334106690098,0.09749708963911526,9.267829185308412e-07,2.3499906063079834,221264
34,MLP,mfcc,100,0.001,32,adam,1e-5,,,,,,,,,,,2,RandomNormal,0.2,,,,,,,,,,,0.08837209302325581,0.014351023653349235,0.0078096268253109785,0.08837209302325581,0.08236321303841676,0.013040027042816428,0.09143323023438535,0.08236321303841676,1.0947848475256632e-06,2.9280903339385986,219689
35,MLP,mfcc,100,0.001,32,adam,1e-5,,,,,,,,,,,2,RandomNormal,0.5,,,,,,,,,,,0.08953488372093023,0.01873618737927137,0.0374303921684539,0.08953488372093023,0.08323632130384168,0.014830815272848824,0.033303589741668596,0.08323632130384168,4.152364509050236e-06,2.128981590270996,219754
36,MLP,mfcc,100,0.001,32,adam,1e-5,,,,,,,,,,,2,RandomUniform,0.0,,,,,,,,,,,0.08604651162790698,0.013634779144464917,0.00740400216333153,0.08604651162790698,0.08265424912689173,0.012620326210772715,0.006831724898730283,0.08265424912689173,6.845939991086028e-06,2.8470849990844727,220335
37,MLP,mfcc,100,0.001,32,adam,1e-5,,,,,,,,,,,2,RandomUniform,0.2,,,,,,,,,,,0.08953488372093023,0.01471544513663101,0.008016495402920498,0.08953488372093023,0.08178114086146682,0.012365079678273973,0.006688155000603078,0.08178114086146682,3.985471503679142e-06,2.610407829284668,220906
38,MLP,mfcc,100,0.001,32,adam,1e-5,,,,,,,,,,,2,RandomUniform,0.5,,,,,,,,,,,0.09069767441860466,0.015084048197550454,0.008226068144943213,0.09069767441860466,0.08149010477299184,0.012280532473863142,0.006640637175913189,0.08149010477299184,5.0572461860124455e-06,1.7974138259887695,220461
39,MLP,mfcc,100,0.001,32,adam,1e-5,,,,,,,,,,,2,GlorotUniform,0.0,,,,,,,,,,,0.09069767441860466,0.015084048197550454,0.008226068144943213,0.09069767441860466,0.08149010477299184,0.012280532473863142,0.006640637175913189,0.08149010477299184,4.779460818268532e-06,2.3330624103546143,223552
40,MLP,mfcc,100,0.001,32,adam,1e-5,,,,,,,,,,,2,GlorotUniform,0.2,,,,,,,,,,,0.06627906976744186,0.008239709872942608,0.0043929150892374254,0.06627906976744186,0.08760186263096624,0.01411194040777139,0.007674086336414679,0.08760186263096624,4.5002892959949585e-06,2.5505073070526123,223529
41,MLP,mfcc,100,0.001,32,adam,1e-5,,,,,,,,,,,2,GlorotUniform,0.5,,,,,,,,,,,0.06627906976744186,0.008239709872942608,0.0043929150892374254,0.06627906976744186,0.08760186263096624,0.01411194040777139,0.007674086336414679,0.08760186263096624,8.155578790709029e-06,2.4616005420684814,223387
42,MLP,mfcc,100,0.001,32,adam,1e-5,,,,,,,,,,,2,HeNormal,0.0,,,,,,,,,,,0.07441860465116279,0.010309070774187053,0.005538128718226068,0.07441860465116279,0.08556461001164144,0.013488469353041599,0.00732130248644429,0.08556461001164144,1.6592269720033159e-06,2.8223586082458496,223947
43,MLP,mfcc,100,0.001,32,adam,1e-5,,,,,,,,,,,2,HeNormal,0.2,,,,,,,,,,,0.10348837209302325,0.019410885387311002,0.010709843158464034,0.10348837209302325,0.07828870779976717,0.011368238811410185,0.006129121768957325,0.07828870779976717,4.326742748881495e-06,2.449418067932129,223199
44,MLP,mfcc,100,0.001,32,adam,1e-5,,,,,,,,,,,2,HeNormal,0.5,,,,,,,,,,,0.09069767441860466,0.015084048197550454,0.008226068144943213,0.09069767441860466,0.08149010477299184,0.012280532473863142,0.006640637175913189,0.08149010477299184,7.368797479673873e-07,2.3909354209899902,223429
45,MLP,mfcc,100,0.001,32,adam,1e-5,,,,,,,,,,,3,HeNormal,0.0,,,,,,,,,,,0.07790697674418605,0.011261634178771228,0.006069497025419146,0.07790697674418605,0.08469150174621654,0.013225235850898315,0.007172650468029397,0.08469150174621654,6.873663081679233e-06,7.027840852737427,564703
46,MLP,mfcc,100,0.001,32,adam,1e-5,,,,,,,,,,,3,HeNormal,0.2,,,,,,,,,,,0.08139534883720931,0.012253063265816454,0.00662520281233099,0.08139534883720931,0.08381839348079162,0.012964391687684203,0.0070255230857008116,0.08381839348079162,8.319699487020804e-06,4.781044244766235,563175
47,MLP,mfcc,100,0.001,32,adam,1e-5,,,,,,,,,,,3,HeNormal,0.5,,,,,,,,,,,0.08139534883720931,0.012253063265816454,0.00662520281233099,0.08139534883720931,0.08381839348079162,0.012964391687684203,0.0070255230857008116,0.08381839348079162,1.0301346002623092e-05,5.655945062637329,567101
48,MLP,mfcc,100,0.001,32,adam,1e-5,,,,,,,,,,,3,RandomNormal,0.0,,,,,,,,,,,0.09302325581395349,0.025258862075083998,0.09665313734093903,0.09302325581395349,0.08352735739231665,0.015337481758612161,0.06285418770773166,0.08352735739231665,2.0920398623444315e-05,5.710894346237183,551727
49,MLP,mfcc,100,0.001,32,adam,1e-5,,,,,,,,,,,3,RandomNormal,0.2,,,,,,,,,,,0.08837209302325581,0.02027181593707628,0.026663010976444232,0.08837209302325581,0.08323632130384168,0.02203711688828316,0.0722581937891543,0.08323632130384168,1.0284712148267169e-05,6.14210057258606,552113
50,MLP,mfcc,100,0.001,32,adam,1e-5,,,,,,,,,,,3,RandomNormal,0.5,,,,,,,,,,,0.08953488372093023,0.01471544513663101,0.008016495402920498,0.08953488372093023,0.08207217694994179,0.012949709595051526,0.04772813873183524,0.08207217694994179,7.020872692729152e-06,5.56097674369812,551802
51,MLP,mfcc,100,0.001,32,adam,1e-5,,,,,,,,,,,3,RandomUniform,0.0,,,,,,,,,,,0.07790697674418605,0.011261634178771228,0.006069497025419146,0.07790697674418605,0.08469150174621654,0.013225235850898315,0.007172650468029397,0.08469150174621654,6.992872371230015e-06,9.130891799926758,555393
52,MLP,mfcc,100,0.001,32,adam,1e-5,,,,,,,,,,,3,RandomUniform,0.2,,,,,,,,,,,0.10348837209302325,0.019534390490517643,0.010785087958172212,0.10348837209302325,0.07916181606519208,0.013124919243101036,0.15362596327172107,0.07916181606519208,7.031961928966434e-06,5.47887921333313,556329
53,MLP,mfcc,100,0.001,32,adam,1e-5,,,,,,,,,,,3,RandomUniform,0.5,,,,,,,,,,,0.08953488372093023,0.01471544513663101,0.008016495402920498,0.08953488372093023,0.08178114086146682,0.012365079678273973,0.006688155000603078,0.08178114086146682,7.930744525998138e-06,5.689321517944336,554730
54,MLP,mfcc,100,0.001,32,adam,1e-5,,,,,,,,,,,3,GlorotUniform,0.0,,,,,,,,,,,0.07790697674418605,0.011261634178771228,0.006069497025419146,0.07790697674418605,0.08469150174621654,0.013225235850898315,0.007172650468029397,0.08469150174621654,2.0800080410269803e-05,5.5307533740997314,564766
55,MLP,mfcc,100,0.001,32,adam,1e-5,,,,,,,,,,,3,GlorotUniform,0.2,,,,,,,,,,,0.07790697674418605,0.011261634178771228,0.006069497025419146,0.07790697674418605,0.08469150174621654,0.013225235850898315,0.007172650468029397,0.08469150174621654,7.015882536422375e-06,5.262364149093628,564533
56,MLP,mfcc,100,0.001,32,adam,1e-5,,,,,,,,,,,3,GlorotUniform,0.5,,,,,,,,,,,0.07790697674418605,0.011261634178771228,0.006069497025419146,0.07790697674418605,0.08469150174621654,0.013225235850898315,0.007172650468029397,0.08469150174621654,6.9424163463503815e-06,5.562269687652588,568684
57,MLP,mfcc,100,0.001,32,adam,1e-5,,,,,,,,,,,3,HeNormal,0.0,,,,,,,,,,,0.07441860465116279,0.010309070774187053,0.005538128718226068,0.07441860465116279,0.08556461001164144,0.013488469353041599,0.00732130248644429,0.08556461001164144,6.969862206037654e-06,5.177492618560791,566615
58,MLP,mfcc,100,0.001,32,adam,1e-5,,,,,,,,,,,3,HeNormal,0.2,,,,,,,,,,,0.07441860465116279,0.010309070774187053,0.005538128718226068,0.07441860465116279,0.08556461001164144,0.013488469353041599,0.00732130248644429,0.08556461001164144,7.007011147432549e-06,5.55182671546936,564830
59,MLP,mfcc,100,0.001,32,adam,1e-5,,,,,,,,,,,3,HeNormal,0.5,,,,,,,,,,,0.08953488372093023,0.01471544513663101,0.008016495402920498,0.08953488372093023,0.08178114086146682,0.012365079678273973,0.006688155000603078,0.08178114086146682,7.023645001788472e-06,4.987457990646362,566092
60,MLP,mfcc,100,0.001,32,sgd,1e-5,,,,,,,,,,,0,HeNormal,0.0,,,,,,,,,,,0.9430232558139535,0.9431936631312523,0.944177555291315,0.9430232558139535,0.9764260768335273,0.9764725972985376,0.9767307155657438,0.9764260768335273,3.825786501862282e-07,0.6307930946350098,46791
61,MLP,mfcc,100,0.001,32,sgd,1e-5,,,,,,,,,,,0,HeNormal,0.2,,,,,,,,,,,0.9604651162790697,0.9603897196840128,0.9606525640438461,0.9604651162790697,0.9869033760186263,0.9869003313170098,0.9869416641086626,0.9869033760186263,2.980232238769531e-07,0.6359279155731201,47198
62,MLP,mfcc,100,0.001,32,sgd,1e-5,,,,,,,,,,,0,HeNormal,0.5,,,,,,,,,,,0.9476744186046512,0.9477681017716627,0.9487783869808835,0.9476744186046512,0.9822467986030268,0.98228656091059,0.9824289325017621,0.9822467986030268,4.15014666180278e-07,0.6318910121917725,46859
63,MLP,mfcc,100,0.001,32,sgd,1e-5,,,,,,,,,,,0,RandomNormal,0.0,,,,,,,,,,,0.5174418604651163,0.5004415495888034,0.4957607178243037,0.5174418604651163,0.5928405122235157,0.5730354908395876,0.5685395417300385,0.5928405122235157,2.9857768568881724e-07,0.6364107131958008,45856
64,MLP,mfcc,100,0.001,32,sgd,1e-5,,,,,,,,,,,0,RandomNormal,0.2,,,,,,,,,,,0.45465116279069767,0.44403401938241005,0.44857341328694905,0.45465116279069767,0.530267753201397,0.5196958103899875,0.5221466926462579,0.530267753201397,2.7445859687272894e-07,0.6341071128845215,45820
65,MLP,mfcc,100,0.001,32,sgd,1e-5,,,,,,,,,,,0,RandomNormal,0.5,,,,,,,,,,,0.3674418604651163,0.34612812600934967,0.3484036507512305,0.3674418604651163,0.4161816065192084,0.3944126550554895,0.399472478303039,0.4161816065192084,2.8527060220407885e-07,0.6384696960449219,45805
66,MLP,mfcc,100,0.001,32,sgd,1e-5,,,,,,,,,,,0,RandomUniform,0.0,,,,,,,,,,,0.6569767441860465,0.6519741466053784,0.660365562867851,0.6569767441860465,0.7243888242142026,0.7189688704822601,0.7250310668822179,0.7243888242142026,2.8194383133289424e-07,0.6286823749542236,45933
67,MLP,mfcc,100,0.001,32,sgd,1e-5,,,,,,,,,,,0,RandomUniform,0.2,,,,,,,,,,,0.6779069767441861,0.674841461852247,0.6803515482985301,0.6779069767441861,0.7435972060535506,0.7412418741167046,0.7459773613891814,0.7435972060535506,3.692715667014898e-07,0.6323525905609131,45828
68,MLP,mfcc,100,0.001,32,sgd,1e-5,,,,,,,,,,,0,RandomUniform,0.5,,,,,,,,,,,0.7453488372093023,0.741237145801248,0.7452617591236349,0.7453488372093023,0.8218859138533178,0.8202151694206403,0.8211634237690816,0.8218859138533178,3.5041986509811047e-07,0.6334173679351807,45951
69,MLP,mfcc,100,0.001,32,sgd,1e-5,,,,,,,,,,,0,GlorotUniform,0.0,,,,,,,,,,,0.9441860465116279,0.9442274056154996,0.9448137282569433,0.9441860465116279,0.9775902211874272,0.9776029745844647,0.9776852569191635,0.9775902211874272,3.7647957025572313e-07,0.6435272693634033,46938
70,MLP,mfcc,100,0.001,32,sgd,1e-5,,,,,,,,,,,0,GlorotUniform,0.2,,,,,,,,,,,0.9441860465116279,0.944122986022447,0.9442975599369939,0.9441860465116279,0.9790454016298021,0.9790479241310384,0.979078304260438,0.9790454016298021,3.5984571589980014e-07,0.6338820457458496,46602
71,MLP,mfcc,100,0.001,32,sgd,1e-5,,,,,,,,,,,0,GlorotUniform,0.5,,,,,,,,,,,0.9476744186046512,0.9477650197086992,0.9486393875840534,0.9476744186046512,0.9805005820721769,0.9805418495334601,0.9806903896580803,0.9805005820721769,3.296275471532068e-07,0.6347849369049072,46826
72,MLP,mfcc,100,0.001,32,sgd,1e-5,,,,,,,,,,,0,HeNormal,0.0,,,,,,,,,,,0.9406976744186046,0.9408978588237663,0.9417632127055978,0.9406976744186046,0.9839930151338766,0.9840480357355372,0.9842263575014696,0.9839930151338766,3.742617230082667e-07,0.6442179679870605,46866
73,MLP,mfcc,100,0.001,32,sgd,1e-5,,,,,,,,,,,0,HeNormal,0.2,,,,,,,,,,,0.9476744186046512,0.9478153378164411,0.949356659620695,0.9476744186046512,0.9834109429569267,0.9834171542817345,0.9835063938182519,0.9834109429569267,4.3164852053620093e-07,0.6292273998260498,46863
74,MLP,mfcc,100,0.001,32,sgd,1e-5,,,,,,,,,,,0,HeNormal,0.5,,,,,,,,,,,0.9534883720930233,0.953645206384489,0.9543003796747486,0.9534883720930233,0.9834109429569267,0.9834327463959233,0.9835108876781246,0.9834109429569267,3.271324689998183e-07,0.6295032501220703,47064
75,MLP,mfcc,100,0.001,32,sgd,1e-5,,,,,,,,,,,1,HeNormal,0.0,,,,,,,,,,,0.28837209302325584,0.209411942014643,0.23988429398136785,0.28837209302325584,0.3224679860302678,0.2382141245535279,0.3239126356942643,0.3224679860302678,3.47924786944722e-07,0.9930262565612793,96330
76,MLP,mfcc,100,0.001,32,sgd,1e-5,,,,,,,,,,,1,HeNormal,0.2,,,,,,,,,,,0.11744186046511627,0.06048105326691385,0.09576693850832893,0.11744186046511627,0.1108847497089639,0.06048940956210776,0.11127935315402045,0.1108847497089639,3.6816264307776164e-07,0.9996473789215088,95922
77,MLP,mfcc,100,0.001,32,sgd,1e-5,,,,,,,,,,,1,HeNormal,0.5,,,,,,,,,,,0.08139534883720931,0.012253063265816454,0.00662520281233099,0.08139534883720931,0.08381839348079162,0.01298182163079752,0.007035761388069946,0.08381839348079162,3.8174695746843205e-07,1.0004980564117432,95879
78,MLP,mfcc,100,0.001,32,sgd,1e-5,,,,,,,,,,,1,RandomNormal,0.0,,,,,,,,,,,0.29069767441860467,0.25429973328858146,0.25857831517576263,0.29069767441860467,0.2910360884749709,0.24911742333968612,0.25048410384361314,0.2910360884749709,5.264614903649618e-07,1.0769855976104736,96258
79,MLP,mfcc,100,0.001,32,sgd,1e-5,,,,,,,,,,,1,RandomNormal,0.2,,,,,,,,,,,0.2127906976744186,0.14799293178805445,0.16999725617706743,0.2127906976744186,0.20779976717112922,0.14863816831882504,0.16710139213152506,0.20779976717112922,4.391337549963663e-07,1.0671348571777344,96520
80,MLP,mfcc,100,0.001,32,sgd,1e-5,,,,,,,,,,,1,RandomNormal,0.5,,,,,,,,,,,0.2709302325581395,0.23211196939004114,0.28439774881195484,0.2709302325581395,0.30791618160651923,0.2685077697180379,0.30683910271276804,0.30791618160651923,8.613564247308775e-07,1.9787242412567139,96502
81,MLP,mfcc,100,0.001,32,sgd,1e-5,,,,,,,,,,,1,RandomUniform,0.0,,,,,,,,,,,0.3081395348837209,0.23210643455046306,0.2443821093013772,0.3081395348837209,0.27270081490104775,0.19873300882869557,0.30057131162568956,0.27270081490104775,3.506970960040425e-07,0.9915449619293213,95831
82,MLP,mfcc,100,0.001,32,sgd,1e-5,,,,,,,,,,,1,RandomUniform,0.2,,,,,,,,,,,0.2813953488372093,0.2567775242233574,0.33099713501621625,0.2813953488372093,0.28870779976717115,0.2532867168683118,0.3257448971043934,0.28870779976717115,3.9782635001249093e-07,1.0022385120391846,96055
83,MLP,mfcc,100,0.001,32,sgd,1e-5,,,,,,,,,,,1,RandomUniform,0.5,,,,,,,,,,,0.2058139534883721,0.16374684674428241,0.19478103978305902,0.2058139534883721,0.22671711292200233,0.178467650860034,0.18643409289670418,0.22671711292200233,3.6289525586505267e-07,0.9983611106872559,96011
84,MLP,mfcc,100,0.001,32,sgd,1e-5,,,,,,,,,,,1,GlorotUniform,0.0,,,,,,,,,,,0.09069767441860466,0.015084048197550454,0.008226068144943213,0.09069767441860466,0.08149010477299184,0.012280532473863142,0.006640637175913189,0.08149010477299184,3.9865804273028707e-07,1.0521490573883057,96167
85,MLP,mfcc,100,0.001,32,sgd,1e-5,,,,,,,,,,,1,GlorotUniform,0.2,,,,,,,,,,,0.09069767441860466,0.015084048197550454,0.008226068144943213,0.09069767441860466,0.08149010477299184,0.012280532473863142,0.006640637175913189,0.08149010477299184,4.2610390241756e-07,1.054187297821045,96113
86,MLP,mfcc,100,0.001,32,sgd,1e-5,,,,,,,,,,,1,GlorotUniform,0.5,,,,,,,,,,,0.09069767441860466,0.015084048197550454,0.008226068144943213,0.09069767441860466,0.08149010477299184,0.012280532473863142,0.006640637175913189,0.08149010477299184,4.252722096997638e-07,1.0467662811279297,96622
87,MLP,mfcc,100,0.001,32,sgd,1e-5,,,,,,,,,,,1,HeNormal,0.0,,,,,,,,,,,0.23604651162790696,0.12390208836823978,0.08654976895131307,0.23604651162790696,0.2552386495925495,0.14407405876015014,0.2702096058286463,0.2552386495925495,3.612318704294604e-07,1.0120513439178467,96495
88,MLP,mfcc,100,0.001,32,sgd,1e-5,,,,,,,,,,,1,HeNormal,0.2,,,,,,,,,,,0.09069767441860466,0.015084048197550454,0.008226068144943213,0.09069767441860466,0.08149010477299184,0.012280532473863142,0.006640637175913189,0.08149010477299184,6.39571699985238e-07,1.1253106594085693,95798
89,MLP,mfcc,100,0.001,32,sgd,1e-5,,,,,,,,,,,1,HeNormal,0.5,,,,,,,,,,,0.08837209302325581,0.014351023653349235,0.0078096268253109785,0.08837209302325581,0.08207217694994179,0.012456595209840467,0.006739765259139076,0.08207217694994179,3.634497176769168e-07,1.179175853729248,96119
90,MLP,mfcc,100,0.001,32,sgd,1e-5,,,,,,,,,,,2,HeNormal,0.0,,,,,,,,,,,0.07790697674418605,0.011261634178771228,0.006069497025419146,0.07790697674418605,0.08469150174621654,0.013225235850898315,0.007172650468029397,0.08469150174621654,1.1463497960290244e-06,2.9926223754882812,222887
91,MLP,mfcc,100,0.001,32,sgd,1e-5,,,,,,,,,,,2,HeNormal,0.2,,,,,,,,,,,0.06627906976744186,0.008239709872942608,0.0043929150892374254,0.06627906976744186,0.08760186263096624,0.01411194040777139,0.007674086336414679,0.08760186263096624,9.42585080168968e-07,2.442399024963379,223299
92,MLP,mfcc,100,0.001,32,sgd,1e-5,,,,,,,,,,,2,HeNormal,0.5,,,,,,,,,,,0.07441860465116279,0.010309070774187053,0.005538128718226068,0.07441860465116279,0.08556461001164144,0.013488469353041599,0.00732130248644429,0.08556461001164144,4.701836164607558e-06,2.5398261547088623,222925
93,MLP,mfcc,100,0.001,32,sgd,1e-5,,,,,,,,,,,2,RandomNormal,0.0,,,,,,,,,,,0.07790697674418605,0.011273795770756944,0.006076562796112298,0.07790697674418605,0.08527357392316648,0.014386642636961999,0.031135405222193557,0.08527357392316648,4.656924757846566e-06,2.6161937713623047,219449
94,MLP,mfcc,100,0.001,32,sgd,1e-5,,,,,,,,,,,2,RandomNormal,0.2,,,,,,,,,,,0.06744186046511629,0.010554959907192312,0.04512145307989761,0.06744186046511629,0.08876600698486613,0.016503029724585505,0.049657701192914426,0.08876600698486613,8.86584437170694e-06,2.662982702255249,219753
95,MLP,mfcc,100,0.001,32,sgd,1e-5,,,,,,,,,,,2,RandomNormal,0.5,,,,,,,,,,,0.09069767441860466,0.033475747643533685,0.08691723919855117,0.09069767441860466,0.09138533178114086,0.02554672744704898,0.05499778341575959,0.09138533178114086,1.2882920198662336e-05,2.251413583755493,219660
96,MLP,mfcc,100,0.001,32,sgd,1e-5,,,,,,,,,,,2,RandomUniform,0.0,,,,,,,,,,,0.07441860465116279,0.010309070774187053,0.005538128718226068,0.07441860465116279,0.08556461001164144,0.013488469353041599,0.00732130248644429,0.08556461001164144,4.6863112338753636e-06,3.0325992107391357,220345
97,MLP,mfcc,100,0.001,32,sgd,1e-5,,,,,,,,,,,2,RandomUniform,0.2,,,,,,,,,,,0.10348837209302325,0.019410885387311002,0.010709843158464034,0.10348837209302325,0.07828870779976717,0.011368238811410185,0.006129121768957325,0.07828870779976717,9.276146112486374e-07,3.512547016143799,220425
98,MLP,mfcc,100,0.001,32,sgd,1e-5,,,,,,,,,,,2,RandomUniform,0.5,,,,,,,,,,,0.07790697674418605,0.011261634178771228,0.006069497025419146,0.07790697674418605,0.08469150174621654,0.013225235850898315,0.007172650468029397,0.08469150174621654,4.998473233954851e-06,1.9302570819854736,220379
99,MLP,mfcc,100,0.001,32,sgd,1e-5,,,,,,,,,,,2,GlorotUniform,0.0,,,,,,,,,,,0.06627906976744186,0.008239709872942608,0.0043929150892374254,0.06627906976744186,0.08760186263096624,0.01411194040777139,0.007674086336414679,0.08760186263096624,4.263534102328988e-06,2.4043500423431396,224006
100,MLP,mfcc,100,0.001,32,sgd,1e-5,,,,,,,,,,,2,GlorotUniform,0.2,,,,,,,,,,,0.08953488372093023,0.01471544513663101,0.008016495402920498,0.08953488372093023,0.08178114086146682,0.012365079678273973,0.006688155000603078,0.08178114086146682,8.69396121002907e-07,2.4003350734710693,222780
101,MLP,mfcc,100,0.001,32,sgd,1e-5,,,,,,,,,,,2,GlorotUniform,0.5,,,,,,,,,,,0.08837209302325581,0.014351023653349235,0.0078096268253109785,0.08837209302325581,0.08207217694994179,0.012449894513116507,0.006735842229302557,0.08207217694994179,4.254939944245095e-06,2.7234280109405518,222791
102,MLP,mfcc,100,0.001,32,sgd,1e-5,,,,,,,,,,,2,HeNormal,0.0,,,,,,,,,,,0.06627906976744186,0.008239709872942608,0.0043929150892374254,0.06627906976744186,0.08760186263096624,0.01411194040777139,0.007674086336414679,0.08760186263096624,4.939977512803189e-06,2.4431984424591064,223327
103,MLP,mfcc,100,0.001,32,sgd,1e-5,,,,,,,,,,,2,HeNormal,0.2,,,,,,,,,,,0.10348837209302325,0.019410885387311002,0.010709843158464034,0.10348837209302325,0.07828870779976717,0.011368238811410185,0.006129121768957325,0.07828870779976717,8.38429428810297e-06,1.9045329093933105,223293
104,MLP,mfcc,100,0.001,32,sgd,1e-5,,,,,,,,,,,2,HeNormal,0.5,,,,,,,,,,,0.08604651162790698,0.013634779144464917,0.00740400216333153,0.08604651162790698,0.08265424912689173,0.012620326210772715,0.006831724898730283,0.08265424912689173,1.158215278802916e-05,2.5973587036132812,223980
105,MLP,mfcc,100,0.001,32,sgd,1e-5,,,,,,,,,,,3,HeNormal,0.0,,,,,,,,,,,0.07441860465116279,0.010309070774187053,0.005538128718226068,0.07441860465116279,0.08556461001164144,0.013488469353041599,0.00732130248644429,0.08556461001164144,1.0374812192695085e-05,5.168766736984253,567371
106,MLP,mfcc,100,0.001,32,sgd,1e-5,,,,,,,,,,,3,HeNormal,0.2,,,,,,,,,,,0.08953488372093023,0.01471544513663101,0.008016495402920498,0.08953488372093023,0.08178114086146682,0.012365079678273973,0.006688155000603078,0.08178114086146682,1.044023868649505e-05,4.819781064987183,567518
107,MLP,mfcc,100,0.001,32,sgd,1e-5,,,,,,,,,,,3,HeNormal,0.5,,,,,,,,,,,0.07441860465116279,0.010309070774187053,0.005538128718226068,0.07441860465116279,0.08556461001164144,0.013488469353041599,0.00732130248644429,0.08556461001164144,6.794097811676735e-06,5.246236801147461,565808
108,MLP,mfcc,100,0.001,32,sgd,1e-5,,,,,,,,,,,3,RandomNormal,0.0,,,,,,,,,,,0.09767441860465116,0.03196671951083596,0.04054406978865679,0.09767441860465116,0.09691501746216531,0.036352129552778174,0.1494193493770007,0.09691501746216531,2.080507056657658e-05,5.680970191955566,552440
109,MLP,mfcc,100,0.001,32,sgd,1e-5,,,,,,,,,,,3,RandomNormal,0.2,,,,,,,,,,,0.07441860465116279,0.010353892821031345,0.005564007824386002,0.07441860465116279,0.08643771827706635,0.015200064077347369,0.021193885146328174,0.08643771827706635,8.06631043899891e-06,5.645917177200317,551247
110,MLP,mfcc,100,0.001,32,sgd,1e-5,,,,,,,,,,,3,RandomNormal,0.5,,,,,,,,,,,0.10348837209302325,0.019493047865140892,0.010759889154531622,0.10348837209302325,0.07945285215366706,0.0136894395216585,0.05305618285138535,0.07945285215366706,7.033070852590162e-06,6.091758966445923,552132
111,MLP,mfcc,100,0.001,32,sgd,1e-5,,,,,,,,,,,3,RandomUniform,0.0,,,,,,,,,,,0.08953488372093023,0.01471544513663101,0.008016495402920498,0.08953488372093023,0.08178114086146682,0.012365079678273973,0.006688155000603078,0.08178114086146682,7.97565593275913e-06,5.965666770935059,554748
112,MLP,mfcc,100,0.001,32,sgd,1e-5,,,,,,,,,,,3,RandomUniform,0.2,,,,,,,,,,,0.0686046511627907,0.012792155846476262,0.08232041947402739,0.0686046511627907,0.08818393480791618,0.015281407141717978,0.1326807924998313,0.08818393480791618,1.1703025463015534e-05,5.384814977645874,556112
113,MLP,mfcc,100,0.001,32,sgd,1e-5,,,,,,,,,,,3,RandomUniform,0.5,,,,,,,,,,,0.08837209302325581,0.014351023653349235,0.0078096268253109785,0.08837209302325581,0.08207217694994179,0.012449894513116507,0.006735842229302557,0.08207217694994179,6.970971129661382e-06,10.746604204177856,554886
114,MLP,mfcc,100,0.001,32,sgd,1e-5,,,,,,,,,,,3,GlorotUniform,0.0,,,,,,,,,,,0.07790697674418605,0.011261634178771228,0.006069497025419146,0.07790697674418605,0.08469150174621654,0.013225235850898315,0.007172650468029397,0.08469150174621654,6.9659809733546055e-06,5.354547500610352,565996
115,MLP,mfcc,100,0.001,32,sgd,1e-5,,,,,,,,,,,3,GlorotUniform,0.2,,,,,,,,,,,0.08953488372093023,0.01471544513663101,0.008016495402920498,0.08953488372093023,0.08178114086146682,0.012365079678273973,0.006688155000603078,0.08178114086146682,7.007842840150345e-06,4.998032569885254,568456
116,MLP,mfcc,100,0.001,32,sgd,1e-5,,,,,,,,,,,3,GlorotUniform,0.5,,,,,,,,,,,0.08837209302325581,0.014351023653349235,0.0078096268253109785,0.08837209302325581,0.08207217694994179,0.012449894513116507,0.006735842229302557,0.08207217694994179,2.0892398301945177e-05,5.1873626708984375,565547
117,MLP,mfcc,100,0.001,32,sgd,1e-5,,,,,,,,,,,3,HeNormal,0.0,,,,,,,,,,,0.07441860465116279,0.010309070774187053,0.005538128718226068,0.07441860465116279,0.08556461001164144,0.013488469353041599,0.00732130248644429,0.08556461001164144,7.006179454714753e-06,5.226072549819946,565633
118,MLP,mfcc,100,0.001,32,sgd,1e-5,,,,,,,,,,,3,HeNormal,0.2,,,,,,,,,,,0.07441860465116279,0.010309070774187053,0.005538128718226068,0.07441860465116279,0.08556461001164144,0.013488469353041599,0.00732130248644429,0.08556461001164144,7.043328396109648e-06,5.243898868560791,566157
119,MLP,mfcc,100,0.001,32,sgd,1e-5,,,,,,,,,,,3,HeNormal,0.5,,,,,,,,,,,0.08953488372093023,0.01471544513663101,0.008016495402920498,0.08953488372093023,0.08178114086146682,0.012365079678273973,0.006688155000603078,0.08178114086146682,1.494773598604424e-05,5.265885353088379,564461
120,MLP,mfcc,100,0.001,32,adamw,1e-5,,,,,,,,,,,0,HeNormal,0.0,,,,,,,,,,,0.9279069767441861,0.9281705160699599,0.9293913856950745,0.9279069767441861,0.9726426076833528,0.9727289674521724,0.9730091477947487,0.9726426076833528,3.8673711377520894e-07,0.6448373794555664,46578
121,MLP,mfcc,100,0.001,32,adamw,1e-5,,,,,,,,,,,0,HeNormal,0.2,,,,,,,,,,,0.9290697674418604,0.9292564792321,0.9314407759007457,0.9290697674418604,0.9837019790454016,0.9837208816952743,0.9838424286037067,0.9837019790454016,2.777853677439135e-07,0.6353762149810791,46618
122,MLP,mfcc,100,0.001,32,adamw,1e-5,,,,,,,,,,,0,HeNormal,0.5,,,,,,,,,,,0.9348837209302325,0.9351323786571174,0.9363923471967398,0.9348837209302325,0.9822467986030268,0.9822511020184914,0.9823501784916858,0.9822467986030268,4.100245098735011e-07,0.6449921131134033,46842
123,MLP,mfcc,100,0.001,32,adamw,1e-5,,,,,,,,,,,0,RandomNormal,0.0,,,,,,,,,,,0.4116279069767442,0.3873542466522949,0.4007004993075414,0.4116279069767442,0.46216530849825377,0.43841726835718026,0.44062794446172937,0.46216530849825377,2.97468762065089e-07,0.6323633193969727,45713
124,MLP,mfcc,100,0.001,32,adamw,1e-5,,,,,,,,,,,0,RandomNormal,0.2,,,,,,,,,,,0.41511627906976745,0.387784730675178,0.38787478715537566,0.41511627906976745,0.4810826542491269,0.457060881164248,0.4630939991978142,0.4810826542491269,3.8618265196334483e-07,0.631065845489502,45841
125,MLP,mfcc,100,0.001,32,adamw,1e-5,,,,,,,,,,,0,RandomNormal,0.5,,,,,,,,,,,0.4186046511627907,0.3993084304946787,0.39084218357956013,0.4186046511627907,0.4927240977881257,0.47776899311806087,0.47461781518320756,0.4927240977881257,3.667764885481014e-07,0.6318671703338623,45783
126,MLP,mfcc,100,0.001,32,adamw,1e-5,,,,,,,,,,,0,RandomUniform,0.0,,,,,,,,,,,0.8069767441860465,0.8076531663119447,0.8097975862846886,0.8069767441860465,0.8713620488940629,0.8713153860714016,0.8723952445107124,0.8713620488940629,4.1196512621502546e-07,0.6312074661254883,45991
127,MLP,mfcc,100,0.001,32,adamw,1e-5,,,,,,,,,,,0,RandomUniform,0.2,,,,,,,,,,,0.7116279069767442,0.7091458325491633,0.7143651018311941,0.7116279069767442,0.7959837019790454,0.7945797293535022,0.7964435196751908,0.7959837019790454,3.972718882006268e-07,0.6402270793914795,45935
128,MLP,mfcc,100,0.001,32,adamw,1e-5,,,,,,,,,,,0,RandomUniform,0.5,,,,,,,,,,,0.8046511627906977,0.8040427062258068,0.8065597622145396,0.8046511627906977,0.8870779976717112,0.8868755784360934,0.8873874356018453,0.8870779976717112,3.243601599404978e-07,0.6350357532501221,46090
129,MLP,mfcc,100,0.001,32,adamw,1e-5,,,,,,,,,,,0,GlorotUniform,0.0,,,,,,,,,,,0.958139534883721,0.9581436519449557,0.9584881134193239,0.958139534883721,0.9828288707799767,0.9828887758723237,0.9830983577621344,0.9828288707799767,3.537466359692951e-07,0.6326055526733398,47188
130,MLP,mfcc,100,0.001,32,adamw,1e-5,,,,,,,,,,,0,GlorotUniform,0.2,,,,,,,,,,,0.9372093023255814,0.9374331317527335,0.9387210609691738,0.9372093023255814,0.9784633294528522,0.978530282405618,0.9789794357411918,0.9784633294528522,3.9228173189384994e-07,0.6366240978240967,46770
131,MLP,mfcc,100,0.001,32,adamw,1e-5,,,,,,,,,,,0,GlorotUniform,0.5,,,,,,,,,,,0.9302325581395349,0.9305368010776819,0.9322468155760453,0.9302325581395349,0.980791618160652,0.9808581449313382,0.9810797014917445,0.980791618160652,3.545783286870912e-07,0.6355319023132324,46757
132,MLP,mfcc,100,0.001,32,adamw,1e-5,,,,,,,,,,,0,HeNormal,0.0,,,,,,,,,,,0.9453488372093023,0.9455567542256945,0.9470867739765464,0.9453488372093023,0.9755529685681025,0.97563136127616,0.9759107662933174,0.9755529685681025,3.3461770345998367e-07,0.6297903060913086,46880
133,MLP,mfcc,100,0.001,32,adamw,1e-5,,,,,,,,,,,0,HeNormal,0.2,,,,,,,,,,,0.9348837209302325,0.9348484108196023,0.9353391681309753,0.9348837209302325,0.9781722933643772,0.9781645525357525,0.9782401530110115,0.9781722933643772,2.855478331100109e-07,0.6309847831726074,46972
134,MLP,mfcc,100,0.001,32,adamw,1e-5,,,,,,,,,,,0,HeNormal,0.5,,,,,,,,,,,0.9290697674418604,0.9292461685755842,0.9305320145315789,0.9290697674418604,0.9755529685681025,0.975590519602106,0.9757638862889956,0.9755529685681025,3.617863322413245e-07,0.6368329524993896,46730
135,MLP,mfcc,100,0.001,32,adamw,1e-5,,,,,,,,,,,1,HeNormal,0.0,,,,,,,,,,,0.18953488372093022,0.10644526320839275,0.07918001516944484,0.18953488372093022,0.18131548311990686,0.10117160846220287,0.09815354894450135,0.18131548311990686,3.742617230082667e-07,1.0258772373199463,95749
136,MLP,mfcc,100,0.001,32,adamw,1e-5,,,,,,,,,,,1,HeNormal,0.2,,,,,,,,,,,0.07790697674418605,0.011261634178771228,0.006069497025419146,0.07790697674418605,0.08469150174621654,0.013225235850898315,0.007172650468029397,0.08469150174621654,3.958857336709666e-07,1.0115785598754883,96736
137,MLP,mfcc,100,0.001,32,adamw,1e-5,,,,,,,,,,,1,HeNormal,0.5,,,,,,,,,,,0.07790697674418605,0.011261634178771228,0.006069497025419146,0.07790697674418605,0.08469150174621654,0.013225235850898315,0.007172650468029397,0.08469150174621654,4.441239113031432e-07,1.0043754577636719,95857
138,MLP,mfcc,100,0.001,32,adamw,1e-5,,,,,,,,,,,1,RandomNormal,0.0,,,,,,,,,,,0.22093023255813954,0.1913497606286901,0.18548847836695723,0.22093023255813954,0.24941792782305006,0.22157859433131843,0.22147996278668888,0.24941792782305006,4.019848136014717e-07,1.0130903720855713,96430
139,MLP,mfcc,100,0.001,32,adamw,1e-5,,,,,,,,,,,1,RandomNormal,0.2,,,,,,,,,,,0.2627906976744186,0.23439597296623513,0.2736679674801491,0.2627906976744186,0.3341094295692666,0.3082702902050958,0.33432707486023366,0.3341094295692666,3.936678864235102e-07,1.0056118965148926,96492
140,MLP,mfcc,100,0.001,32,adamw,1e-5,,,,,,,,,,,1,RandomNormal,0.5,,,,,,,,,,,0.2069767441860465,0.16575266849076184,0.1652043563989382,0.2069767441860465,0.20372526193247964,0.1594819389716625,0.16649671059169963,0.20372526193247964,4.4329221858534703e-07,1.027721881866455,96469
141,MLP,mfcc,100,0.001,32,adamw,1e-5,,,,,,,,,,,1,RandomUniform,0.0,,,,,,,,,,,0.2709302325581395,0.20993461565048174,0.30403567960250794,0.2709302325581395,0.30675203725261935,0.24002309700859958,0.33160529132151867,0.30675203725261935,3.6843987398369366e-07,0.9905233383178711,95967
142,MLP,mfcc,100,0.001,32,adamw,1e-5,,,,,,,,,,,1,RandomUniform,0.2,,,,,,,,,,,0.21976744186046512,0.12957259284161382,0.13354615720373622,0.21976744186046512,0.2179860302677532,0.13688814268218344,0.1527083394537743,0.2179860302677532,4.2721282604128815e-07,1.0093052387237549,96128
143,MLP,mfcc,100,0.001,32,adamw,1e-5,,,,,,,,,,,1,RandomUniform,0.5,,,,,,,,,,,0.33488372093023255,0.25122160216386896,0.3450946280032273,0.33488372093023255,0.3149010477299185,0.2352233162610184,0.24518478938147958,0.3149010477299185,3.8063803384470383e-07,1.2652270793914795,96100
144,MLP,mfcc,100,0.001,32,adamw,1e-5,,,,,,,,,,,1,GlorotUniform,0.0,,,,,,,,,,,0.07441860465116279,0.010309070774187053,0.005538128718226068,0.07441860465116279,0.08556461001164144,0.013488469353041599,0.00732130248644429,0.08556461001164144,4.6463899834211484e-07,1.1457765102386475,96362
145,MLP,mfcc,100,0.001,32,adamw,1e-5,,,,,,,,,,,1,GlorotUniform,0.2,,,,,,,,,,,0.10348837209302325,0.019410885387311002,0.010709843158464034,0.10348837209302325,0.07828870779976717,0.011368238811410185,0.006129121768957325,0.07828870779976717,1.1061513146688772e-06,2.8259100914001465,96165
146,MLP,mfcc,100,0.001,32,adamw,1e-5,,,,,,,,,,,1,GlorotUniform,0.5,,,,,,,,,,,0.08953488372093023,0.01471544513663101,0.008016495402920498,0.08953488372093023,0.08178114086146682,0.012365079678273973,0.006688155000603078,0.08178114086146682,8.935152098189953e-07,2.724909543991089,95911
147,MLP,mfcc,100,0.001,32,adamw,1e-5,,,,,,,,,,,1,HeNormal,0.0,,,,,,,,,,,0.17209302325581396,0.09704832112078152,0.07033876624118812,0.17209302325581396,0.13533178114086147,0.06864741862617635,0.05034771483583501,0.13533178114086147,4.1917312976925873e-07,1.6500470638275146,95951
148,MLP,mfcc,100,0.001,32,adamw,1e-5,,,,,,,,,,,1,HeNormal,0.2,,,,,,,,,,,0.27906976744186046,0.2092995587106429,0.31227932761951105,0.27906976744186046,0.30267753201396974,0.2254686228607382,0.35930681448473717,0.30267753201396974,4.1196512621502546e-07,1.0158870220184326,95979
149,MLP,mfcc,100,0.001,32,adamw,1e-5,,,,,,,,,,,1,HeNormal,0.5,,,,,,,,,,,0.3802325581395349,0.31767906750047403,0.4553980339596321,0.3802325581395349,0.36437718277066355,0.30550646544730936,0.43960801220506507,0.36437718277066355,4.09470048061637e-07,1.0145068168640137,96141
150,MLP,mfcc,100,0.001,32,adamw,1e-5,,,,,,,,,,,2,HeNormal,0.0,,,,,,,,,,,0.10348837209302325,0.019410885387311002,0.010709843158464034,0.10348837209302325,0.07828870779976717,0.011368238811410185,0.006129121768957325,0.07828870779976717,1.009952190310456e-06,2.7548320293426514,222817
151,MLP,mfcc,100,0.001,32,adamw,1e-5,,,,,,,,,,,2,HeNormal,0.2,,,,,,,,,,,0.08953488372093023,0.01471544513663101,0.008016495402920498,0.08953488372093023,0.08178114086146682,0.012365079678273973,0.006688155000603078,0.08178114086146682,1.2541648953459984e-05,2.494001626968384,222888
152,MLP,mfcc,100,0.001,32,adamw,1e-5,,,,,,,,,,,2,HeNormal,0.5,,,,,,,,,,,0.07790697674418605,0.011261634178771228,0.006069497025419146,0.07790697674418605,0.08469150174621654,0.013225235850898315,0.007172650468029397,0.08469150174621654,3.111889195996662e-05,2.5568959712982178,222718
153,MLP,mfcc,100,0.001,32,adamw,1e-5,,,,,,,,,,,2,RandomNormal,0.0,,,,,,,,,,,0.07441860465116279,0.010331433183675529,0.005551038109177644,0.07441860465116279,0.08614668218859138,0.014663281628359172,0.10507586799030796,0.08614668218859138,4.1332355765409245e-06,2.4013707637786865,220081
154,MLP,mfcc,100,0.001,32,adamw,1e-5,,,,,,,,,,,2,RandomNormal,0.2,,,,,,,,,,,0.07790697674418605,0.011261634178771228,0.006069497025419146,0.07790697674418605,0.08469150174621654,0.013225235850898315,0.007172650468029397,0.08469150174621654,8.859190829964572e-06,2.7685110569000244,219747
155,MLP,mfcc,100,0.001,32,adamw,1e-5,,,,,,,,,,,2,RandomNormal,0.5,,,,,,,,,,,0.07790697674418605,0.029859303906436378,0.0738433251000229,0.07790697674418605,0.09720605355064028,0.031155093841696686,0.09661879570250227,0.09720605355064028,3.741785537364871e-06,2.6388421058654785,219579
156,MLP,mfcc,100,0.001,32,adamw,1e-5,,,,,,,,,,,2,RandomUniform,0.0,,,,,,,,,,,0.07441860465116279,0.010309070774187053,0.005538128718226068,0.07441860465116279,0.08556461001164144,0.013488469353041599,0.00732130248644429,0.08556461001164144,4.243573477101881e-06,3.014491558074951,221186
157,MLP,mfcc,100,0.001,32,adamw,1e-5,,,,,,,,,,,2,RandomUniform,0.2,,,,,,,,,,,0.07790697674418605,0.011261634178771228,0.006069497025419146,0.07790697674418605,0.08469150174621654,0.013225235850898315,0.007172650468029397,0.08469150174621654,4.432367724041606e-06,3.0253241062164307,220683
158,MLP,mfcc,100,0.001,32,adamw,1e-5,,,,,,,,,,,2,RandomUniform,0.5,,,,,,,,,,,0.0872093023255814,0.015945159304914032,0.09694750521157647,0.0872093023255814,0.08265424912689173,0.012620326210772715,0.006831724898730283,0.08265424912689173,4.270187644071357e-06,2.773980140686035,220919
159,MLP,mfcc,100,0.001,32,adamw,1e-5,,,,,,,,,,,2,GlorotUniform,0.0,,,,,,,,,,,0.08837209302325581,0.014351023653349235,0.0078096268253109785,0.08837209302325581,0.08207217694994179,0.012449894513116507,0.006735842229302557,0.08207217694994179,1.0166057320528252e-06,2.421330213546753,223175
160,MLP,mfcc,100,0.001,32,adamw,1e-5,,,,,,,,,,,2,GlorotUniform,0.2,,,,,,,,,,,0.07441860465116279,0.010309070774187053,0.005538128718226068,0.07441860465116279,0.08556461001164144,0.013488469353041599,0.00732130248644429,0.08556461001164144,1.63815742315248e-06,2.426238536834717,223059
161,MLP,mfcc,100,0.001,32,adamw,1e-5,,,,,,,,,,,2,GlorotUniform,0.5,,,,,,,,,,,0.07441860465116279,0.010309070774187053,0.005538128718226068,0.07441860465116279,0.08556461001164144,0.013488469353041599,0.00732130248644429,0.08556461001164144,7.863654646762581e-06,1.9391908645629883,223866
162,MLP,mfcc,100,0.001,32,adamw,1e-5,,,,,,,,,,,2,HeNormal,0.0,,,,,,,,,,,0.07790697674418605,0.011261634178771228,0.006069497025419146,0.07790697674418605,0.08469150174621654,0.013225235850898315,0.007172650468029397,0.08469150174621654,1.408055771228879e-06,2.3990721702575684,222783
163,MLP,mfcc,100,0.001,32,adamw,1e-5,,,,,,,,,,,2,HeNormal,0.2,,,,,,,,,,,0.08953488372093023,0.01471544513663101,0.008016495402920498,0.08953488372093023,0.08178114086146682,0.012365079678273973,0.006688155000603078,0.08178114086146682,5.124890527059866e-06,2.3763439655303955,223552
164,MLP,mfcc,100,0.001,32,adamw,1e-5,,,,,,,,,,,2,HeNormal,0.5,,,,,,,,,,,0.08139534883720931,0.012253063265816454,0.00662520281233099,0.08139534883720931,0.08381839348079162,0.012964391687684203,0.0070255230857008116,0.08381839348079162,1.0926778926405796e-05,2.167029857635498,223004
165,MLP,mfcc,100,0.001,32,adamw,1e-5,,,,,,,,,,,3,HeNormal,0.0,,,,,,,,,,,0.07441860465116279,0.010309070774187053,0.005538128718226068,0.07441860465116279,0.08556461001164144,0.013488469353041599,0.00732130248644429,0.08556461001164144,1.1606826338657113e-05,5.279830455780029,564508
166,MLP,mfcc,100,0.001,32,adamw,1e-5,,,,,,,,,,,3,HeNormal,0.2,,,,,,,,,,,0.07790697674418605,0.011261634178771228,0.006069497025419146,0.07790697674418605,0.08469150174621654,0.013225235850898315,0.007172650468029397,0.08469150174621654,7.004793300185093e-06,5.051406621932983,568389
167,MLP,mfcc,100,0.001,32,adamw,1e-5,,,,,,,,,,,3,HeNormal,0.5,,,,,,,,,,,0.08953488372093023,0.01471544513663101,0.008016495402920498,0.08953488372093023,0.08178114086146682,0.012365079678273973,0.006688155000603078,0.08178114086146682,7.013664689174919e-06,5.394822835922241,563968
168,MLP,mfcc,100,0.001,32,adamw,1e-5,,,,,,,,,,,3,RandomNormal,0.0,,,,,,,,,,,0.0686046511627907,0.012809677989143292,0.0769147832732831,0.0686046511627907,0.08818393480791618,0.015373032509946484,0.030816714987585512,0.08818393480791618,1.0390891585239144e-05,5.531841039657593,552832
169,MLP,mfcc,100,0.001,32,adamw,1e-5,,,,,,,,,,,3,RandomNormal,0.2,,,,,,,,,,,0.07790697674418605,0.011261634178771228,0.006069497025419146,0.07790697674418605,0.08469150174621654,0.013225235850898315,0.007172650468029397,0.08469150174621654,5.8495721151662425e-06,5.757839202880859,551682
170,MLP,mfcc,100,0.001,32,adamw,1e-5,,,,,,,,,,,3,RandomNormal,0.5,,,,,,,,,,,0.10116279069767442,0.03813280297731018,0.09283496855077014,0.10116279069767442,0.09167636786961583,0.033240380754817174,0.235746604166037,0.09167636786961583,2.074269361274187e-05,6.190267086029053,552526
171,MLP,mfcc,100,0.001,32,adamw,1e-5,,,,,,,,,,,3,RandomUniform,0.0,,,,,,,,,,,0.09069767441860466,0.015084048197550454,0.008226068144943213,0.09069767441860466,0.08149010477299184,0.012280532473863142,0.006640637175913189,0.08149010477299184,6.808513818785201e-06,11.127251863479614,555154
172,MLP,mfcc,100,0.001,32,adamw,1e-5,,,,,,,,,,,3,RandomUniform,0.2,,,,,,,,,,,0.06627906976744186,0.008248705189397786,0.0043980290765357226,0.06627906976744186,0.08760186263096624,0.014123278335254867,0.007680792499831296,0.08760186263096624,8.134786472764127e-06,6.1114325523376465,554517
173,MLP,mfcc,100,0.001,32,adamw,1e-5,,,,,,,,,,,3,RandomUniform,0.5,,,,,,,,,,,0.07790697674418605,0.011273795770756944,0.006076562796112298,0.07790697674418605,0.08469150174621654,0.013239445075556813,0.007181010200509619,0.08469150174621654,7.0779822593511536e-06,5.936509132385254,555439
174,MLP,mfcc,100,0.001,32,adamw,1e-5,,,,,,,,,,,3,GlorotUniform,0.0,,,,,,,,,,,0.08953488372093023,0.01471544513663101,0.008016495402920498,0.08953488372093023,0.08178114086146682,0.012365079678273973,0.006688155000603078,0.08178114086146682,7.0386154707088025e-06,5.179008960723877,566455
175,MLP,mfcc,100,0.001,32,adamw,1e-5,,,,,,,,,,,3,GlorotUniform,0.2,,,,,,,,,,,0.08604651162790698,0.013634779144464917,0.00740400216333153,0.08604651162790698,0.08265424912689173,0.012620326210772715,0.006831724898730283,0.08265424912689173,7.042496703391851e-06,5.226932764053345,565425
176,MLP,mfcc,100,0.001,32,adamw,1e-5,,,,,,,,,,,3,GlorotUniform,0.5,,,,,,,,,,,0.08139534883720931,0.012253063265816454,0.00662520281233099,0.08139534883720931,0.08381839348079162,0.012964391687684203,0.0070255230857008116,0.08381839348079162,2.0764040392498638e-05,5.573866844177246,568514
177,MLP,mfcc,100,0.001,32,adamw,1e-5,,,,,,,,,,,3,HeNormal,0.0,,,,,,,,,,,0.10348837209302325,0.019410885387311002,0.010709843158464034,0.10348837209302325,0.07828870779976717,0.011368238811410185,0.006129121768957325,0.07828870779976717,7.030021312624909e-06,5.073291778564453,566790
178,MLP,mfcc,100,0.001,32,adamw,1e-5,,,,,,,,,,,3,HeNormal,0.2,,,,,,,,,,,0.06627906976744186,0.008239709872942608,0.0043929150892374254,0.06627906976744186,0.08760186263096624,0.01411194040777139,0.007674086336414679,0.08760186263096624,2.1014934362367143e-05,5.235562086105347,566029
179,MLP,mfcc,100,0.001,32,adamw,1e-5,,,,,,,,,,,3,HeNormal,0.5,,,,,,,,,,,0.07790697674418605,0.011261634178771228,0.006069497025419146,0.07790697674418605,0.08469150174621654,0.013225235850898315,0.007172650468029397,0.08469150174621654,2.099580542985783e-05,6.534814357757568,568344
180,MLP,mfe,100,0.001,32,adam,1e-5,,,,,,,,,,,0,HeNormal,0.0,,,,,,,,,,,0.6767441860465117,0.6448681818422451,0.6467180441821185,0.6767441860465117,0.7048894062863795,0.6818279690296789,0.6834454095485825,0.7048894062863795,3.7398449210233466e-07,0.6351683139801025,44784
181,MLP,mfe,100,0.001,32,adam,1e-5,,,,,,,,,,,0,HeNormal,0.2,,,,,,,,,,,0.5197674418604651,0.4674785514653257,0.47504593730280964,0.5197674418604651,0.5227008149010477,0.4769835160596033,0.49615629525740945,0.5227008149010477,2.658644387888354e-07,0.6308085918426514,45086
182,MLP,mfe,100,0.001,32,adam,1e-5,,,,,,,,,,,0,HeNormal,0.5,,,,,,,,,,,0.7476744186046511,0.7420746855549184,0.7712899087510952,0.7476744186046511,0.770081490104773,0.7662831181639196,0.7886893327696582,0.770081490104773,2.9358752938204035e-07,0.6343457698822021,45727
183,MLP,mfe,100,0.001,32,adam,1e-5,,,,,,,,,,,0,RandomNormal,0.0,,,,,,,,,,,0.6023255813953489,0.5923113455972678,0.6120500361291527,0.6023255813953489,0.6472642607683353,0.6418515312967387,0.6526794318296687,0.6472642607683353,2.9331029847610827e-07,0.6427624225616455,45952
184,MLP,mfe,100,0.001,32,adam,1e-5,,,,,,,,,,,0,RandomNormal,0.2,,,,,,,,,,,0.5627906976744186,0.5476511640946674,0.5809399996841293,0.5627906976744186,0.5940046565774156,0.5706825012303604,0.5984626035727254,0.5940046565774156,2.730724423430687e-07,0.6400673389434814,45744
185,MLP,mfe,100,0.001,32,adam,1e-5,,,,,,,,,,,0,RandomNormal,0.5,,,,,,,,,,,0.5627906976744186,0.5516405818336074,0.5664945797757673,0.5627906976744186,0.5931315483119907,0.5825279634566336,0.5937639470791819,0.5931315483119907,2.7196351871934047e-07,0.6335964202880859,45784
186,MLP,mfe,100,0.001,32,adam,1e-5,,,,,,,,,,,0,RandomUniform,0.0,,,,,,,,,,,0.627906976744186,0.6064506711761746,0.612775225144508,0.627906976744186,0.6586146682188592,0.6421950348567467,0.6475787289047815,0.6586146682188592,2.8000321499136993e-07,0.6285560131072998,45385
187,MLP,mfe,100,0.001,32,adam,1e-5,,,,,,,,,,,0,RandomUniform,0.2,,,,,,,,,,,0.6674418604651163,0.6507175370756987,0.6852447214607864,0.6674418604651163,0.6856810244470314,0.6754735790252172,0.7145964912075868,0.6856810244470314,4.072522008141806e-07,0.6375777721405029,45874
188,MLP,mfe,100,0.001,32,adam,1e-5,,,,,,,,,,,0,RandomUniform,0.5,,,,,,,,,,,0.622093023255814,0.6173141104050062,0.6343145739875236,0.622093023255814,0.6364959254947613,0.6339482220108617,0.6514277791275749,0.6364959254947613,2.952509148176326e-07,0.637122631072998,45382
189,MLP,mfe,100,0.001,32,adam,1e-5,,,,,,,,,,,0,GlorotUniform,0.0,,,,,,,,,,,0.6023255813953489,0.586470566184906,0.6501247706204489,0.6023255813953489,0.6111757857974389,0.5948024785267441,0.652446237641507,0.6111757857974389,2.6946844056595205e-07,0.6307919025421143,45024
190,MLP,mfe,100,0.001,32,adam,1e-5,,,,,,,,,,,0,GlorotUniform,0.2,,,,,,,,,,,0.8209302325581396,0.8233144954292527,0.8330670725398317,0.8209302325581396,0.8646682188591386,0.8653133292735684,0.8684207716954411,0.8646682188591386,3.0689461286677873e-07,0.627819299697876,45720
191,MLP,mfe,100,0.001,32,adam,1e-5,,,,,,,,,,,0,GlorotUniform,0.5,,,,,,,,,,,0.40348837209302324,0.3711637202219402,0.4144093582842481,0.40348837209302324,0.4417927823050058,0.41803655467304146,0.4730304284666475,0.4417927823050058,2.736269041549328e-07,0.6373786926269531,44701
192,MLP,mfe,100,0.001,32,adam,1e-5,,,,,,,,,,,0,HeNormal,0.0,,,,,,,,,,,0.713953488372093,0.7107944183232534,0.734462243812139,0.713953488372093,0.7412689173457508,0.7373556938673381,0.7572748621947981,0.7412689173457508,2.8277552405069043e-07,0.626086950302124,45436
193,MLP,mfe,100,0.001,32,adam,1e-5,,,,,,,,,,,0,HeNormal,0.2,,,,,,,,,,,0.6325581395348837,0.6142577932211005,0.6717189445259318,0.6325581395348837,0.6420256111757858,0.6258816098425459,0.6635496431153908,0.6420256111757858,3.113303073616915e-07,0.630878210067749,44969
194,MLP,mfe,100,0.001,32,adam,1e-5,,,,,,,,,,,0,HeNormal,0.5,,,,,,,,,,,0.7825581395348837,0.7793792537423702,0.8057377833596235,0.7825581395348837,0.7744470314318975,0.7683151151632206,0.7940319873353441,0.7744470314318975,2.7418136596679685e-07,0.6370177268981934,45705
195,MLP,mfe,100,0.001,32,adam,1e-5,,,,,,,,,,,1,HeNormal,0.0,,,,,,,,,,,0.07441860465116279,0.010309070774187053,0.005538128718226068,0.07441860465116279,0.08556461001164144,0.013488469353041599,0.00732130248644429,0.08556461001164144,4.230543624523074e-07,1.0463502407073975,95624
196,MLP,mfe,100,0.001,32,adam,1e-5,,,,,,,,,,,1,HeNormal,0.2,,,,,,,,,,,0.07441860465116279,0.010309070774187053,0.005538128718226068,0.07441860465116279,0.08556461001164144,0.013488469353041599,0.00732130248644429,0.08556461001164144,4.127968189328216e-07,1.1152329444885254,96494
197,MLP,mfe,100,0.001,32,adam,1e-5,,,,,,,,,,,1,HeNormal,0.5,,,,,,,,,,,0.10348837209302325,0.019410885387311002,0.010709843158464034,0.10348837209302325,0.07887077997671711,0.012530576803028865,0.09082419318422975,0.07887077997671711,4.2610390241756e-07,1.1417803764343262,96291
198,MLP,mfe,100,0.001,32,adam,1e-5,,,,,,,,,,,1,RandomNormal,0.0,,,,,,,,,,,0.18023255813953487,0.14704459410588736,0.18958491525269083,0.18023255813953487,0.19383003492433062,0.16521611697888516,0.20155049332277905,0.19383003492433062,4.419060640556868e-07,1.0476386547088623,96626
199,MLP,mfe,100,0.001,32,adam,1e-5,,,,,,,,,,,1,RandomNormal,0.2,,,,,,,,,,,0.26395348837209304,0.17858591658252113,0.18696710844220757,0.26395348837209304,0.26542491268917345,0.19455496500898425,0.25653658141658114,0.26542491268917345,4.790550054505814e-07,1.0474517345428467,96459
200,MLP,mfe,100,0.001,32,adam,1e-5,,,,,,,,,,,1,RandomNormal,0.5,,,,,,,,,,,0.2837209302325581,0.2202189225732224,0.25002964796517424,0.2837209302325581,0.3352735739231665,0.27746889328215135,0.3241277636006826,0.3352735739231665,4.385792931845022e-07,1.3332033157348633,96542
201,MLP,mfe,100,0.001,32,adam,1e-5,,,,,,,,,,,1,RandomUniform,0.0,,,,,,,,,,,0.1325581395348837,0.07307918707730064,0.10063743749430815,0.1325581395348837,0.1210710128055879,0.06803259754830718,0.10177295250915591,0.1210710128055879,4.1141066440316135e-07,1.029191255569458,95950
202,MLP,mfe,100,0.001,32,adam,1e-5,,,,,,,,,,,1,RandomUniform,0.2,,,,,,,,,,,0.23488372093023255,0.1385751021890838,0.24665353153900368,0.23488372093023255,0.2756111757857974,0.17701309435027338,0.29981004490225543,0.2756111757857974,8.474948794342751e-07,1.0808954238891602,95905
203,MLP,mfe,100,0.001,32,adam,1e-5,,,,,,,,,,,1,RandomUniform,0.5,,,,,,,,,,,0.09534883720930233,0.050755286610768335,0.12142756960633802,0.09534883720930233,0.10681024447031431,0.05655623083953834,0.12388878308249314,0.10681024447031431,5.408774974734284e-07,1.674083948135376,96144
204,MLP,mfe,100,0.001,32,adam,1e-5,,,,,,,,,,,1,GlorotUniform,0.0,,,,,,,,,,,0.08953488372093023,0.01471544513663101,0.008016495402920498,0.08953488372093023,0.08178114086146682,0.012365079678273973,0.006688155000603078,0.08178114086146682,4.444011422090752e-07,2.0844297409057617,96132
205,MLP,mfe,100,0.001,32,adam,1e-5,,,,,,,,,,,1,GlorotUniform,0.2,,,,,,,,,,,0.0755813953488372,0.012619981467017169,0.10903294799252781,0.0755813953488372,0.08556461001164144,0.013492086534418118,0.007323433869992019,0.08556461001164144,4.385792931845022e-07,1.1499924659729004,95981
206,MLP,mfe,100,0.001,32,adam,1e-5,,,,,,,,,,,1,GlorotUniform,0.5,,,,,,,,,,,0.09069767441860466,0.015116279069767442,0.00824524312896406,0.09069767441860466,0.08149010477299184,0.012280532473863142,0.006640637175913189,0.08149010477299184,4.2776728785315226e-07,1.3943686485290527,96152
207,MLP,mfe,100,0.001,32,adam,1e-5,,,,,,,,,,,1,HeNormal,0.0,,,,,,,,,,,0.07441860465116279,0.010309070774187053,0.005538128718226068,0.07441860465116279,0.08556461001164144,0.013492086534418118,0.007323433869992019,0.08556461001164144,4.776688509209212e-07,1.1522724628448486,95921
208,MLP,mfe,100,0.001,32,adam,1e-5,,,,,,,,,,,1,HeNormal,0.2,,,,,,,,,,,0.1313953488372093,0.10310178337392151,0.1445699820294403,0.1313953488372093,0.1478463329452852,0.11450748844408624,0.167175705723309,0.1478463329452852,4.1917312976925873e-07,1.0356740951538086,95748
209,MLP,mfe,100,0.001,32,adam,1e-5,,,,,,,,,,,1,HeNormal,0.5,,,,,,,,,,,0.07441860465116279,0.010331433183675529,0.005551038109177644,0.07441860465116279,0.08614668218859138,0.014650697682634304,0.04807488785952116,0.08614668218859138,4.297079041946766e-07,1.0540399551391602,96053
210,MLP,mfe,100,0.001,32,adam,1e-5,,,,,,,,,,,2,HeNormal,0.0,,,,,,,,,,,0.08604651162790698,0.013634779144464917,0.00740400216333153,0.08604651162790698,0.08265424912689173,0.012620326210772715,0.006831724898730283,0.08265424912689173,4.243296246195948e-06,3.0093438625335693,222957
211,MLP,mfe,100,0.001,32,adam,1e-5,,,,,,,,,,,2,HeNormal,0.2,,,,,,,,,,,0.08837209302325581,0.014351023653349235,0.0078096268253109785,0.08837209302325581,0.08207217694994179,0.012449894513116507,0.006735842229302557,0.08207217694994179,9.63931859925736e-07,2.4567689895629883,222776
212,MLP,mfe,100,0.001,32,adam,1e-5,,,,,,,,,,,2,HeNormal,0.5,,,,,,,,,,,0.08837209302325581,0.014351023653349235,0.0078096268253109785,0.08837209302325581,0.08207217694994179,0.012449894513116507,0.006735842229302557,0.08207217694994179,8.247896682384403e-06,2.7223284244537354,223056
213,MLP,mfe,100,0.001,32,adam,1e-5,,,,,,,,,,,2,RandomNormal,0.0,,,,,,,,,,,0.07209302325581396,0.021707838276332433,0.03156170848518274,0.07209302325581396,0.08440046565774156,0.02162256658824546,0.07562533491619061,0.08440046565774156,4.4670215872831125e-06,2.1180691719055176,220150
214,MLP,mfe,100,0.001,32,adam,1e-5,,,,,,,,,,,2,RandomNormal,0.2,,,,,,,,,,,0.0755813953488372,0.014391659050133713,0.024979528332787423,0.0755813953488372,0.08731082654249127,0.017314112749939794,0.034292866104918364,0.08731082654249127,4.131572191105333e-06,2.7073826789855957,219853
215,MLP,mfe,100,0.001,32,adam,1e-5,,,,,,,,,,,2,RandomNormal,0.5,,,,,,,,,,,0.07790697674418605,0.011285983658076681,0.00608364503713341,0.07790697674418605,0.08440046565774156,0.01318686470142432,0.007152165261037506,0.08440046565774156,4.669954610425373e-06,2.814401149749756,220245
216,MLP,mfe,100,0.001,32,adam,1e-5,,,,,,,,,,,2,RandomUniform,0.0,,,,,,,,,,,0.07441860465116279,0.010309070774187053,0.005538128718226068,0.07441860465116279,0.08556461001164144,0.013488469353041599,0.00732130248644429,0.08556461001164144,6.496906280517578e-06,3.1488215923309326,221222
217,MLP,mfe,100,0.001,32,adam,1e-5,,,,,,,,,,,2,RandomUniform,0.2,,,,,,,,,,,0.08837209302325581,0.014351023653349235,0.0078096268253109785,0.08837209302325581,0.08207217694994179,0.012449894513116507,0.006735842229302557,0.08207217694994179,1.2627867765204851e-06,3.879408836364746,221768
218,MLP,mfe,100,0.001,32,adam,1e-5,,,,,,,,,,,2,RandomUniform,0.5,,,,,,,,,,,0.09069767441860466,0.015084048197550454,0.008226068144943213,0.09069767441860466,0.08149010477299184,0.012280532473863142,0.006640637175913189,0.08149010477299184,1.160765803137491e-06,2.9101531505584717,221354
219,MLP,mfe,100,0.001,32,adam,1e-5,,,,,,,,,,,2,GlorotUniform,0.0,,,,,,,,,,,0.07790697674418605,0.011261634178771228,0.006069497025419146,0.07790697674418605,0.08469150174621654,0.013225235850898315,0.007172650468029397,0.08469150174621654,9.59218934524891e-07,2.1963233947753906,223122
220,MLP,mfe,100,0.001,32,adam,1e-5,,,,,,,,,,,2,GlorotUniform,0.2,,,,,,,,,,,0.08953488372093023,0.01471544513663101,0.008016495402920498,0.08953488372093023,0.08178114086146682,0.012365079678273973,0.006688155000603078,0.08178114086146682,1.6234641851380814e-06,2.0972909927368164,223787
221,MLP,mfe,100,0.001,32,adam,1e-5,,,,,,,,,,,2,GlorotUniform,0.5,,,,,,,,,,,0.07790697674418605,0.011261634178771228,0.006069497025419146,0.07790697674418605,0.08469150174621654,0.013225235850898315,0.007172650468029397,0.08469150174621654,4.597320113071176e-06,2.8515400886535645,223995
222,MLP,mfe,100,0.001,32,adam,1e-5,,,,,,,,,,,2,HeNormal,0.0,,,,,,,,,,,0.09069767441860466,0.015084048197550454,0.008226068144943213,0.09069767441860466,0.08149010477299184,0.012280532473863142,0.006640637175913189,0.08149010477299184,4.804411599802417e-06,3.173370122909546,223575
223,MLP,mfe,100,0.001,32,adam,1e-5,,,,,,,,,,,2,HeNormal,0.2,,,,,,,,,,,0.07441860465116279,0.010309070774187053,0.005538128718226068,0.07441860465116279,0.08556461001164144,0.013488469353041599,0.00732130248644429,0.08556461001164144,1.6363276991733284e-05,2.8721225261688232,223267
224,MLP,mfe,100,0.001,32,adam,1e-5,,,,,,,,,,,2,HeNormal,0.5,,,,,,,,,,,0.08837209302325581,0.014351023653349235,0.0078096268253109785,0.08837209302325581,0.08207217694994179,0.012449894513116507,0.006735842229302557,0.08207217694994179,4.100799560546875e-06,1.8178246021270752,223313
225,MLP,mfe,100,0.001,32,adam,1e-5,,,,,,,,,,,3,HeNormal,0.0,,,,,,,,,,,0.07441860465116279,0.010309070774187053,0.005538128718226068,0.07441860465116279,0.08556461001164144,0.013488469353041599,0.00732130248644429,0.08556461001164144,6.945743117221566e-06,5.583938837051392,568113
226,MLP,mfe,100,0.001,32,adam,1e-5,,,,,,,,,,,3,HeNormal,0.2,,,,,,,,,,,0.07790697674418605,0.011261634178771228,0.006069497025419146,0.07790697674418605,0.08469150174621654,0.013225235850898315,0.007172650468029397,0.08469150174621654,2.0869110905846884e-05,5.317067384719849,567047
227,MLP,mfe,100,0.001,32,adam,1e-5,,,,,,,,,,,3,HeNormal,0.5,,,,,,,,,,,0.07441860465116279,0.010309070774187053,0.005538128718226068,0.07441860465116279,0.08556461001164144,0.013488469353041599,0.00732130248644429,0.08556461001164144,6.814890129621639e-06,5.296852111816406,568499
228,MLP,mfe,100,0.001,32,adam,1e-5,,,,,,,,,,,3,RandomNormal,0.0,,,,,,,,,,,0.09302325581395349,0.019678787336044116,0.06411726170979364,0.09302325581395349,0.08410942956926659,0.017914099192595456,0.0821172808013271,0.08410942956926659,2.095643864121548e-05,5.237223386764526,552707
229,MLP,mfe,100,0.001,32,adam,1e-5,,,,,,,,,,,3,RandomNormal,0.2,,,,,,,,,,,0.09069767441860466,0.015084048197550454,0.008226068144943213,0.09069767441860466,0.08149010477299184,0.012283838135363509,0.006642570403620879,0.08149010477299184,7.045546243357104e-06,5.78525447845459,551765
230,MLP,mfe,100,0.001,32,adam,1e-5,,,,,,,,,,,3,RandomNormal,0.5,,,,,,,,,,,0.10348837209302325,0.0194518798654257,0.010734807827831084,0.10348837209302325,0.07828870779976717,0.011408267821309517,0.0061523991814599385,0.07828870779976717,6.799919660701308e-06,5.278549432754517,552344
231,MLP,mfe,100,0.001,32,adam,1e-5,,,,,,,,,,,3,RandomUniform,0.0,,,,,,,,,,,0.10348837209302325,0.019410885387311002,0.010709843158464034,0.10348837209302325,0.07828870779976717,0.011368238811410185,0.006129121768957325,0.07828870779976717,1.851375712904819e-05,7.915564775466919,555716
232,MLP,mfe,100,0.001,32,adam,1e-5,,,,,,,,,,,3,RandomUniform,0.2,,,,,,,,,,,0.09069767441860466,0.015084048197550454,0.008226068144943213,0.09069767441860466,0.08149010477299184,0.012280532473863142,0.006640637175913189,0.08149010477299184,5.943553392277207e-06,5.81224513053894,554895
233,MLP,mfe,100,0.001,32,adam,1e-5,,,,,,,,,,,3,RandomUniform,0.5,,,,,,,,,,,0.09069767441860466,0.01704872646733112,0.020542635658914725,0.09069767441860466,0.08440046565774156,0.01755042761856891,0.20490717104762116,0.08440046565774156,7.028080696283385e-06,5.642847776412964,556155
234,MLP,mfe,100,0.001,32,adam,1e-5,,,,,,,,,,,3,GlorotUniform,0.0,,,,,,,,,,,0.07790697674418605,0.011261634178771228,0.006069497025419146,0.07790697674418605,0.08469150174621654,0.013225235850898315,0.007172650468029397,0.08469150174621654,1.8494073734727016e-05,5.086986541748047,565942
235,MLP,mfe,100,0.001,32,adam,1e-5,,,,,,,,,,,3,GlorotUniform,0.2,,,,,,,,,,,0.08953488372093023,0.01471544513663101,0.008016495402920498,0.08953488372093023,0.08178114086146682,0.012365079678273973,0.006688155000603078,0.08178114086146682,1.0412792826807777e-05,5.739944219589233,570576
236,MLP,mfe,100,0.001,32,adam,1e-5,,,,,,,,,,,3,GlorotUniform,0.5,,,,,,,,,,,0.08953488372093023,0.01471544513663101,0.008016495402920498,0.08953488372093023,0.08178114086146682,0.012365079678273973,0.006688155000603078,0.08178114086146682,6.984832674957985e-06,5.146462917327881,571784
237,MLP,mfe,100,0.001,32,adam,1e-5,,,,,,,,,,,3,HeNormal,0.0,,,,,,,,,,,0.08837209302325581,0.014351023653349235,0.0078096268253109785,0.08837209302325581,0.08207217694994179,0.012449894513116507,0.006735842229302557,0.08207217694994179,7.150339525799419e-06,5.61826491355896,567365
238,MLP,mfe,100,0.001,32,adam,1e-5,,,,,,,,,,,3,HeNormal,0.2,,,,,,,,,,,0.08837209302325581,0.014351023653349235,0.0078096268253109785,0.08837209302325581,0.08207217694994179,0.012449894513116507,0.006735842229302557,0.08207217694994179,6.828197213106377e-06,5.28629469871521,566985
239,MLP,mfe,100,0.001,32,adam,1e-5,,,,,,,,,,,3,HeNormal,0.5,,,,,,,,,,,0.07441860465116279,0.010309070774187053,0.005538128718226068,0.07441860465116279,0.08556461001164144,0.013488469353041599,0.00732130248644429,0.08556461001164144,7.056912710500318e-06,5.925892353057861,566082
240,MLP,mfe,100,0.001,32,sgd,1e-5,,,,,,,,,,,0,HeNormal,0.0,,,,,,,,,,,0.8127906976744186,0.8087137901535801,0.8230005187916041,0.8127906976744186,0.8466239813736903,0.8434000260605381,0.8546426275753846,0.8466239813736903,3.276869308116824e-07,0.627962589263916,45652
241,MLP,mfe,100,0.001,32,sgd,1e-5,,,,,,,,,,,0,HeNormal,0.2,,,,,,,,,,,0.7406976744186047,0.7373537284360209,0.7563184344081839,0.7406976744186047,0.7476717112922002,0.7461717303559898,0.7617684848257129,0.7476717112922002,3.249146217523619e-07,0.6284811496734619,45544
242,MLP,mfe,100,0.001,32,sgd,1e-5,,,,,,,,,,,0,HeNormal,0.5,,,,,,,,,,,0.7546511627906977,0.7540694432394417,0.7657158212951292,0.7546511627906977,0.7840512223515715,0.78219554937412,0.792373013894376,0.7840512223515715,2.7418136596679685e-07,0.6294403076171875,45894
243,MLP,mfe,100,0.001,32,sgd,1e-5,,,,,,,,,,,0,RandomNormal,0.0,,,,,,,,,,,0.6034883720930233,0.5976861159563007,0.6103767808599586,0.6034883720930233,0.6318393480791619,0.626509630123165,0.6347227193737668,0.6318393480791619,3.052312274311864e-07,0.6295435428619385,45921
244,MLP,mfe,100,0.001,32,sgd,1e-5,,,,,,,,,,,0,RandomNormal,0.2,,,,,,,,,,,0.6244186046511628,0.6120365035701,0.6178433094151718,0.6244186046511628,0.6527939464493597,0.639250289365315,0.6448145968072131,0.6527939464493597,3.859054210574128e-07,0.6293735504150391,45801
245,MLP,mfe,100,0.001,32,sgd,1e-5,,,,,,,,,,,0,RandomNormal,0.5,,,,,,,,,,,0.6790697674418604,0.6771466517029688,0.6891417484298116,0.6790697674418604,0.7031431897555297,0.6981210171198862,0.7076823247408366,0.7031431897555297,3.6816264307776164e-07,0.632286548614502,45902
246,MLP,mfe,100,0.001,32,sgd,1e-5,,,,,,,,,,,0,RandomUniform,0.0,,,,,,,,,,,0.6953488372093023,0.6895102244409919,0.7016729078367803,0.6953488372093023,0.7147846332945286,0.7091942896535163,0.7236801551608679,0.7147846332945286,3.9782635001249093e-07,0.6270337104797363,45800
247,MLP,mfe,100,0.001,32,sgd,1e-5,,,,,,,,,,,0,RandomUniform,0.2,,,,,,,,,,,0.7604651162790698,0.7583096734592649,0.7632100141765407,0.7604651162790698,0.7753201396973225,0.7738563505946416,0.7809216095376665,0.7753201396973225,3.750934157260629e-07,0.6300764083862305,45917
248,MLP,mfe,100,0.001,32,sgd,1e-5,,,,,,,,,,,0,RandomUniform,0.5,,,,,,,,,,,0.6732558139534883,0.6666210648366215,0.6777007824304176,0.6732558139534883,0.6903376018626309,0.6830927792498399,0.6979482100551428,0.6903376018626309,2.833299858625545e-07,0.6291890144348145,45734
249,MLP,mfe,100,0.001,32,sgd,1e-5,,,,,,,,,,,0,GlorotUniform,0.0,,,,,,,,,,,0.7465116279069768,0.7421109565164659,0.7597056300229393,0.7465116279069768,0.7534924330616997,0.7512622490749401,0.7730665573830587,0.7534924330616997,3.1105307645575943e-07,0.6253595352172852,45155
250,MLP,mfe,100,0.001,32,sgd,1e-5,,,,,,,,,,,0,GlorotUniform,0.2,,,,,,,,,,,0.7453488372093023,0.7440050186763095,0.7582603576733468,0.7453488372093023,0.7703725261932479,0.76813265188044,0.7744035220118894,0.7703725261932479,2.9608260753542877e-07,0.6402709484100342,45632
251,MLP,mfe,100,0.001,32,sgd,1e-5,,,,,,,,,,,0,GlorotUniform,0.5,,,,,,,,,,,0.6511627906976745,0.6419412209902933,0.667958452995039,0.6511627906976745,0.6632712456344587,0.6538742829748635,0.6839359268281306,0.6632712456344587,3.9754911910655885e-07,0.6353647708892822,45211
252,MLP,mfe,100,0.001,32,sgd,1e-5,,,,,,,,,,,0,HeNormal,0.0,,,,,,,,,,,0.5825581395348837,0.5838141754417768,0.5946149767465113,0.5825581395348837,0.6009895227008148,0.6012004265606072,0.6128504029425923,0.6009895227008148,4.0808389353197674e-07,0.6305723190307617,44933
253,MLP,mfe,100,0.001,32,sgd,1e-5,,,,,,,,,,,0,HeNormal,0.2,,,,,,,,,,,0.6895348837209302,0.6887528454569782,0.7145095144210072,0.6895348837209302,0.6781140861466822,0.6717233211791079,0.6927712765040033,0.6781140861466822,4.019848136014717e-07,0.6399216651916504,45240
254,MLP,mfe,100,0.001,32,sgd,1e-5,,,,,,,,,,,0,HeNormal,0.5,,,,,,,,,,,0.622093023255814,0.6199442737379363,0.697096254132492,0.622093023255814,0.6338766006984866,0.6307843655786922,0.7127706784060025,0.6338766006984866,3.6095463952352836e-07,0.629216194152832,45130
255,MLP,mfe,100,0.001,32,sgd,1e-5,,,,,,,,,,,1,HeNormal,0.0,,,,,,,,,,,0.08953488372093023,0.014731166766050487,0.00802582776078187,0.08953488372093023,0.08178114086146682,0.012365079678273973,0.006688155000603078,0.08178114086146682,4.363614459370458e-07,1.0394182205200195,96321
256,MLP,mfe,100,0.001,32,sgd,1e-5,,,,,,,,,,,1,HeNormal,0.2,,,,,,,,,,,0.09069767441860466,0.015084048197550454,0.008226068144943213,0.09069767441860466,0.08149010477299184,0.012280532473863142,0.006640637175913189,0.08149010477299184,4.560448402582213e-07,1.0748260021209717,96108
257,MLP,mfe,100,0.001,32,sgd,1e-5,,,,,,,,,,,1,HeNormal,0.5,,,,,,,,,,,0.07906976744186046,0.01441624346457283,0.019650865781579496,0.07906976744186046,0.08876600698486613,0.02183735737064501,0.0605463784405818,0.08876600698486613,4.175097443336664e-07,1.042829990386963,96108
258,MLP,mfe,100,0.001,32,sgd,1e-5,,,,,,,,,,,1,RandomNormal,0.0,,,,,,,,,,,0.3430232558139535,0.2601217916817142,0.2862099720308077,0.3430232558139535,0.3457508731082654,0.28022644998418217,0.3158088019665371,0.3457508731082654,4.577082256938136e-07,1.0630652904510498,96776
259,MLP,mfe,100,0.001,32,sgd,1e-5,,,,,,,,,,,1,RandomNormal,0.2,,,,,,,,,,,0.2302325581395349,0.1691929210053213,0.25790269738631666,0.2302325581395349,0.24912689173457508,0.19485356558873174,0.32417660903147816,0.24912689173457508,4.4107437133789065e-07,1.0502464771270752,96612
260,MLP,mfe,100,0.001,32,sgd,1e-5,,,,,,,,,,,1,RandomNormal,0.5,,,,,,,,,,,0.31976744186046513,0.2639063437144014,0.26483105097234355,0.31976744186046513,0.3082072176949942,0.2624444120575117,0.2746214671978676,0.3082072176949942,4.3248021325399707e-07,1.0565381050109863,96481
261,MLP,mfe,100,0.001,32,sgd,1e-5,,,,,,,,,,,1,RandomUniform,0.0,,,,,,,,,,,0.22906976744186047,0.1579058270429224,0.18303210543062984,0.22906976744186047,0.21653084982537835,0.1478181067263357,0.1674554425299441,0.21653084982537835,8.69396121002907e-07,1.9022901058197021,96041
262,MLP,mfe,100,0.001,32,sgd,1e-5,,,,,,,,,,,1,RandomUniform,0.2,,,,,,,,,,,0.21627906976744185,0.14772985827884255,0.1652363432800693,0.21627906976744185,0.2511641443538999,0.17570372172498272,0.1542218796223935,0.2511641443538999,4.1640082070993824e-07,2.138648271560669,96041
263,MLP,mfe,100,0.001,32,sgd,1e-5,,,,,,,,,,,1,RandomUniform,0.5,,,,,,,,,,,0.2,0.12656938591024633,0.1879267783148831,0.2,0.1941210710128056,0.12714405192993875,0.23461328620654828,0.1941210710128056,4.3109405872433687e-07,1.052614688873291,96041
264,MLP,mfe,100,0.001,32,sgd,1e-5,,,,,,,,,,,1,GlorotUniform,0.0,,,,,,,,,,,0.07441860465116279,0.010309070774187053,0.005538128718226068,0.07441860465116279,0.08556461001164144,0.013488469353041599,0.00732130248644429,0.08556461001164144,4.6741130740143533e-07,1.1241512298583984,95933
265,MLP,mfe,100,0.001,32,sgd,1e-5,,,,,,,,,,,1,GlorotUniform,0.2,,,,,,,,,,,0.07441860465116279,0.010309070774187053,0.005538128718226068,0.07441860465116279,0.08556461001164144,0.013488469353041599,0.00732130248644429,0.08556461001164144,4.4356944949127906e-07,1.0878064632415771,96107
266,MLP,mfe,100,0.001,32,sgd,1e-5,,,,,,,,,,,1,GlorotUniform,0.5,,,,,,,,,,,0.08139534883720931,0.012253063265816454,0.00662520281233099,0.08139534883720931,0.08381839348079162,0.01296787393095245,0.007027568361708293,0.08381839348079162,4.482823748921239e-07,1.0706734657287598,96241
267,MLP,mfe,100,0.001,32,sgd,1e-5,,,,,,,,,,,1,HeNormal,0.0,,,,,,,,,,,0.08837209302325581,0.014351023653349235,0.0078096268253109785,0.08837209302325581,0.08207217694994179,0.012449894513116507,0.006735842229302557,0.08207217694994179,4.3164852053620093e-07,1.0904593467712402,95774
268,MLP,mfe,100,0.001,32,sgd,1e-5,,,,,,,,,,,1,HeNormal,0.2,,,,,,,,,,,0.08953488372093023,0.01471544513663101,0.008016495402920498,0.08953488372093023,0.08178114086146682,0.012365079678273973,0.006688155000603078,0.08178114086146682,4.446783731150073e-07,1.1505157947540283,95873
269,MLP,mfe,100,0.001,32,sgd,1e-5,,,,,,,,,,,1,HeNormal,0.5,,,,,,,,,,,0.08139534883720931,0.012253063265816454,0.00662520281233099,0.08139534883720931,0.08381839348079162,0.012964391687684203,0.0070255230857008116,0.08381839348079162,4.82381776321766e-07,1.4066789150238037,95946
270,MLP,mfe,100,0.001,32,sgd,1e-5,,,,,,,,,,,2,HeNormal,0.0,,,,,,,,,,,0.08604651162790698,0.013634779144464917,0.00740400216333153,0.08604651162790698,0.08265424912689173,0.012620326210772715,0.006831724898730283,0.08265424912689173,4.1160472603731375e-06,2.4453227519989014,223422
271,MLP,mfe,100,0.001,32,sgd,1e-5,,,,,,,,,,,2,HeNormal,0.2,,,,,,,,,,,0.09069767441860466,0.015084048197550454,0.008226068144943213,0.09069767441860466,0.08149010477299184,0.012280532473863142,0.006640637175913189,0.08149010477299184,1.6622765119685684e-06,2.4724507331848145,223901
272,MLP,mfe,100,0.001,32,sgd,1e-5,,,,,,,,,,,2,HeNormal,0.5,,,,,,,,,,,0.06627906976744186,0.008239709872942608,0.0043929150892374254,0.06627906976744186,0.08760186263096624,0.01411194040777139,0.007674086336414679,0.08760186263096624,7.727811502855877e-06,2.5907468795776367,223756
273,MLP,mfe,100,0.001,32,sgd,1e-5,,,,,,,,,,,2,RandomNormal,0.0,,,,,,,,,,,0.10465116279069768,0.02172418773261688,0.09211765979911742,0.10465116279069768,0.07887077997671711,0.01253971706843932,0.0899564472255125,0.07887077997671711,4.402981248012809e-06,2.8275930881500244,219920
274,MLP,mfe,100,0.001,32,sgd,1e-5,,,,,,,,,,,2,RandomNormal,0.2,,,,,,,,,,,0.09069767441860466,0.016970167176734368,0.019599984210702102,0.09069767441860466,0.0829452852153667,0.01458498350239242,0.018347372773685512,0.0829452852153667,5.016216011934502e-06,2.6877286434173584,219851
275,MLP,mfe,100,0.001,32,sgd,1e-5,,,,,,,,,,,2,RandomNormal,0.5,,,,,,,,,,,0.08139534883720931,0.018178525019992307,0.12671257353345428,0.08139534883720931,0.0870197904540163,0.01839536757594228,0.22452929445497513,0.0870197904540163,4.4115754060967025e-06,2.6098926067352295,221112
276,MLP,mfe,100,0.001,32,sgd,1e-5,,,,,,,,,,,2,RandomUniform,0.0,,,,,,,,,,,0.08139534883720931,0.012253063265816454,0.00662520281233099,0.08139534883720931,0.08381839348079162,0.012964391687684203,0.0070255230857008116,0.08381839348079162,1.1661995288937591e-05,3.546886920928955,221665
277,MLP,mfe,100,0.001,32,sgd,1e-5,,,,,,,,,,,2,RandomUniform,0.2,,,,,,,,,,,0.08953488372093023,0.014731166766050487,0.00802582776078187,0.08953488372093023,0.08207217694994179,0.01294848598149066,0.09138160380795515,0.08207217694994179,8.664020272188408e-06,2.9569284915924072,221290
278,MLP,mfe,100,0.001,32,sgd,1e-5,,,,,,,,,,,2,RandomUniform,0.5,,,,,,,,,,,0.07441860465116279,0.010309070774187053,0.005538128718226068,0.07441860465116279,0.08556461001164144,0.013488469353041599,0.00732130248644429,0.08556461001164144,4.942472590956577e-06,2.9546656608581543,221386
279,MLP,mfe,100,0.001,32,sgd,1e-5,,,,,,,,,,,2,GlorotUniform,0.0,,,,,,,,,,,0.06627906976744186,0.008239709872942608,0.0043929150892374254,0.06627906976744186,0.08760186263096624,0.01411194040777139,0.007674086336414679,0.08760186263096624,4.590943802234738e-06,2.719891309738159,225092
280,MLP,mfe,100,0.001,32,sgd,1e-5,,,,,,,,,,,2,GlorotUniform,0.2,,,,,,,,,,,0.07790697674418605,0.011261634178771228,0.006069497025419146,0.07790697674418605,0.08469150174621654,0.013225235850898315,0.007172650468029397,0.08469150174621654,9.453573892282885e-07,2.400808811187744,224916
281,MLP,mfe,100,0.001,32,sgd,1e-5,,,,,,,,,,,2,GlorotUniform,0.5,,,,,,,,,,,0.07790697674418605,0.011261634178771228,0.006069497025419146,0.07790697674418605,0.08469150174621654,0.013225235850898315,0.007172650468029397,0.08469150174621654,6.162843038869458e-07,2.468297243118286,223958
282,MLP,mfe,100,0.001,32,sgd,1e-5,,,,,,,,,,,2,HeNormal,0.0,,,,,,,,,,,0.07790697674418605,0.011261634178771228,0.006069497025419146,0.07790697674418605,0.08469150174621654,0.013225235850898315,0.007172650468029397,0.08469150174621654,1.1288842489553053e-06,2.568567991256714,223614
283,MLP,mfe,100,0.001,32,sgd,1e-5,,,,,,,,,,,2,HeNormal,0.2,,,,,,,,,,,0.10348837209302325,0.019410885387311002,0.010709843158464034,0.10348837209302325,0.07828870779976717,0.011368238811410185,0.006129121768957325,0.07828870779976717,4.084165706190952e-06,1.9196746349334717,224588
284,MLP,mfe,100,0.001,32,sgd,1e-5,,,,,,,,,,,2,HeNormal,0.5,,,,,,,,,,,0.08953488372093023,0.01471544513663101,0.008016495402920498,0.08953488372093023,0.08178114086146682,0.012365079678273973,0.006688155000603078,0.08178114086146682,1.6633854355922965e-06,2.419978141784668,223421
285,MLP,mfe,100,0.001,32,sgd,1e-5,,,,,,,,,,,3,HeNormal,0.0,,,,,,,,,,,0.06627906976744186,0.008239709872942608,0.0043929150892374254,0.06627906976744186,0.08760186263096624,0.01411194040777139,0.007674086336414679,0.08760186263096624,6.812672282374183e-06,6.446213245391846,567358
286,MLP,mfe,100,0.001,32,sgd,1e-5,,,,,,,,,,,3,HeNormal,0.2,,,,,,,,,,,0.07790697674418605,0.011261634178771228,0.006069497025419146,0.07790697674418605,0.08469150174621654,0.013225235850898315,0.007172650468029397,0.08469150174621654,2.3302643798118415e-05,6.2429890632629395,569854
287,MLP,mfe,100,0.001,32,sgd,1e-5,,,,,,,,,,,3,HeNormal,0.5,,,,,,,,,,,0.07790697674418605,0.011261634178771228,0.006069497025419146,0.07790697674418605,0.08469150174621654,0.013225235850898315,0.007172650468029397,0.08469150174621654,7.004238838373228e-06,5.497767686843872,569511
288,MLP,mfe,100,0.001,32,sgd,1e-5,,,,,,,,,,,3,RandomNormal,0.0,,,,,,,,,,,0.09883720930232558,0.03732458510964512,0.10595360237118104,0.09883720930232558,0.09924330616996507,0.0416011802670683,0.1151171244934629,0.09924330616996507,6.910812023074128e-06,5.954888105392456,552212
289,MLP,mfe,100,0.001,32,sgd,1e-5,,,,,,,,,,,3,RandomNormal,0.2,,,,,,,,,,,0.07906976744186046,0.013593576965669988,0.09446283682939405,0.07906976744186046,0.08527357392316648,0.014946638052542345,0.0892431362218842,0.08527357392316648,3.133457760478175e-05,5.895807981491089,551793
290,MLP,mfe,100,0.001,32,sgd,1e-5,,,,,,,,,,,3,RandomNormal,0.5,,,,,,,,,,,0.09069767441860466,0.015084048197550454,0.008226068144943213,0.09069767441860466,0.08149010477299184,0.012290454800128046,0.006646440237820484,0.08149010477299184,1.0433307913846748e-05,5.941730499267578,551888
291,MLP,mfe,100,0.001,32,sgd,1e-5,,,,,,,,,,,3,RandomUniform,0.0,,,,,,,,,,,0.2930232558139535,0.2321339847633022,0.29319993290392893,0.2930232558139535,0.31868451688009314,0.24981187530208282,0.3211336689918676,0.31868451688009314,7.012001303739326e-06,5.021920204162598,556341
292,MLP,mfe,100,0.001,32,sgd,1e-5,,,,,,,,,,,3,RandomUniform,0.2,,,,,,,,,,,0.07441860465116279,0.010309070774187053,0.005538128718226068,0.07441860465116279,0.08556461001164144,0.013488469353041599,0.00732130248644429,0.08556461001164144,6.971802822379179e-06,6.127777576446533,555329
293,MLP,mfe,100,0.001,32,sgd,1e-5,,,,,,,,,,,3,RandomUniform,0.5,,,,,,,,,,,0.08953488372093023,0.01471544513663101,0.008016495402920498,0.08953488372093023,0.08178114086146682,0.012368407202406985,0.0066901020617386245,0.08178114086146682,7.01255576555119e-06,6.107892751693726,555179
294,MLP,mfe,100,0.001,32,sgd,1e-5,,,,,,,,,,,3,GlorotUniform,0.0,,,,,,,,,,,0.10348837209302325,0.019410885387311002,0.010709843158464034,0.10348837209302325,0.07828870779976717,0.011368238811410185,0.006129121768957325,0.07828870779976717,6.790493809899619e-06,5.749784469604492,568602
295,MLP,mfe,100,0.001,32,sgd,1e-5,,,,,,,,,,,3,GlorotUniform,0.2,,,,,,,,,,,0.07790697674418605,0.011261634178771228,0.006069497025419146,0.07790697674418605,0.08469150174621654,0.013225235850898315,0.007172650468029397,0.08469150174621654,6.9584957388944405e-06,4.68255090713501,569534
296,MLP,mfe,100,0.001,32,sgd,1e-5,,,,,,,,,,,3,GlorotUniform,0.5,,,,,,,,,,,0.08953488372093023,0.01471544513663101,0.008016495402920498,0.08953488372093023,0.08178114086146682,0.012365079678273973,0.006688155000603078,0.08178114086146682,1.0454931924509447e-05,5.499169826507568,567006
297,MLP,mfe,100,0.001,32,sgd,1e-5,,,,,,,,,,,3,HeNormal,0.0,,,,,,,,,,,0.07790697674418605,0.011261634178771228,0.006069497025419146,0.07790697674418605,0.08469150174621654,0.013225235850898315,0.007172650468029397,0.08469150174621654,8.028052573980287e-06,7.25091028213501,566291
298,MLP,mfe,100,0.001,32,sgd,1e-5,,,,,,,,,,,3,HeNormal,0.2,,,,,,,,,,,0.07790697674418605,0.011261634178771228,0.006069497025419146,0.07790697674418605,0.08469150174621654,0.013225235850898315,0.007172650468029397,0.08469150174621654,7.00035760569018e-06,5.250561952590942,566306
299,MLP,mfe,100,0.001,32,sgd,1e-5,,,,,,,,,,,3,HeNormal,0.5,,,,,,,,,,,0.07790697674418605,0.011261634178771228,0.006069497025419146,0.07790697674418605,0.08469150174621654,0.013225235850898315,0.007172650468029397,0.08469150174621654,2.0688356355179187e-05,6.958769083023071,566854
300,MLP,mfe,100,0.001,32,adamw,1e-5,,,,,,,,,,,0,HeNormal,0.0,,,,,,,,,,,0.8302325581395349,0.8296534500843705,0.8373866759330348,0.8302325581395349,0.8442956926658906,0.842703375262086,0.8477151829966652,0.8442956926658906,4.078066626260447e-07,0.6784014701843262,45403
301,MLP,mfe,100,0.001,32,adamw,1e-5,,,,,,,,,,,0,HeNormal,0.2,,,,,,,,,,,0.7511627906976744,0.7495041570924575,0.7593366174169669,0.7511627906976744,0.7857974388824214,0.7837054401414767,0.7881431503133559,0.7857974388824214,4.715697709904161e-07,0.6555995941162109,45372
302,MLP,mfe,100,0.001,32,adamw,1e-5,,,,,,,,,,,0,HeNormal,0.5,,,,,,,,,,,0.9302325581395349,0.9302363451370484,0.9321867104017361,0.9302325581395349,0.9604190919674039,0.960755926561808,0.9619619121012332,0.9604190919674039,3.4154847610828487e-07,0.6399314403533936,46050
303,MLP,mfe,100,0.001,32,adamw,1e-5,,,,,,,,,,,0,RandomNormal,0.0,,,,,,,,,,,0.49534883720930234,0.4842042572269716,0.49089745665522694,0.49534883720930234,0.5267753201396973,0.5124027571887577,0.5152809075734696,0.5267753201396973,4.0919281715570496e-07,0.6401588916778564,45869
304,MLP,mfe,100,0.001,32,adamw,1e-5,,,,,,,,,,,0,RandomNormal,0.2,,,,,,,,,,,0.44651162790697674,0.40840960606688176,0.4020631382708177,0.44651162790697674,0.4851571594877765,0.4501031651942134,0.4455910906404513,0.4851571594877765,3.989352736362191e-07,0.638941764831543,45617
305,MLP,mfe,100,0.001,32,adamw,1e-5,,,,,,,,,,,0,RandomNormal,0.5,,,,,,,,,,,0.6534883720930232,0.6430618414320592,0.6482701986385906,0.6534883720930232,0.6749126891734575,0.6606851457331975,0.6670968427259407,0.6749126891734575,3.512515578159066e-07,0.6426928043365479,45906
306,MLP,mfe,100,0.001,32,adamw,1e-5,,,,,,,,,,,0,RandomUniform,0.0,,,,,,,,,,,0.7313953488372092,0.7207403346848731,0.7293057336215397,0.7313953488372092,0.7433061699650757,0.7345688543997604,0.7420598250951053,0.7433061699650757,4.1141066440316135e-07,0.630155086517334,45519
307,MLP,mfe,100,0.001,32,adamw,1e-5,,,,,,,,,,,0,RandomUniform,0.2,,,,,,,,,,,0.5744186046511628,0.5683045839230205,0.5795517701085511,0.5744186046511628,0.5681024447031432,0.5607519240408767,0.573122605108431,0.5681024447031432,3.1382538551507993e-07,0.6271593570709229,45235
308,MLP,mfe,100,0.001,32,adamw,1e-5,,,,,,,,,,,0,RandomUniform,0.5,,,,,,,,,,,0.6802325581395349,0.6755055404722845,0.6878537960274071,0.6802325581395349,0.70023282887078,0.6968878832856877,0.7036102245462007,0.70023282887078,4.0059865907181143e-07,0.6405909061431885,45476
309,MLP,mfe,100,0.001,32,adamw,1e-5,,,,,,,,,,,0,GlorotUniform,0.0,,,,,,,,,,,0.7023255813953488,0.7011277688092248,0.7341087021772148,0.7023255813953488,0.7208963911525029,0.7170167360816465,0.7504800943950004,0.7208963911525029,4.2887621147688043e-07,0.6293244361877441,45233
310,MLP,mfe,100,0.001,32,adamw,1e-5,,,,,,,,,,,0,GlorotUniform,0.2,,,,,,,,,,,0.6802325581395349,0.6757705656427395,0.7070419467143731,0.6802325581395349,0.6746216530849826,0.665430759821973,0.6944415776990857,0.6746216530849826,3.958857336709666e-07,0.631227970123291,45218
311,MLP,mfe,100,0.001,32,adamw,1e-5,,,,,,,,,,,0,GlorotUniform,0.5,,,,,,,,,,,0.8232558139534883,0.822601367978717,0.832670616780888,0.8232558139534883,0.8477881257275902,0.848842910284257,0.8567771008800533,0.8477881257275902,3.210333890693132e-07,0.6324613094329834,45604
312,MLP,mfe,100,0.001,32,adamw,1e-5,,,,,,,,,,,0,HeNormal,0.0,,,,,,,,,,,0.8104651162790698,0.8144782602055998,0.8257827949566624,0.8104651162790698,0.8667054714784633,0.869063234549705,0.874463274734399,0.8667054714784633,2.9580537662949674e-07,0.6367144584655762,45666
313,MLP,mfe,100,0.001,32,adamw,1e-5,,,,,,,,,,,0,HeNormal,0.2,,,,,,,,,,,0.6395348837209303,0.632318565315596,0.6627610419398743,0.6395348837209303,0.6693830034924331,0.6609581284684649,0.6949925600230697,0.6693830034924331,4.133512807446857e-07,0.6340856552124023,45130
314,MLP,mfe,100,0.001,32,adamw,1e-5,,,,,,,,,,,0,HeNormal,0.5,,,,,,,,,,,0.7837209302325582,0.7836425195014273,0.7945684778049538,0.7837209302325582,0.8154831199068685,0.8151877182189997,0.8264410599937424,0.8154831199068685,2.8249829314475835e-07,0.6283836364746094,45737
315,MLP,mfe,100,0.001,32,adamw,1e-5,,,,,,,,,,,1,HeNormal,0.0,,,,,,,,,,,0.07441860465116279,0.010309070774187053,0.005538128718226068,0.07441860465116279,0.08556461001164144,0.013488469353041599,0.00732130248644429,0.08556461001164144,4.3552975321924965e-07,1.2507386207580566,96145
316,MLP,mfe,100,0.001,32,adamw,1e-5,,,,,,,,,,,1,HeNormal,0.2,,,,,,,,,,,0.07441860465116279,0.010353892821031345,0.005564007824386002,0.07441860465116279,0.08672875436554132,0.015813494301092128,0.10187447101708329,0.08672875436554132,4.31925751442133e-07,1.0944406986236572,96403
317,MLP,mfe,100,0.001,32,adamw,1e-5,,,,,,,,,,,1,HeNormal,0.5,,,,,,,,,,,0.08953488372093023,0.01471544513663101,0.008016495402920498,0.08953488372093023,0.08178114086146682,0.012365079678273973,0.006688155000603078,0.08178114086146682,4.308168278184048e-07,1.2806599140167236,96318
318,MLP,mfe,100,0.001,32,adamw,1e-5,,,,,,,,,,,1,RandomNormal,0.0,,,,,,,,,,,0.29651162790697677,0.2280140173912989,0.22105476836954388,0.29651162790697677,0.3084982537834691,0.2409671916376861,0.23964341413469376,0.3084982537834691,1.0296355846316316e-06,1.4686143398284912,96261
319,MLP,mfe,100,0.001,32,adamw,1e-5,,,,,,,,,,,1,RandomNormal,0.2,,,,,,,,,,,0.16162790697674417,0.13805217898740146,0.15885530086651095,0.16162790697674417,0.17258440046565773,0.14839181306356522,0.17516265303766704,0.17258440046565773,4.798866981683775e-07,1.0939760208129883,96354
320,MLP,mfe,100,0.001,32,adamw,1e-5,,,,,,,,,,,1,RandomNormal,0.5,,,,,,,,,,,0.17674418604651163,0.1346926218719123,0.23487389985866294,0.17674418604651163,0.18277066356228172,0.13604951818939115,0.16484595830864182,0.18277066356228172,4.1640082070993824e-07,1.0602004528045654,96910
321,MLP,mfe,100,0.001,32,adamw,1e-5,,,,,,,,,,,1,RandomUniform,0.0,,,,,,,,,,,0.0755813953488372,0.012619981467017169,0.10903294799252781,0.0755813953488372,0.08556461001164144,0.013492086534418118,0.007323433869992019,0.08556461001164144,5.433725756268169e-07,1.1247873306274414,96037
322,MLP,mfe,100,0.001,32,adamw,1e-5,,,,,,,,,,,1,RandomUniform,0.2,,,,,,,,,,,0.16744186046511628,0.098638198653906,0.29464094298826904,0.16744186046511628,0.18422584400465658,0.09919351265874227,0.2311125602375332,0.18422584400465658,5.098276360090389e-07,1.442997694015503,95987
323,MLP,mfe,100,0.001,32,adamw,1e-5,,,,,,,,,,,1,RandomUniform,0.5,,,,,,,,,,,0.17209302325581396,0.11292176620612918,0.10368992099663989,0.17209302325581396,0.19732246798603026,0.14723783967357673,0.1477583108824195,0.19732246798603026,4.5687653297601745e-07,1.645064353942871,96108
324,MLP,mfe,100,0.001,32,adamw,1e-5,,,,,,,,,,,1,GlorotUniform,0.0,,,,,,,,,,,0.07441860465116279,0.010309070774187053,0.005538128718226068,0.07441860465116279,0.08556461001164144,0.013488469353041599,0.00732130248644429,0.08556461001164144,1.2408855349518532e-06,3.647404432296753,96248
325,MLP,mfe,100,0.001,32,adamw,1e-5,,,,,,,,,,,1,GlorotUniform,0.2,,,,,,,,,,,0.08953488372093023,0.01471544513663101,0.008016495402920498,0.08953488372093023,0.08178114086146682,0.012365079678273973,0.006688155000603078,0.08178114086146682,3.942223482353743e-07,1.0551908016204834,95991
326,MLP,mfe,100,0.001,32,adamw,1e-5,,,,,,,,,,,1,GlorotUniform,0.5,,,,,,,,,,,0.07441860465116279,0.010309070774187053,0.005538128718226068,0.07441860465116279,0.08556461001164144,0.013488469353041599,0.00732130248644429,0.08556461001164144,4.144602043684139e-07,1.0996534824371338,95760
327,MLP,mfe,100,0.001,32,adamw,1e-5,,,,,,,,,,,1,HeNormal,0.0,,,,,,,,,,,0.08139534883720931,0.012266252784940045,0.006632915504778406,0.08139534883720931,0.08440046565774156,0.014131444915688244,0.17350225743659073,0.08440046565774156,4.4523283492687134e-07,1.056283712387085,95885
328,MLP,mfe,100,0.001,32,adamw,1e-5,,,,,,,,,,,1,HeNormal,0.2,,,,,,,,,,,0.12674418604651164,0.06600286313108643,0.054951200017116376,0.12674418604651164,0.14377182770663563,0.08170075816707037,0.08211328649210542,0.14377182770663563,4.2194543882857923e-07,1.029052972793579,95429
329,MLP,mfe,100,0.001,32,adamw,1e-5,,,,,,,,,,,1,HeNormal,0.5,,,,,,,,,,,0.07441860465116279,0.010309070774187053,0.005538128718226068,0.07441860465116279,0.08556461001164144,0.013488469353041599,0.00732130248644429,0.08556461001164144,4.2554944060569587e-07,1.1188645362854004,95898
330,MLP,mfe,100,0.001,32,adamw,1e-5,,,,,,,,,,,2,HeNormal,0.0,,,,,,,,,,,0.08604651162790698,0.013634779144464917,0.00740400216333153,0.08604651162790698,0.08265424912689173,0.012620326210772715,0.006831724898730283,0.08265424912689173,9.043272151503452e-07,2.824678421020508,222900
331,MLP,mfe,100,0.001,32,adamw,1e-5,,,,,,,,,,,2,HeNormal,0.2,,,,,,,,,,,0.08139534883720931,0.012253063265816454,0.00662520281233099,0.08139534883720931,0.08381839348079162,0.012964391687684203,0.0070255230857008116,0.08381839348079162,6.489975507869277e-07,2.7401843070983887,223235
332,MLP,mfe,100,0.001,32,adamw,1e-5,,,,,,,,,,,2,HeNormal,0.5,,,,,,,,,,,0.08139534883720931,0.012253063265816454,0.00662520281233099,0.08139534883720931,0.08381839348079162,0.012964391687684203,0.0070255230857008116,0.08381839348079162,4.3575153794399525e-06,2.6096599102020264,224176
333,MLP,mfe,100,0.001,32,adamw,1e-5,,,,,,,,,,,2,RandomNormal,0.0,,,,,,,,,,,0.07790697674418605,0.011273795770756944,0.006076562796112298,0.07790697674418605,0.08440046565774156,0.013183325553624689,0.007150083116856709,0.08440046565774156,1.3495600500772165e-06,2.4972355365753174,219995
334,MLP,mfe,100,0.001,32,adamw,1e-5,,,,,,,,,,,2,RandomNormal,0.2,,,,,,,,,,,0.14418604651162792,0.05548540225921824,0.03496953389117138,0.14418604651162792,0.14813736903376018,0.059423535642606724,0.040725635051866896,0.14813736903376018,1.4160954675009084e-06,2.768332004547119,220206
335,MLP,mfe,100,0.001,32,adamw,1e-5,,,,,,,,,,,2,RandomNormal,0.5,,,,,,,,,,,0.08488372093023255,0.013493867559263607,0.007329516159670023,0.08488372093023255,0.08265424912689173,0.012664584166192205,0.006857670684206033,0.08265424912689173,5.1473462304403614e-06,2.64914608001709,220454
336,MLP,mfe,100,0.001,32,adamw,1e-5,,,,,,,,,,,2,RandomUniform,0.0,,,,,,,,,,,0.09069767441860466,0.015084048197550454,0.008226068144943213,0.09069767441860466,0.08149010477299184,0.012280532473863142,0.006640637175913189,0.08149010477299184,3.5829322282658066e-06,3.8117525577545166,221247
337,MLP,mfe,100,0.001,32,adamw,1e-5,,,,,,,,,,,2,RandomUniform,0.2,,,,,,,,,,,0.07441860465116279,0.010309070774187053,0.005538128718226068,0.07441860465116279,0.08556461001164144,0.013488469353041599,0.00732130248644429,0.08556461001164144,9.464663128520167e-07,3.2950541973114014,221015
338,MLP,mfe,100,0.001,32,adamw,1e-5,,,,,,,,,,,2,RandomUniform,0.5,,,,,,,,,,,0.06627906976744186,0.008239709872942608,0.0043929150892374254,0.06627906976744186,0.08760186263096624,0.01411194040777139,0.007674086336414679,0.08760186263096624,1.744891321936319e-06,3.0543508529663086,221084
339,MLP,mfe,100,0.001,32,adamw,1e-5,,,,,,,,,,,2,GlorotUniform,0.0,,,,,,,,,,,0.08837209302325581,0.014351023653349235,0.0078096268253109785,0.08837209302325581,0.08207217694994179,0.012449894513116507,0.006735842229302557,0.08207217694994179,3.535525743351426e-06,2.3558154106140137,223749
340,MLP,mfe,100,0.001,32,adamw,1e-5,,,,,,,,,,,2,GlorotUniform,0.2,,,,,,,,,,,0.08604651162790698,0.013634779144464917,0.00740400216333153,0.08604651162790698,0.08265424912689173,0.012620326210772715,0.006831724898730283,0.08265424912689173,4.476447438084802e-06,2.7195472717285156,222905
341,MLP,mfe,100,0.001,32,adamw,1e-5,,,,,,,,,,,2,GlorotUniform,0.5,,,,,,,,,,,0.07790697674418605,0.011261634178771228,0.006069497025419146,0.07790697674418605,0.08469150174621654,0.013225235850898315,0.007172650468029397,0.08469150174621654,8.197717888410702e-07,2.4037065505981445,223184
342,MLP,mfe,100,0.001,32,adamw,1e-5,,,,,,,,,,,2,HeNormal,0.0,,,,,,,,,,,0.07790697674418605,0.011261634178771228,0.006069497025419146,0.07790697674418605,0.08469150174621654,0.013225235850898315,0.007172650468029397,0.08469150174621654,4.677994306697402e-06,3.5458109378814697,222998
343,MLP,mfe,100,0.001,32,adamw,1e-5,,,,,,,,,,,2,HeNormal,0.2,,,,,,,,,,,0.07790697674418605,0.011261634178771228,0.006069497025419146,0.07790697674418605,0.08469150174621654,0.013225235850898315,0.007172650468029397,0.08469150174621654,2.043164053628611e-05,2.825364112854004,223744
344,MLP,mfe,100,0.001,32,adamw,1e-5,,,,,,,,,,,2,HeNormal,0.5,,,,,,,,,,,0.07790697674418605,0.011261634178771228,0.006069497025419146,0.07790697674418605,0.08469150174621654,0.013225235850898315,0.007172650468029397,0.08469150174621654,4.2909799620162605e-06,2.6584036350250244,223553
345,MLP,mfe,100,0.001,32,adamw,1e-5,,,,,,,,,,,3,HeNormal,0.0,,,,,,,,,,,0.07790697674418605,0.011261634178771228,0.006069497025419146,0.07790697674418605,0.08469150174621654,0.013225235850898315,0.007172650468029397,0.08469150174621654,6.835682447566542e-06,5.625122547149658,568933
346,MLP,mfe,100,0.001,32,adamw,1e-5,,,,,,,,,,,3,HeNormal,0.2,,,,,,,,,,,0.07790697674418605,0.011261634178771228,0.006069497025419146,0.07790697674418605,0.08469150174621654,0.013225235850898315,0.007172650468029397,0.08469150174621654,8.168331412381905e-06,7.415058612823486,568193
347,MLP,mfe,100,0.001,32,adamw,1e-5,,,,,,,,,,,3,HeNormal,0.5,,,,,,,,,,,0.08139534883720931,0.012253063265816454,0.00662520281233099,0.08139534883720931,0.08381839348079162,0.012964391687684203,0.0070255230857008116,0.08381839348079162,2.0233420438544695e-05,6.503705978393555,567123
348,MLP,mfe,100,0.001,32,adamw,1e-5,,,,,,,,,,,3,RandomNormal,0.0,,,,,,,,,,,0.1127906976744186,0.05006589260071307,0.186074265408418,0.1127906976744186,0.10739231664726426,0.05133981980758468,0.17448847342294754,0.10739231664726426,6.932158802830896e-06,5.97540807723999,551704
349,MLP,mfe,100,0.001,32,adamw,1e-5,,,,,,,,,,,3,RandomNormal,0.2,,,,,,,,,,,0.10116279069767442,0.03652112007593735,0.030031335442843542,0.10116279069767442,0.09371362048894064,0.03271689730420673,0.08557036702093343,0.09371362048894064,8.154747097991234e-06,5.37412428855896,552824
350,MLP,mfe,100,0.001,32,adamw,1e-5,,,,,,,,,,,3,RandomNormal,0.5,,,,,,,,,,,0.08953488372093023,0.02579916157091486,0.062125053648921465,0.08953488372093023,0.08818393480791618,0.02662636629142139,0.07247379618811389,0.08818393480791618,6.9005544795546425e-06,5.98090386390686,551968
351,MLP,mfe,100,0.001,32,adamw,1e-5,,,,,,,,,,,3,RandomUniform,0.0,,,,,,,,,,,0.08837209302325581,0.018267685444051357,0.17952294374643835,0.08837209302325581,0.08410942956926659,0.015524718526237066,0.14770713808232258,0.08410942956926659,9.021093679028888e-07,5.140449047088623,556238
352,MLP,mfe,100,0.001,32,adamw,1e-5,,,,,,,,,,,3,RandomUniform,0.2,,,,,,,,,,,0.07790697674418605,0.011261634178771228,0.006069497025419146,0.07790697674418605,0.08527357392316648,0.01438812454109378,0.04222384823167796,0.08527357392316648,7.022813309070676e-06,7.228945732116699,555139
353,MLP,mfe,100,0.001,32,adamw,1e-5,,,,,,,,,,,3,RandomUniform,0.5,,,,,,,,,,,0.07790697674418605,0.011261634178771228,0.006069497025419146,0.07790697674418605,0.08469150174621654,0.013225235850898315,0.007172650468029397,0.08469150174621654,6.995367449383403e-06,8.529104709625244,555306
354,MLP,mfe,100,0.001,32,adamw,1e-5,,,,,,,,,,,3,GlorotUniform,0.0,,,,,,,,,,,0.07441860465116279,0.010309070774187053,0.005538128718226068,0.07441860465116279,0.08556461001164144,0.013488469353041599,0.00732130248644429,0.08556461001164144,9.13780789042628e-06,5.179443120956421,570728
355,MLP,mfe,100,0.001,32,adamw,1e-5,,,,,,,,,,,3,GlorotUniform,0.2,,,,,,,,,,,0.07790697674418605,0.011261634178771228,0.006069497025419146,0.07790697674418605,0.08469150174621654,0.013225235850898315,0.007172650468029397,0.08469150174621654,2.0999132200729015e-05,5.542867422103882,568880
356,MLP,mfe,100,0.001,32,adamw,1e-5,,,,,,,,,,,3,GlorotUniform,0.5,,,,,,,,,,,0.08953488372093023,0.01471544513663101,0.008016495402920498,0.08953488372093023,0.08178114086146682,0.012365079678273973,0.006688155000603078,0.08178114086146682,4.671340764955033e-06,5.632805347442627,563758
357,MLP,mfe,100,0.001,32,adamw,1e-5,,,,,,,,,,,3,HeNormal,0.0,,,,,,,,,,,0.08139534883720931,0.012253063265816454,0.00662520281233099,0.08139534883720931,0.08381839348079162,0.012964391687684203,0.0070255230857008116,0.08381839348079162,7.0558037868765896e-06,5.894583702087402,566440
358,MLP,mfe,100,0.001,32,adamw,1e-5,,,,,,,,,,,3,HeNormal,0.2,,,,,,,,,,,0.07441860465116279,0.010309070774187053,0.005538128718226068,0.07441860465116279,0.08556461001164144,0.013488469353041599,0.00732130248644429,0.08556461001164144,6.962376971577489e-06,6.4636170864105225,567550
359,MLP,mfe,100,0.001,32,adamw,1e-5,,,,,,,,,,,3,HeNormal,0.5,,,,,,,,,,,0.08953488372093023,0.01471544513663101,0.008016495402920498,0.08953488372093023,0.08178114086146682,0.012365079678273973,0.006688155000603078,0.08178114086146682,2.1116678104844204e-05,4.94390606880188,568117
